476
1579
1582
1583
100
675
1580
1581
1880
1881
12594
12690
12850
13470
13585
14655
15387
15632
15927
16253
16697
16985
17089
81284
82900
83303
83419
83764
83799
83912
84737
85748
68026
69143
69840
69994
70256
70800
71230
71314
71643
71748
71900
71920
71935
72013
72015
73282
73474
73621
73673
73726
75451
78342
79385
79729
80041
19506
19590
19625
20278
20316
20463
20597
20852
20853
20915
21035
21075
21138
21142
21145
21773
22148
22266
22270
22476
22538
22623
22779
24724
24782
24796
25397
25595
25615
25711
48860
49179
49227
49892
50543
36025
36457
36957
40175
41915
60135
60621
62341
63382
64154
64395
64905
65490
27681
27702
27724
28474
28534
28543
28563
28604
28624
28628
28636
28638
28814
28956
29907
29913
30077
30079
30082
30086
30087
30119
32631
33523
34079
52163
53453
54040
54760
55238
55413
55651
56914
57618
57857
58268
58500
58512
58552
58608
58637
58640
58845
58934
58981
52490
54625
54661
55525
55567
55638
57331
57352
57393
58815
69828
69974
69985
69988
69997
70990
71411
71635
72021
72176
73688
74751
75154
75221
77599
79347
12379
13005
13098
13122
13179
13259
14580
15005
15229
15278
15599
15747
15793
15995
16262
16461
16582
16925
17091
17166
82457
82617
82708
82780
83153
83181
83261
83276
83304
83793
83797
83806
84094
84622
84649
84653
20289
20295
20675
21122
21126
21593
21651
21842
22375
24737
24778
24810
24927
24976
25560
27045
27806
28259
28317
28550
28580
28688
28694
28703
28843
28948
29133
29923
30074
30080
30083
30090
30096
30118
30124
34197
35609
35622
36229
36252
36307
36393
36409
36417
36440
36455
36463
37543
39166
39875
42486
59677
61639
62430
62511
65020
65651
66442
66951
67758
59805
59813
59927
59980
59989
60110
60155
61160
65580
65622
66003
66690
66875
66970
67398
67413
67417
80239
80403
80513
81282
82403
82418
82485
82607
82613
82857
83788
83796
83801
83910
84089
84560
84627
84640
84648
84689
68320
69563
69962
69971
69983
70264
70344
71237
71950
73451
73507
73708
74529
75060
75102
75105
75113
75230
80100
80159
46392
46872
47815
49060
49365
50140
50685
51733
53137
53317
53599
53760
53884
54164
54462
54685
54839
54902
55623
55644
55817
56741
56900
58125
58363
58397
58616
58762
58865
58936
1904
1905
12358
12457
13871
13990
14255
14952
15461
15733
15823
16366
16795
16861
17097
17276
35620
35626
36431
36894
36903
36911
37519
37529
39776
40662
41060
41597
43210
18516
18996
19405
20481
20528
20642
20724
20796
20868
20905
20990
21029
21104
21125
21141
21143
21531
22255
22501
22548
22624
22757
22758
22764
23912
24804
24823
25124
25189
25500
25502
25552
25553
25556
25569
25580
25584
25606
25613
25622
25627
25694
26232
26551
27353
28051
28243
28356
28405
28540
28571
28698
28939
28944
29122
29126
30073
30102
30114
33873
27952
28248
28422
28497
28514
28583
28615
28627
28640
28938
28947
28949
29117
29176
29921
30088
30098
30104
30111
30125
30127
53380
54013
54015
54752
54835
55348
55552
58538
67971
68214
68495
68650
68890
69259
69846
69886
69944
69953
69965
69980
69991
70789
70828
71074
71810
71862
71912
72011
72425
74630
74989
75212
59822
59925
60030
60115
62242
62268
62353
62425
63682
65047
65641
65654
65784
66388
66486
66506
66620
66840
67127
67199
67357
67396
67626
80384
81279
81295
81300
81306
82331
82963
82996
83149
83254
83785
83804
83833
84642
84663
84696
85664
45933
48482
48982
51653
19016
20276
20298
20308
20314
20872
20996
21624
21676
21836
21886
22291
22593
24467
24556
24768
24788
24791
24792
24798
25504
25621
25650
13476
13580
14058
14651
14869
15276
15318
15351
15694
15911
16539
16695
16912
35580
35819
36346
36371
36733
36887
36932
36964
37255
37459
40133
35596
35607
36070
36237
36270
36301
36373
36433
36443
36844
36898
36978
37546
38323
39493
80217
80383
80428
80626
82795
82796
83776
83800
84136
84238
84652
84680
84685
84691
84692
85721
69033
69234
69741
69857
69882
69925
69934
69941
69956
69959
70006
70172
71130
71385
71639
71814
72006
73509
73522
73611
73728
73763
74866
74896
75025
75094
75149
75151
77850
79601
79953
79971
27739
27808
27954
28043
28116
28240
28277
28522
28594
28602
28619
28621
28683
30084
30099
52129
52489
53547
54026
54068
54112
54169
54212
54624
54653
54735
54756
54921
55405
55489
55875
57113
57610
57887
57924
57945
58084
58174
58233
58486
58496
58599
58605
58693
58746
58774
58830
58871
58883
58888
58909
58925
58993
59002
59019
59803
60186
62194
62347
63245
63771
63862
64059
64147
64308
64760
64871
64878
65534
65647
65834
66005
66966
67042
67148
67632
13097
13609
13717
14149
14269
14352
14639
14913
15128
15270
15425
15575
15639
15921
16024
16510
16554
16904
16906
16917
17280
44907
45992
46936
48127
49380
49508
20271
20282
20294
20472
20732
20759
20901
21022
21073
21381
21536
21987
22528
22592
22661
22685
22741
22789
24784
24800
20310
21257
21685
21742
21883
22321
22405
22587
22620
24726
24780
25887
52036
53128
54023
55428
55494
55548
55600
57667
58546
59118
68260
68420
69255
69469
69855
69860
69863
69866
69876
69928
69947
69950
69968
69982
70679
71618
71700
71824
71902
72289
75067
75217
78290
78984
35613
36309
36375
36424
36465
37451
37508
37525
40580
40754
43359
80508
80631
80957
81076
81302
83238
83413
83767
83798
83805
84113
84634
84637
84643
84647
84668
84682
84684
84686
84688
84700
85054
85299
85617
85738
85751
27666
28146
28483
28559
28916
28951
29130
29193
30085
30101
30109
30115
34469
44814
45220
49113
49460
59875
59978
61899
62239
62931
62957
63452
65384
65556
65607
66747
66783
66788
67121
67404
67554
1886
1887
12430
13467
13939
14025
14802
14867
15029
15188
15217
15513
15656
16430
17134
17176
101
1973
12432
12583
12806
12957
13390
13667
14073
14139
14430
14994
15559
16275
16388
16692
80533
80582
80660
81700
82393
82397
82479
82509
82514
82535
82538
82551
83333
83335
83915
84119
84632
84687
84695
84793
84826
85630
85750
68348
68843
68925
69313
69562
69830
69869
69872
69904
69922
69931
69938
69975
70627
70837
70967
71072
71207
71488
71619
71927
71943
73175
73714
74294
74578
74843
75095
75317
75404
78352
19029
19729
19781
19938
20020
20209
20269
20286
20403
20553
20587
20643
20682
20746
20749
20900
21006
21031
21034
21078
21080
21082
21113
21128
21156
21169
21384
21519
21545
21720
21800
21814
22182
22594
22697
22736
22767
22781
24802
24892
24923
25001
25031
25409
25462
25596
25599
25602
25609
25612
25633
25828
26149
26330
51721
53124
53141
53589
53794
54011
54091
55352
55417
55619
57715
58438
58613
58714
58902
59171
35741
36261
36291
36379
36438
36442
36451
36744
36890
37487
37497
37548
38196
41490
59885
61340
62167
62269
62283
62309
62556
62809
63440
65592
65616
66094
66292
66883
67129
67156
67213
67388
67505
67605
27472
27663
27756
27919
28030
28120
28597
28616
28631
28691
29136
33549
45986
47107
48306
48642
48685
48846
48907
49512
46878
47076
48340
49565
50384
53466
54473
54722
55246
55436
55563
55581
55604
57144
58595
58652
68344
68384
68477
68865
69137
69217
69508
69607
69977
70582
70687
70718
70758
71006
71185
71627
71633
71779
72009
72033
72373
74339
74712
75070
78963
79128
79497
80157
102
11380
12707
14235
14394
14472
14524
14536
14825
14976
15053
15369
15383
15583
15660
15868
16477
16527
16653
16868
80504
80635
81221
81278
81283
82415
82889
82949
83274
83282
83760
83783
83803
84124
84128
84145
84650
84659
84664
84674
84694
84742
85672
19014
19570
20201
20223
20274
20280
20290
20300
21048
21582
22185
22338
22361
22524
22906
24675
24715
24762
24790
24943
25238
25590
25619
26292
26626
26929
27750
28067
28171
28592
28612
28680
28809
28915
28934
28946
28952
29087
29107
34233
35624
35635
36133
36224
36350
36395
36396
36421
36453
36625
36875
36909
37514
39283
40572
43275
60995
62180
63674
64200
64332
64364
64425
65450
65632
65927
66332
66839
66873
66973
67008
67092
67312
67313
67369
67381
67579
60037
60202
60541
60938
63068
63264
63270
63407
64812
64846
64848
65429
65518
65555
65601
65604
65610
65613
65635
66640
66725
66751
66768
66810
67258
67751
67846
80526
80799
81304
81305
82566
82588
82608
83107
83139
83151
83407
83914
84149
84160
84190
84290
84524
84608
84651
84998
67969
68087
69097
69285
69681
69907
69910
70166
70877
71183
71629
71685
71826
73328
73568
73651
74561
74657
77031
77465
78030
78267
79847
80202
45484
47093
48512
49741
50063
50378
50487
50527
51256
51333
52133
53384
53612
53653
54072
54077
54610
55616
57266
58619
58631
58918
58928
58987
59017
59266
103
1912
1913
12724
13115
14119
14168
14312
14448
14502
14675
14769
15157
15459
15641
15929
16162
16320
16576
16714
17238
35590
35602
35614
35616
35898
36235
36254
36415
36430
36449
37491
37505
37517
37533
37537
37585
37664
37885
39362
20256
20501
20620
20771
21041
21093
21362
21732
21984
22562
22585
24625
24712
24743
24748
24766
25582
26973
27820
28053
28154
28279
28518
28566
28568
28678
28690
28705
28940
29102
29123
30106
34081
26926
27169
27232
27282
27692
27883
28004
28204
28326
28548
28696
28945
29093
29113
29125
29905
29911
30105
30194
52853
53388
54198
54302
54466
54924
55522
55595
57607
58082
58385
58523
58587
58641
58695
58792
59109
68249
68270
68311
68314
68393
69103
69671
69902
70052
70262
70890
70977
71367
71386
71931
73165
73493
79426
59944
59961
59967
60182
60669
61009
61031
61753
62036
62106
63114
65164
65251
65368
65574
65988
66226
66694
66997
67045
67809
80328
80452
80490
80581
81035
81070
81206
81235
81269
81299
82763
83039
83095
83272
83325
83757
83765
83769
83784
83789
83941
84144
84610
84624
84644
84646
84655
84678
84679
84681
84736
84959
85675
45487
49192
50988
20230
20261
20312
20695
22208
22261
22363
22601
22730
23098
24730
24749
24808
24982
25416
25608
26375
838
12545
13344
13451
13657
13665
13946
14227
14247
14458
14516
14566
14720
14988
15605
16754
16823
16827
17087
35453
35569
35587
36355
36386
36391
36400
36426
36520
36729
36798
36881
37482
37506
42380
35033
35600
36262
36428
36447
36461
36920
37073
37447
37531
37881
40069
41708
43575
80553
80562
80579
80592
80919
81222
81276
81280
81297
82179
82190
82388
82572
82586
82752
83354
83755
83762
84234
84337
84670
84671
84677
84683
85734
68328
68692
69066
69711
69895
69919
70015
70267
70389
71151
71153
71652
72360
72610
72936
73244
73326
73418
73468
73513
73637
73649
73659
73667
73722
73979
74215
74246
74259
74416
74553
74966
74969
75117
75177
75307
75396
75438
77573
77633
77753
78906
79222
79344
80126
80161
28061
28104
28129
28467
28614
28661
28917
28935
28950
30103
30107
30110
30121
52706
53246
53639
53840
53857
54180
54186
54195
54253
54628
54750
54789
54881
56131
57840
58050
58096
58128
58440
58569
58610
58681
58756
58769
58851
58868
59745
59949
60093
60322
60464
60724
61471
62177
62333
62380
62408
62499
62565
62759
63030
63815
64758
64882
65282
65293
65329
65643
66013
66586
66935
66959
66993
67118
67140
67153
67325
67349
67351
104
105
106
107
477
478
479
480
481
839
1882
1883
1906
1907
13263
13472
13703
13980
13994
14468
14574
14645
14661
14914
15145
15365
15950
16210
16434
17043
17288
43666
44374
44382
48653
49106
49454
49963
49992
18322
19382
19645
20021
20205
20251
20468
20469
20525
20779
20803
20877
20904
20919
20940
20942
20961
20984
21010
21026
21040
21042
21068
21085
21123
21129
21570
21719
22020
22029
22238
22694
22715
22716
22902
22932
24772
25303
25310
25342
25383
25530
25543
25550
25588
25605
25610
25844
26323
19031
19584
20245
20293
20302
21579
21759
22578
24705
24706
24758
24774
24776
24786
24794
24918
25028
25482
55608
57168
57708
57930
58520
58625
67955
68129
68139
68555
68566
69195
69424
69488
69808
69848
69879
69901
69913
69916
69917
69984
70055
70158
70431
71795
71801
71876
71966
71976
72008
72134
72828
73191
75097
35471
35573
36356
36407
36435
37301
37455
37457
37461
37463
80480
80509
80646
80827
81108
81274
81291
82178
82945
83415
83787
83942
84131
84618
84621
84629
84660
84667
85024
85151
85647
27033
27787
27868
28304
28460
28657
28682
28697
28704
28817
28914
29092
29135
29855
30078
30123
33746
34182
34493
34738
47798
48911
49476
49838
50520
50699
60203
61182
61387
61489
62251
62729
64276
64750
65334
65528
65537
65546
65549
65589
65657
65833
66101
66367
66795
67044
67075
67296
67346
67407
67685
108
109
12395
12503
13207
13334
13974
14054
14556
15483
15533
15553
16685
17110
12376
12761
13251
13803
13956
14068
14486
14500
14981
15791
15954
16715
80264
80507
80571
81039
81122
83114
83572
84044
84130
84242
84612
84616
84666
85830
68175
68924
68948
69204
69707
69728
69787
69889
69898
71670
71890
71893
72302
72833
73178
73514
73613
73676
75044
75136
75153
75444
77270
78840
79832
80038
80128
19030
19189
20185
20241
20264
20728
20805
20863
20928
20991
21566
22438
22588
22674
24504
24570
24714
24722
24741
24928
24936
24999
25021
26528
52104
52628
54158
54159
54664
54851
54975
56381
57541
58593
58795
58803
58836
58854
58885
58899
58957
58999
59011
59141
59314
35115
35578
36285
36361
36499
36548
36683
37250
37445
37469
37471
37478
37523
37777
37883
39096
39557
40485
41807
59669
59717
60067
60510
61379
61429
62200
62358
63505
64233
64756
65519
65723
65912
66109
67103
67151
67300
67310
67330
67334
67817
27317
27426
27958
28057
28087
28225
28532
28542
28667
28673
28687
28692
28701
28921
28927
28930
29129
30097
46697
48360
48414
49706
49921
45889
47537
48384
48956
49280
49856
54649
54693
55517
55610
57240
57881
58038
58273
58517
58535
58962
67972
68000
68050
68365
68616
68864
69043
69477
69649
69852
69892
70026
70315
70509
70984
71771
71930
72118
72535
73379
73633
75128
79534
79749
79903
80013
110
12384
12527
12839
12908
13944
14366
14615
15557
15817
15886
15991
16452
16647
16898
16997
17168
80308
80339
80377
80390
80612
80648
81271
82530
82766
82767
83099
83283
83807
84147
84544
19377
20232
20267
20510
20641
20861
20998
21018
21772
21817
22001
22612
24385
24764
24831
25604
26574
26768
27109
27913
28168
28310
28505
28662
28689
28920
28929
29097
29121
29131
29881
30075
33971
34415
35584
36072
36076
36080
36083
36323
36348
36381
36410
37521
37539
37544
41511
59997
61534
61573
61641
61668
61938
62323
62412
62962
63968
64721
64728
64732
65158
65513
65552
66391
66910
67384
67400
67533
67741
60735
60905
61863
62717
63174
63319
63554
63654
63926
64810
65092
65434
65538
65728
66221
66580
66720
66945
66994
67337
67366
67500
80252
80622
80633
80920
81079
81184
81207
81213
81272
82168
82427
82526
82540
83420
83786
83795
83830
83911
83947
83948
84105
84287
84595
85686
85718
85917
67947
68017
68414
68584
68653
68885
68989
69073
69100
69149
69824
70742
70769
70907
71301
71332
71818
73334
73518
74232
75355
77208
80158
46800
48452
48528
49009
49109
49348
49884
50234
50295
51757
53763
53939
54319
54371
54445
54619
54709
55307
55326
55355
57712
57838
58047
58467
58566
58628
58634
58827
58963
59368
111
1974
1975
12272
12364
12367
13193
13480
14889
15077
16144
17051
17093
36272
36459
37434
37527
37535
38896
42232
42431
19926
20026
20031
20135
20199
20203
20593
20617
20699
20776
20822
20849
20897
20907
20970
21000
21013
21032
21402
22181
22216
22617
22622
22687
22766
24663
24728
24735
24916
24989
24992
25046
25211
25533
26161
26531
27047
27151
28093
28567
28596
28601
28630
28648
28668
28676
28912
28931
29075
29082
27243
27394
27821
27827
28553
28622
28681
28954
28955
28994
29109
29120
30108
30126
34710
53655
54338
54366
54408
54893
55455
55559
56057
56091
56402
56587
57387
58548
58658
58859
59397
68077
68253
68294
68701
68814
69854
70187
70303
70338
70495
70535
70804
71045
71434
71761
71846
72426
73971
75042
75167
77264
79989
59839
59939
60229
60698
60979
61405
61506
61593
62094
62211
62220
62887
63298
65628
65638
66276
66775
66881
66901
67055
67318
67377
67393
67401
67654
67854
81288
82856
82994
83669
83754
83777
84106
84132
84165
84606
84639
84983
48176
48977
48979
51588
20247
20824
20964
22709
22776
24500
24716
24756
24926
25005
25027
26651
112
113
840
841
1892
1893
11381
11476
12306
12703
12811
13340
13504
13526
14845
14992
15225
15505
15943
16043
16158
16308
16372
16857
16948
35332
36209
36227
37466
37553
37554
37560
39097
40801
41076
42263
35598
35838
36036
36276
36411
36445
36761
37374
37443
42710
80545
81135
81296
82501
82504
83117
83778
84162
84628
84631
84638
84665
84690
85694
85714
85753
68075
68098
68164
68178
68635
68675
68818
68824
69131
69724
70029
70178
70464
70952
70982
71131
71178
71206
71275
71625
71631
71745
71804
72070
74605
74922
75299
76147
78801
27669
27885
28106
28323
28536
28611
28936
29090
29108
29124
29903
30091
30100
30425
34298
51903
52613
54003
54543
54597
54708
54834
55287
55295
55496
55500
55529
55613
55988
57073
57385
57831
57988
58000
58253
58270
58789
58931
58939
58951
58961
58978
58984
59445
59879
60381
60952
61369
61906
62005
62101
62188
62314
62851
63454
63586
63910
64289
65424
65521
65539
65611
65891
65952
67021
67101
67320
67726
67787
114
115
116
12730
13284
13468
13623
14693
14748
14789
15199
15686
16116
16270
16773
17101
44695
44914
47969
49912
51472
20908
21437
21495
21650
22019
22127
22180
22219
22744
22782
22785
23056
24723
24757
24893
24919
24994
25000
25006
25015
25037
25045
25769
25936
20217
20355
21988
22173
22560
22966
22972
24510
24700
24747
25033
25035
51685
52097
53002
53917
55131
56650
56928
57375
57657
57822
59087
59155
67974
68429
68964
69327
69437
69513
69558
69813
70173
70610
70918
71414
71457
71570
71727
71969
71994
73125
74815
74985
75091
78593
79327
80151
35181
36357
37392
37453
37558
39581
40888
80245
80269
81285
81778
82421
83108
83756
83770
83779
83837
84120
84143
84155
84158
84739
84972
85526
27129
27374
28507
28918
28919
29095
29118
33760
45498
47554
48042
49672
60536
60782
61779
61859
62566
62642
63032
63604
63672
64135
64449
65444
65522
65531
65563
65614
66120
66327
66584
66636
66676
66797
67217
67576
67675
117
842
1932
1933
12637
13518
14400
14857
14911
15219
15815
16110
16643
16744
16849
16973
118
119
843
844
845
846
847
11586
13896
14350
15051
15057
16230
16360
16394
16412
16939
80337
80436
81289
81303
82290
82554
83392
83791
84109
84292
84396
84613
84633
84645
84662
68242
69034
69384
69603
70242
70607
71018
71503
71650
71769
71892
72017
72452
73647
73724
74271
74332
75174
75181
79684
80074
19459
19706
19762
20139
20227
20505
20513
20552
20607
20628
20924
21054
21065
21070
21081
21146
21724
21966
22579
24657
24708
24938
24945
25020
25029
25344
25514
25586
25597
25607
51893
52526
53323
54519
54838
55051
55059
55093
55195
55358
55424
55508
55872
56204
57275
58244
58352
58708
58798
35618
36365
36419
36687
37613
37886
37991
38322
38413
41469
60865
61376
62723
63617
64224
64418
65210
65427
65561
65846
66301
66326
67304
67530
27173
28588
28707
28815
28937
28943
30137
33405
34056
49586
49772
44627
47403
47816
48761
50283
50287
50435
54019
54127
55115
57379
57646
57709
58062
58177
58749
59297
68405
68511
68845
69127
69832
70715
71699
71996
72037
72890
74659
74888
75031
79683
79837
79900
79969
120
121
848
849
12912
13106
13573
14984
16102
17000
17252
80442
80531
80597
80614
81103
81153
81298
83111
83773
84157
84336
84431
84661
85660
85677
20191
20238
20772
21119
22570
22749
24362
24595
24697
24701
24718
24720
24895
24997
25024
25138
26596
26858
27737
27962
28121
28261
28364
28589
28595
28660
28671
28677
28913
28923
33863
34600
35286
35577
35582
35594
36287
36299
36360
36919
37024
37428
37436
37499
37541
37749
38060
38202
38909
40570
41268
42243
43356
60089
60408
63122
63242
63385
65123
65290
65455
65466
65576
65585
65823
65857
66088
66438
66446
66462
66615
66692
66846
66874
67133
67410
67772
60218
60619
61254
62290
62984
63375
64057
64280
65583
65587
65792
66369
66452
67306
80404
80621
80655
80689
81391
82536
82913
83344
83405
83766
84603
84619
84620
84697
85598
85697
85726
85730
85889
68150
68236
68610
68651
68882
69329
69957
70018
70203
71030
71109
71238
71637
71758
71842
71860
72004
72879
73370
74495
74501
74794
75134
79189
79490
79913
79938
46470
47652
49175
49484
49819
49891
50861
51704
51783
51813
51870
52024
52107
53320
53495
54334
54594
54729
54803
54867
54885
55320
55393
55402
55734
56474
57321
57673
57979
58780
58894
58922
59014
59491
122
123
124
125
126
482
483
484
485
486
850
851
852
853
854
1884
1885
1888
1889
1914
1915
12701
12955
13422
13825
14125
14193
15702
15706
15884
16457
16534
16650
17261
35592
36822
36981
37314
37321
37439
37512
38788
39260
40068
40471
41384
43338
20213
20875
20950
21889
22089
22161
22517
22627
23033
24653
24710
24806
24933
24942
24993
25004
25559
25635
25916
27227
27907
27992
28141
28362
28549
28620
28649
28706
28953
29073
29114
29128
30383
26897
26990
27231
27758
27900
28148
28411
28556
28932
28933
28993
29069
29085
29103
29132
33675
33679
51741
52984
53215
54720
54738
55242
57725
57865
58322
58430
58434
58549
58555
58739
59103
59607
68554
69094
70504
70876
71294
71692
71874
71908
71939
71946
71998
73077
73187
74944
75133
79024
79618
79737
79787
79957
60702
61267
61742
61803
62300
62354
62826
63186
63324
63415
63708
63719
63883
65192
65581
65644
65717
65863
65995
67281
67723
80338
80697
80698
81277
81294
81301
81431
83753
84112
84125
84137
84138
84150
84167
84448
84617
85709
85908
43620
44734
45089
45493
48424
49251
49700
51248
51594
51618
21216
22015
24536
25012
25034
25587
26284
127
855
13655
13711
13898
14263
15107
15184
15291
16390
16420
16448
16475
16742
16765
16799
17073
34890
35603
36035
36247
36363
36367
36865
37456
39384
39389
40059
41130
42160
35571
36615
37429
37441
37480
37930
39287
40926
80576
80690
80694
80699
80886
80888
80891
80898
80902
80953
80968
80970
80991
81005
81006
81051
81077
81094
81113
81115
81132
81145
81147
81148
81158
81181
81191
81197
81270
81567
82307
82339
82577
82623
83054
83103
83460
83780
84053
84163
84164
84636
84693
84701
85574
85645
68064
69716
69752
69757
70099
70185
70531
70721
71211
71212
71408
71467
71742
71840
71922
72561
73449
73502
74172
74313
74326
74565
74870
74882
74942
75086
75090
77245
78084
79697
79796
80147
27508
27568
27738
27757
27850
27912
27966
28164
28408
28462
28600
28942
52154
54596
54713
54854
54871
55027
55075
55150
55445
55574
56111
56409
57152
57894
58514
58635
58690
58765
58784
58970
58996
59218
60440
60586
62049
62318
62634
63181
63266
63337
63380
64822
65080
65345
65414
65566
65595
65907
66100
66183
66252
66513
66864
66952
67088
67293
67374
67556
67571
128
129
856
857
12535
12653
12928
13809
14564
14787
14808
14887
14928
15274
15324
16444
16659
16668
45250
45686
46058
47116
47671
47700
47738
48796
50150
19398
19646
19665
19836
19839
19996
20001
20096
20148
20168
20212
20259
20427
20450
20457
20503
20532
20541
20562
20600
20722
20980
21044
21058
21072
21134
21880
22523
22603
22625
24695
24699
24732
24840
24912
24998
25014
25140
25362
25520
25534
25985
26377
19345
20555
21637
21770
21903
22653
22681
23046
24754
24760
24911
24913
24930
24947
25008
25483
53378
53518
53755
53806
54161
55123
55254
55365
55512
55627
56055
57175
57207
57270
57959
58017
58208
58532
58578
58638
58660
58809
58837
68040
68916
68999
69005
69914
70554
71644
71806
72002
73251
74999
75162
76923
77566
78663
79706
80129
36384
36998
37018
37432
37474
37668
40434
40663
41218
41725
80368
80559
80966
80987
81168
81273
82101
82513
82898
83162
83275
84115
84140
84142
84154
84161
84501
84625
84641
85625
85655
85705
85719
85723
27998
28152
28160
28297
28378
28926
29088
29127
30112
34204
45623
47762
48838
49399
51132
60503
60544
60745
60943
61128
61130
61648
62262
62751
63783
64161
64267
64673
65077
65625
65702
66503
66884
67328
67354
67394
130
858
859
11477
12841
12852
13544
13569
13811
14121
14706
15115
15172
15436
16735
16815
131
132
12382
12771
14056
14213
14257
14548
14834
15130
16564
16717
16847
80273
80462
80519
80674
81154
81156
82204
82448
82619
83340
84122
84183
85604
85708
67943
68909
69933
70004
70532
70688
70733
70914
71089
71462
71715
71719
71937
72691
73153
73364
73435
74242
74715
74901
79008
20190
20579
20693
20729
20886
21049
21577
21586
21630
21910
22237
23038
23043
24816
24829
24896
24921
24949
25011
25041
25793
51944
52139
53470
53887
54311
54420
54712
55118
55135
55481
55555
55686
55766
56354
56499
56600
57036
57841
57983
57994
58192
58222
58759
58761
58975
58990
59005
59077
59587
35924
36403
36873
37048
37137
37229
38497
38878
40278
42414
59735
60597
62254
62256
62394
62476
62942
63014
63039
64919
64993
65094
65388
65619
65851
66035
66400
66414
66693
66963
67155
67507
67620
26915
27120
28107
28117
28196
28226
28335
28570
28654
28675
29051
29101
30113
33396
48341
48815
48944
50844
44378
47942
48209
48393
48675
48741
48966
50472
53905
54030
54210
54346
54435
54668
55476
55994
56264
57554
58009
58247
58378
68298
68708
68759
68826
68853
68961
69209
69474
69492
70293
71553
71933
72229
74601
75231
77569
77834
133
134
13633
14265
15013
15347
15908
16570
16610
16672
16732
80280
80976
81056
81268
81275
82184
82883
83080
83560
83736
83790
84114
84126
84133
84135
84609
85306
20284
21061
21891
22028
22178
22481
24394
24917
24950
25002
27551
28520
28591
29067
29098
29348
29925
30122
35387
35605
35739
37510
39712
41522
60287
60380
60759
60932
61872
61987
62278
62520
63183
63414
63569
63894
64055
64159
64342
64681
65691
65947
66600
66680
67051
67134
60069
61699
62046
62357
62672
63022
63118
63478
65208
65328
65418
65437
65860
66758
67690
67801
67863
80429
80620
80693
80815
80866
80868
80904
80908
80914
80918
80921
80945
80948
80949
80981
80994
80998
81012
81045
81047
81050
81067
81078
81092
81093
81100
81134
81138
81141
81146
81152
81164
81170
81189
81190
81192
81194
81196
81198
81204
81229
81234
82162
82302
82542
82565
82567
82601
83339
83761
84169
84231
85907
68208
68264
68323
69218
69693
69784
70211
70459
70522
70548
70604
70790
70829
71317
71469
71509
71750
72145
72658
72775
73105
73139
73401
73710
73716
74331
74402
74460
79321
44896
48006
48193
49483
49818
49871
49876
50191
51801
53220
53866
54228
54438
54539
54733
54785
54844
55000
55230
55469
55577
55758
55850
56457
57299
57333
57799
58282
58842
860
1982
1983
12449
12635
13268
13380
13388
13936
14326
14478
14940
16590
16872
35487
35611
36157
36232
36243
36619
37467
38846
40789
20215
20425
20433
20563
20655
20690
20741
20742
20826
20867
20893
20906
20943
20953
21024
21033
21050
21758
21989
22408
22413
22424
22708
22791
24572
24576
24704
24904
24937
25369
25376
25487
25567
26667
26716
26833
27110
27139
27152
27546
28122
28374
28669
28769
29168
29171
29854
30629
32026
34478
26823
27340
28547
28551
28774
28818
29094
29166
29169
29170
52179
52539
53785
54027
54130
54509
54656
54859
54884
55172
55285
55551
56448
57112
57323
57777
57810
58307
58366
58580
58786
58930
59142
68082
68198
68935
68959
69035
69051
69759
69796
70542
70596
71133
71303
71686
71697
71736
74855
74880
74927
77580
78997
79538
79570
79641
59850
59956
62130
62147
62648
62839
63304
63373
64087
64250
65138
65440
65511
66133
66172
66523
67002
67064
67074
67316
67395
80539
80544
80584
81187
81290
81951
82153
83802
84635
43649
45955
48316
48333
49612
50276
51554
19816
19952
20198
21005
22500
22525
22559
23048
23050
24465
24579
24581
24897
24898
24922
25010
26322
135
12537
13102
13902
13992
14038
14135
14550
14812
15648
16142
16882
35262
35575
36305
36533
37449
37908
38098
38842
39475
39859
40439
42291
35227
35470
36402
36564
37816
37906
38072
38643
40613
40682
42310
80258
80493
80624
80691
80692
80955
81011
81596
82194
82817
83341
83429
83759
84118
84903
85463
85937
68020
68361
68366
68693
69386
70134
71270
71422
71777
71925
72044
72348
74441
75040
78888
79276
80135
27258
28071
28216
28328
28434
28500
28562
28646
28664
28699
28780
29036
34229
51833
51963
51989
52720
53970
54282
54304
54312
55106
55250
55332
55504
55607
56459
56523
56686
56971
57778
57863
58018
58219
58451
58574
58821
58862
58879
58915
58985
59097
59238
59290
60020
60614
61131
61382
62050
62302
62338
62513
62651
63552
64751
64851
64916
65111
65186
65199
65741
65760
65804
65919
66126
66646
67646
12515
14020
14514
14791
15539
16297
16459
16686
16902
43939
46518
49267
50323
50335
50368
50374
51104
51583
19187
20301
20559
20932
21328
22165
22186
22641
22696
23032
24413
24548
25408
25497
25881
18530
20304
21798
22451
22569
23039
24905
24925
25039
25501
52443
53526
53897
53987
54097
54192
54741
55158
55262
55374
55460
56062
57212
57619
58373
58389
59151
59288
59582
68134
68383
68396
68478
69251
69361
69643
70314
70469
71232
71287
71494
72167
73168
73555
74453
75110
75121
75123
77951
79154
79981
37931
40080
41686
42037
42524
80644
80670
81281
82473
82764
82792
83010
83249
83302
84117
84121
84146
84153
85665
85674
26957
27181
27251
27490
27761
28353
28453
28686
28768
30076
32020
45488
48392
48508
48586
49351
50021
50684
51084
51617
59714
62236
62983
63325
64323
64564
65380
65687
66512
136
137
11442
12529
13048
13064
13354
13693
14029
14050
16061
16681
16708
17206
138
139
140
141
142
487
488
489
490
491
861
1584
1908
1909
1976
1977
11464
12947
13132
13370
14036
14434
14609
15121
15475
15587
15589
16069
16402
16791
17081
17256
80632
80676
80695
82208
82244
82286
82449
82869
83548
83594
83771
85030
85206
85388
85639
85846
67957
68337
68502
68506
68930
69045
69279
69591
70012
70115
70191
70230
70387
70685
71155
71785
72965
73037
73130
73174
73181
73629
74456
74576
74799
79658
80007
80009
19416
20058
20236
20253
20543
20638
20758
20797
20821
20944
20975
20995
21030
21062
21534
22063
22513
22607
22663
22759
23026
24903
25016
25366
25398
25468
25474
25551
25576
26184
26481
26689
51851
53454
53803
54343
54525
54773
54808
55022
55591
55868
56454
56709
57593
57623
58190
58413
58519
59022
36789
37568
38959
43188
60313
60568
61253
61600
61997
62115
62396
62462
63009
63018
63063
63320
63867
64954
65050
65235
65530
66556
66826
66943
67023
67086
67249
67303
67339
67343
67372
67427
67596
67800
27387
27432
27934
28039
28192
28521
28605
28776
29104
29891
32023
32774
43817
44091
44478
45471
46450
46752
48282
48584
49526
49781
50036
50119
50144
50252
50277
50474
45081
47425
47468
47687
48200
48617
48626
49433
52420
52603
52792
52998
53249
53250
53667
54350
54665
54737
54764
54875
54899
55241
55409
55485
55547
55972
56151
56505
56776
56995
57031
57292
57624
58411
58454
58898
59038
59367
68324
69072
69269
69355
70145
70658
70983
71043
71268
71820
71844
72147
73691
74903
143
144
145
146
12863
12971
12979
13855
14425
14456
14936
15918
16640
16809
16927
80270
80426
80457
80467
80471
81150
81293
81461
83144
83318
83659
84658
84673
85724
19042
21309
21580
21882
21991
22546
22836
24506
24753
24951
26611
27621
27639
28077
28295
28389
28558
28645
28772
28775
28922
29071
29077
34416
35179
35574
36342
37101
37716
38872
61074
62230
62320
62506
63040
63531
64019
64783
64912
65067
65852
66159
66649
67037
67078
67520
60604
60796
61414
62398
62805
63107
63461
63477
63548
63916
64300
65007
65447
65694
66976
67733
67750
67838
67864
80220
83758
83927
84630
85657
85678
69062
69167
69648
69791
70043
70093
70132
71326
72023
73150
73704
74229
74677
79727
79914
80066
45495
48367
48423
48811
49516
50361
50866
50995
52799
52934
53425
53807
54424
54484
54491
54731
54935
54980
54991
55441
55534
56180
56670
57107
58225
58263
58277
58948
59544
147
148
862
12785
13325
13603
13890
15165
15326
16114
16130
16223
16654
17085
36257
36825
42104
43075
20530
20760
21242
21795
22637
22693
22808
22982
23035
24899
24915
24932
24953
24956
25503
27309
27569
27802
28482
28584
28770
28771
28777
28779
29083
29566
30351
33407
34773
27239
27249
27283
27409
27631
27886
28101
28182
28541
29134
33380
34483
52087
53482
53632
54268
54342
54521
54571
54639
54641
54707
55057
55585
55978
56114
56223
56230
56584
56831
56852
57699
57902
58086
58328
58643
58806
59424
68957
69885
71456
71648
74920
76891
77498
79174
79417
80124
60062
61050
61783
62601
62967
64018
64409
64752
64968
64998
65517
65524
65848
65991
67072
67360
67428
67471
67515
67656
80229
80272
80283
80596
81787
82826
82902
83336
83511
83782
84060
84615
84839
84922
85614
45454
45490
45922
46082
48389
48674
48973
49006
49582
20454
21373
23041
24477
24752
24920
25007
25879
149
12443
12698
12765
13791
14199
15065
16227
16344
35516
36125
37476
37972
39825
39977
40687
36249
36339
36591
38163
38218
38452
38801
38855
38901
42118
42780
43231
43474
80603
82072
82182
82318
82380
82416
82508
82546
82719
82988
83337
83521
83700
85088
68022
69029
69300
69438
70009
71377
72754
72834
72971
73091
74513
75019
75107
76837
78707
79925
79998
80109
27053
27133
27183
27876
27939
28083
28169
28257
28347
28766
28767
28773
28871
28941
28957
29080
30247
33543
34076
51958
52017
52387
52486
53808
54457
54522
55539
55561
55806
56024
56186
56330
56331
56922
57189
57476
57602
58456
59035
59313
59421
59570
61109
62691
62945
63080
63124
63342
63486
63732
63826
64029
64691
64781
65172
65569
65730
66165
66477
66559
66830
67823
863
1586
12393
13524
13780
14510
15167
16168
16737
17180
44285
45504
46160
47710
47977
49560
50441
51164
51184
51603
19891
20200
20519
20795
20878
20966
21023
21087
21133
21600
21716
21914
22322
23047
24733
24745
25047
25271
25320
25390
25548
25598
26211
18353
20195
20769
21098
21314
23020
23021
24713
24750
24894
24952
25013
25589
52218
52823
54412
54496
54499
54500
54772
55127
55864
55992
57245
58068
58093
58358
58582
58812
58818
59236
68473
69478
69924
70137
71729
72031
73990
77344
77629
78938
79066
80138
80169
35477
35664
36200
36338
36368
38449
40792
42343
43507
80216
80700
81644
82099
82618
83003
83141
83206
83246
83264
83265
84303
84961
27383
27582
27770
28519
28533
28598
28663
29852
29919
33578
33942
47776
48402
48690
49937
50203
51285
60140
60837
61000
61001
61186
61244
62109
63352
63518
64578
65060
65099
65112
65786
66554
66712
67834
150
151
1585
1588
1890
1891
1934
1935
13245
13308
13782
14273
14480
14623
15933
16310
16492
17076
152
864
12391
14877
14946
16007
16014
16246
16396
16465
16581
17114
80561
81550
81561
81938
82802
83223
83582
84788
85190
85366
68846
69779
70304
70583
70646
71023
71560
73241
73439
73706
74474
78428
79870
80092
20418
20439
20843
20899
21121
21132
21136
21317
21933
22343
22554
22632
23045
24827
25025
25499
25872
25997
51735
51865
51887
51999
52373
52590
53163
53242
53340
53424
53536
53649
53782
53928
54234
54699
54987
55143
55998
56029
57424
57551
57737
57800
57973
58078
58572
58751
58906
59028
37465
37854
39070
42203
42626
42642
43067
43454
60043
60080
61539
62208
62405
62435
62795
62961
63121
63284
63432
63694
63947
63996
64563
64634
64804
65258
66000
66010
67030
67375
67699
67786
26963
27290
27465
27691
27970
28778
28989
29350
29356
33899
34064
34083
44449
45550
47142
48244
49084
49539
51302
51332
51421
46900
47260
48605
48851
49034
49212
49490
49757
49814
49931
49999
50043
50467
52330
53133
53622
54035
54058
54650
54679
54716
54739
55128
55451
55997
56001
56201
56592
56924
57182
57274
57633
57915
58200
58216
58329
58869
59122
67979
68514
68906
69765
69955
70285
70402
71485
73712
74898
76105
78999
79236
79346
80156
153
865
1587
1590
11431
12399
13209
13950
16012
16234
16428
16963
17004
17053
80302
80485
80696
80847
80975
82523
84285
84302
84656
84657
84923
85371
85489
85932
19230
20249
21863
22129
22196
23027
23029
23031
23034
23051
24344
24494
24526
25042
25205
26188
26794
27518
28159
28531
29119
30547
36310
36327
36857
37551
37623
37899
38761
39034
40777
41851
59868
60003
60010
60376
61310
62089
64106
64914
64956
65217
66746
67223
67340
67347
60379
61029
63580
63754
65390
65541
65639
65800
65858
66633
66835
67461
80470
82064
82355
82576
82616
83345
83404
84605
85036
85093
85796
68104
68166
68307
68437
69163
69207
69301
69616
70705
70919
71202
71322
71958
71975
71984
73215
73415
73495
74781
74861
75058
75252
77617
77876
79265
79712
79843
80020
45640
46675
47834
48890
49536
50493
50624
50813
52692
52703
54148
54300
54472
54517
54670
54717
54846
55344
55640
55642
56845
57508
57691
58203
59039
59139
59580
866
867
868
869
13247
13621
15244
16655
17216
35025
35713
35807
36278
36311
36519
37754
40262
40487
40502
40679
41885
42872
19385
19470
19532
20047
20121
20127
20491
20546
20554
20653
20663
20751
20985
21916
22410
22778
22812
22957
23030
23037
23040
23042
24311
24599
24901
24995
25030
25204
25574
25577
26186
26194
26648
27051
27401
28511
28653
28658
28811
29359
30470
30499
33463
26988
27320
27347
28368
29052
29062
29173
52760
53095
53230
53631
54031
54335
54569
54689
55401
56209
56728
57366
57806
57812
58773
58923
58935
59075
68045
68426
68714
68717
68940
69715
69943
70063
70251
70916
71315
73810
74550
74845
76894
77687
77869
77969
78541
79519
61272
62003
62161
62516
62848
63293
63379
63797
64465
66482
66544
66612
66913
67029
67389
80259
82169
84607
84676
84974
85209
85649
85658
47278
48578
48817
48914
49749
50610
50916
51634
20128
20533
21182
21275
21451
22225
22234
22430
22574
23582
24684
25620
25708
25818
154
12555
14287
14390
14424
15213
16026
16091
16176
16525
35610
36722
36886
38287
38614
38851
39612
35138
35150
36927
37879
39611
80572
80638
80759
81286
83397
83409
83519
83573
83583
83634
68169
68726
68902
69335
70724
71009
71605
71972
73128
73970
74065
74788
75119
76913
78734
79150
80008
27768
28100
28242
28343
28693
28700
29035
29096
30128
34444
52266
53204
54214
54547
55146
55299
55456
55727
56620
57030
57267
57809
58057
58108
58429
58873
59053
59966
60356
60421
60524
60970
62227
63198
63902
65372
65426
65451
66041
66095
66436
66677
67757
155
156
157
158
492
493
494
495
496
1589
1591
1592
1593
1594
1595
1596
1597
1598
1599
1600
1601
1602
1603
1894
1895
1920
1921
12803
15497
15863
15878
15894
16030
16418
16567
44912
46263
46430
47162
47205
48225
48511
48833
49229
49452
49669
49951
50329
50448
50898
19832
20060
20692
21308
21447
22000
22312
22768
23028
24569
25009
25531
20610
21551
22358
24422
24771
26025
52477
52511
52793
53773
53797
54176
54226
54396
54652
54715
54776
55274
55430
55446
55447
55854
55942
56792
57577
58298
59126
69333
69668
70118
70412
70678
71695
73480
75041
78315
79864
80050
35766
36303
38869
38891
39862
40728
42876
81210
82183
82775
83156
85682
26914
27270
27405
28183
29079
30236
34717
45857
47185
47720
49691
50753
61810
62803
62965
63398
63848
65056
65939
66168
66284
66671
67033
67049
67702
159
870
871
12347
13356
13738
14530
16048
16112
16551
17131
872
873
874
875
12517
14671
14934
15069
15332
15485
15704
15773
15966
16335
16604
16892
80476
82747
83395
83425
83763
84614
85525
67928
68398
69344
70089
70418
71962
73217
73384
74390
75004
76831
79669
79977
80000
80132
19333
19679
19776
19825
19910
20381
20432
20606
20627
20634
20674
20798
20802
20917
20922
20989
21329
21805
22012
22264
22293
24838
51939
52077
52463
53674
53899
54007
54008
54676
54998
55865
55896
56092
56396
56796
57710
57950
58033
58036
59220
37993
40685
59634
59917
60334
60460
60928
60937
61081
61510
64118
64864
64868
65268
66274
66469
66629
67111
67326
27271
27596
27811
27945
28407
28512
29116
29909
30243
32029
44244
44680
44846
46941
47106
47625
47784
49667
49875
49945
50045
51327
44540
44669
45036
46549
47993
48650
49851
51036
51151
52285
53510
54062
54141
54724
56118
56553
57768
58290
58590
59405
59425
68246
68385
68482
68518
69292
69658
69734
70930
71848
72739
73416
73432
75021
76128
76937
77249
77384
78244
79909
160
876
12531
13910
15039
15393
15888
16384
16533
80447
80499
83327
83598
84852
20865
22242
22399
24410
24516
24580
24807
24944
25245
26474
27124
27650
27874
28150
28655
29150
33391
34487
35093
36127
36240
36891
37264
37633
37662
39918
60271
60482
60820
60860
61460
61527
61618
61680
62105
63211
63221
64965
65221
66740
67291
67475
67537
59651
60111
61558
62187
62401
62429
62602
62746
65114
65875
66656
66745
66805
67091
67290
67355
82173
83067
83418
83665
84534
84970
68347
69330
69624
70209
70327
70656
71415
71623
72148
73108
73118
73121
74670
75056
75249
78161
79139
79590
79906
79927
43654
44310
45061
47109
47330
47516
47945
48444
49120
49166
49370
49477
50136
50221
50269
51340
52289
52669
53335
54149
54781
54833
54971
55209
55380
56358
57470
57473
57868
58442
59121
161
877
878
879
880
2002
2003
12473
13025
13459
13734
13833
14785
14830
14948
15537
16100
16504
16651
17164
36264
36297
36509
36849
37163
38086
38615
38665
40181
40750
41459
20452
20592
21020
21107
21300
21584
21900
22155
22542
22616
23022
23025
23036
24647
25036
25129
26946
27946
28110
28256
28659
29070
33500
26878
28384
28393
28437
28679
29045
30252
30526
52495
52880
53047
53711
53798
54047
54188
54303
54401
54841
54843
54972
55002
55038
55126
55570
57090
57422
58073
59083
59256
59444
59621
68019
68588
68946
69428
70122
70143
70311
70609
71568
71678
71888
72046
72623
73600
74859
75078
77417
77993
79691
80077
80116
61464
62042
62053
62125
62175
62680
62787
64123
65301
65307
65543
66344
66437
66699
67543
67821
80349
80458
82839
83374
83390
84296
85298
85618
85656
45491
47870
48790
48946
49344
49659
49918
50983
51033
20335
20791
21181
21241
21490
21858
24398
24639
24770
24785
25699
162
13408
13542
13707
14629
15434
15935
16563
17284
35113
35589
36283
36821
36843
37495
37767
38445
39791
40652
43235
36664
36681
37378
38977
41690
42025
80515
80630
82249
83400
83410
84040
84203
84604
85737
70008
71015
71307
71363
71661
71858
72076
73053
73225
73382
73476
73697
77395
77443
77944
78798
78841
78914
79171
26896
27143
28311
28423
30254
52063
52184
53142
53383
53407
53457
54862
56658
56681
57026
57098
57298
57519
57609
58187
58887
59252
59315
59420
59747
60533
60558
61837
61877
62287
62534
62893
63390
63650
63730
63795
64192
64570
65482
66497
66856
66934
67048
67812
881
882
12606
13302
13342
13414
13685
13701
13976
14298
14346
14484
15349
15597
16020
16333
16471
17577
45485
45583
45678
46865
46948
47195
48017
48543
48671
49463
50024
50197
50797
51020
51429
20590
20702
20756
20764
21111
21673
22021
22746
23294
23544
25003
25120
25410
25535
25554
26241
19824
20357
20876
20887
21127
21998
24586
24907
26217
51786
53437
53688
54783
55543
56059
56781
57585
58157
58393
58463
58472
58849
68003
68114
68673
69166
69439
70027
70348
70381
71666
71916
72053
73699
75244
78121
79170
79429
79532
35492
36149
36952
37477
37589
37756
40071
41894
42582
43585
80522
80587
80594
80600
81763
82158
82950
83312
83865
84623
85459
85653
27296
27565
27597
27922
28244
28284
28666
29106
29346
30300
30460
33277
33517
34510
47270
47301
47966
47986
49647
50164
50723
51662
60227
60280
60308
60468
60500
61102
61985
62067
62487
62953
63418
65173
65525
65558
65648
66978
67549
163
164
883
11463
11470
13187
14233
15399
15479
15563
15838
15970
16463
16712
17021
17262
17519
12373
12481
12904
13173
13432
13754
14087
15047
15912
15926
17029
80595
82751
84219
84675
84838
85023
85683
85925
68141
68219
68586
68631
69263
69666
70468
71263
71364
71721
72000
72204
73115
73163
73319
74804
74986
75261
78924
19264
20384
20504
20737
20827
21221
21743
21961
22690
24589
24900
25044
25240
26309
26638
51839
52109
52712
53838
53843
54009
54050
54249
55074
55169
55222
55652
55880
57070
57080
57237
57434
57581
57752
57843
57976
58088
58969
59008
35755
35937
36131
36809
36834
37601
37770
38053
38836
38876
39317
39885
40108
40614
43253
60083
61285
61329
61560
62084
62107
62248
62382
62598
62917
64862
64876
65212
65904
66794
67583
26971
27911
28665
29081
29099
29105
30244
44740
44766
45337
45564
45688
45728
46115
46869
47272
48122
48665
49467
49569
49899
50247
50848
48560
50284
50302
50736
50779
51755
51906
51916
52565
53295
54111
54331
54742
55382
56236
57108
58466
58856
59378
59520
67933
68591
68600
68704
68740
69235
69803
70439
71347
71723
71895
72592
72882
72951
73156
73549
74696
79991
80067
165
884
12337
12832
13264
14436
16104
17118
80565
80586
81159
81230
82078
82758
83792
83826
84291
84301
84356
85158
85375
19693
20609
21452
22024
22316
23023
26893
27342
27670
27693
28656
30093
35490
36553
36592
37116
37320
37605
37795
38815
39942
41698
42607
42766
60095
60236
61150
61352
62073
62274
62884
64168
65478
65615
65916
66565
67120
67737
60005
61612
61935
61945
62146
62233
64520
64826
65106
65252
65357
65868
65956
66188
66718
66862
66891
66900
66961
67221
67524
67783
82165
82193
82198
83046
84611
85296
85670
67941
68021
68687
68780
68920
69713
70753
71186
71914
73133
73623
75006
75225
75402
78942
79264
79685
79929
44574
44708
45741
49870
50017
50214
51694
52804
53311
53461
53747
53893
54093
54595
55853
56465
56472
56560
56607
56808
57162
57220
57967
58330
58516
166
167
168
169
497
498
499
500
501
885
1910
1911
1916
1917
1984
1985
12549
12949
14323
14681
15846
16033
16805
16807
35743
37503
37562
38683
40795
42230
19583
19788
20317
20811
20913
21130
21971
22401
22599
25026
26335
26349
26369
27274
27680
27826
28237
28495
28625
28652
32339
26945
26974
28430
28458
33386
33635
34651
52293
52402
53195
54231
54703
55185
55193
56198
56347
56391
57117
57301
57322
58228
58457
58710
58801
59362
68015
68024
68288
68558
69517
69593
69718
70095
70366
74442
74775
76093
77605
78927
79874
80152
62038
62724
63962
64072
64287
65021
65547
66778
66847
66849
67608
67785
67921
80394
81127
82121
82904
83435
84804
85710
45398
45470
46190
46619
47797
48614
48624
50722
19671
20089
20490
20787
20860
20938
22041
22080
22233
23024
24483
24507
24557
24739
170
12644
14217
14398
15264
16212
16264
37426
41925
43317
37437
39082
39537
41656
80345
80460
80570
80593
82279
82594
82620
84853
68123
68532
68939
69169
69309
69407
69786
69868
71100
72913
77157
77297
77925
79526
26808
26981
27360
28006
28221
28626
28651
28670
29115
30239
34421
51766
52023
52369
53561
53802
53872
54368
54399
54514
54633
54659
54697
54745
54983
55503
56083
56169
56644
56961
56989
57238
57835
57910
57998
58054
58170
58876
59127
59552
59995
61012
62047
62157
62614
63246
63277
63413
63426
63475
63688
64266
64969
65107
65502
66144
67586
67740
67884
171
172
886
887
888
12453
14189
14205
14818
15359
16416
16631
16864
17190
44326
44659
47237
47253
49724
49774
50171
50297
20612
20686
20882
21069
22017
22245
22691
24929
25040
25384
25907
26042
26043
26177
19842
21395
21949
22441
23555
23588
24469
24787
25783
25867
26210
51857
52074
52229
54225
54380
54527
54673
55225
55808
55954
56511
56649
57121
58114
58544
58684
59598
68416
68423
68513
68531
68658
68794
68947
68987
69023
69108
69572
69665
70080
70433
71598
71711
71831
77971
78276
79199
79719
80010
35950
36092
37594
38511
41053
80546
81420
81514
82740
83977
84856
84999
43777
45245
46662
49002
50385
59658
60184
61038
61270
61390
62294
62786
62952
63002
63378
64047
64081
64152
64221
64934
65402
65411
65488
65769
67277
67830
173
13630
13861
14879
14881
14901
15543
15662
15819
16616
16627
16888
17226
174
13094
13111
13350
13442
13533
13879
14004
14109
14251
14488
16356
16974
36313
36565
39363
39828
40146
68244
68466
69372
69504
70049
70524
70841
72627
74960
75222
75267
76111
77954
78642
79342
79893
79955
19669
19856
19907
20078
20305
20326
20333
20750
20773
20921
21067
21201
21496
21868
22765
24721
25038
25085
25155
25775
51978
52442
53539
54421
54822
55593
55728
56633
56769
56969
57279
58039
58618
28345
28414
28441
28644
29183
31914
60185
60312
62781
63142
63484
63619
64309
64513
64571
64663
64685
64765
66999
67479
67895
67917
80439
80541
80932
81292
81620
81873
82104
82110
82151
82220
82228
82487
82533
83078
83541
84195
44552
45480
45848
46099
47119
47376
47401
47746
48236
48374
48842
48876
49763
49908
50153
50823
51253
45768
45916
47615
47714
48856
50032
50772
50845
51098
51277
51830
52238
52401
52825
54515
54598
55021
56255
57701
57743
57783
58657
68056
68146
68887
70210
71227
71600
73067
78674
78774
78946
78961
79622
175
12976
14903
16663
16763
16855
17069
17162
17246
17655
35460
36289
36901
38472
38583
39271
39364
39897
40028
41781
20855
21243
22052
22347
22466
25894
26482
80590
80682
80753
81033
82544
82569
82942
83501
83781
85188
85636
85667
85706
27834
27986
27993
28058
28516
29210
34134
34335
60818
61989
62148
62183
62895
63105
63287
63645
64122
65893
66804
66811
66842
66998
67770
60809
61385
61555
61928
62596
63227
63677
64216
64600
65570
66614
66626
67181
67610
67621
67759
35887
37010
37834
38541
39431
42308
43153
67965
68001
68120
68381
68960
69725
70519
71289
72248
73135
73154
73426
75224
78432
78446
79120
79266
43778
45467
46971
47847
48428
49425
50501
51977
52303
53237
53552
53813
55649
56399
56420
56820
57685
58213
58623
58771
176
889
12509
12547
15197
15571
16009
16031
17434
26702
27499
27767
27788
28001
28005
28013
28114
29111
34180
19017
20848
21748
22163
22417
22710
24514
24725
25043
25944
26471
80267
80446
80636
80641
80668
81512
81687
82164
82196
84298
84908
80290
80391
80430
80465
80578
83017
84031
84327
84383
85026
52819
53579
53757
53878
54165
54211
54454
54674
56761
57711
58733
58781
58805
59402
68942
69096
69783
70125
70263
70335
71948
73159
73193
73199
74886
77675
78893
79773
79878
60625
60753
61343
61398
62549
64291
65419
66236
66312
66711
66726
66739
67143
67209
36366
36631
36654
42423
42498
43247
43759
44619
44854
46138
46756
46831
47811
48203
48636
49499
50906
51307
20507
21382
21739
24668
24931
24934
25579
25787
26202
177
12739
14664
15302
16055
16829
16839
17027
27086
27963
28105
29034
29063
33627
26951
27030
27796
28609
28647
29068
34132
35825
35840
36322
36434
36796
37501
38179
39742
41068
41649
68179
68220
68241
68632
69755
70379
71990
71992
72637
72972
74267
74421
74858
74964
75120
77352
79854
80535
80685
81266
82107
82411
82432
82773
82805
83474
83993
52516
52540
52771
53506
53541
53777
54463
54790
54801
54817
54818
55714
56345
58061
59168
59414
59489
60425
62976
63206
63283
63482
64167
65276
66644
67005
67594
67606
178
179
12830
15308
15440
15515
15940
16993
44416
46477
46980
47152
47611
47806
47913
48066
48179
48331
48568
49773
51393
51548
20144
20187
20569
20665
20669
20706
20884
20925
21028
22202
22667
24910
24914
25260
25306
25585
20705
20834
20920
21176
21415
21450
21913
22371
22666
53203
53278
53846
53944
54037
56005
56393
58197
58383
59164
68913
69601
69652
70709
70917
71041
71872
72441
75023
75048
79831
80155
80171
27538
27935
29145
33433
36086
37099
37573
38257
38828
38905
39868
40402
41984
42843
80616
81075
81209
84440
43678
44415
45834
47007
47178
47921
48065
48857
49443
49813
59929
61024
61472
61830
61893
61967
62024
62292
62454
63497
63592
64625
64680
64773
65577
65905
66394
66449
66890
67693
13249
14303
15429
15708
16878
180
181
182
502
503
504
505
506
11472
13023
13598
14740
16053
16634
39810
43466
68520
68737
68898
69686
69795
70101
70103
71884
71955
73205
77999
78299
79030
79075
79802
19498
20111
20647
21003
21139
21404
21476
22039
22840
22967
23089
23237
24939
51873
51985
52124
53040
53145
53856
53973
53991
54281
54329
54536
54584
54704
54726
55477
55733
55970
56334
58251
58468
58908
59132
26719
27099
27292
27948
27983
28080
28203
28538
28590
28810
29065
30427
33540
33577
34289
61127
62973
63911
63935
64140
64245
65501
65705
65791
65812
65920
66024
66119
66781
66894
67149
80424
82604
83328
83436
84293
84304
84461
84478
47147
47810
49428
49619
49883
49989
50176
50604
51197
51337
51455
44042
44228
46604
47103
47717
48181
49844
51465
51559
52758
53065
53146
53269
53281
53315
53762
54644
54680
54876
55342
55556
57599
58475
58509
68211
68435
68732
68963
69364
69464
69475
70450
70922
71082
71921
73151
73310
79054
79316
79379
79662
79904
80105
183
15007
15105
15531
16586
16793
36186
37683
38624
39333
39387
39565
40159
40189
40882
19966
20735
21266
21344
21405
22064
22068
22519
22863
80255
80313
80399
82991
84068
84991
27524
27532
27616
27984
28234
28410
28517
28557
31447
31566
32963
33481
34441
62237
62589
63164
64112
64594
65348
67218
67251
67390
67455
60853
61177
61663
61856
63094
63402
63469
63679
65629
65645
65915
66272
67848
35233
36065
37303
38365
38584
40567
40944
41811
67976
68033
69086
69436
70615
71038
71592
73147
73314
73625
73783
75161
75218
77356
78165
78656
79817
44181
44926
45909
46089
47520
48437
48739
48800
49729
50042
51965
52232
52284
53025
53362
54458
54483
57154
57384
57622
58041
184
890
12847
12959
14003
16089
16386
16628
16908
26786
27745
27926
27940
27995
28036
28178
29110
29165
30302
19023
19378
19543
19875
20008
20184
20262
20398
20723
21230
21235
22456
24458
24821
24839
24890
25050
25241
25922
26633
80310
82142
82381
82927
83133
83434
84241
84450
85307
80414
81121
83321
84803
85698
51914
52359
52650
52840
53264
54347
54535
54630
55041
55452
58503
59430
68439
68612
68655
69025
71169
71604
72589
73129
73609
73968
80031
60147
60318
60447
62151
62152
63447
64093
65785
66948
67177
67308
67570
67805
35258
39843
42029
43613
45039
45718
46131
49393
49421
51118
51491
51612
20225
21942
22201
22449
24561
25812
891
12487
13645
13863
16623
17056
27305
27460
28011
28022
28995
29204
33176
33584
26763
27112
28019
28354
28448
28623
29217
35429
36608
36938
37715
38774
39973
40349
40674
41985
42256
42522
42564
42571
43373
68110
68481
69017
70380
70723
71198
71982
72729
73239
73487
75017
77886
78823
78854
80187
80356
81087
81088
82399
82750
83186
84257
85592
85716
85785
52344
52861
53189
53337
54558
54572
54751
54794
55387
55621
55982
55987
56336
56632
56975
57071
57302
57417
57802
57898
57965
58404
58912
59663
59675
59787
60828
60882
61392
63938
64397
64457
64872
65051
65249
66213
66496
66568
66732
67363
67544
893
12918
13496
14883
15650
44843
44957
45166
46993
47096
51025
51451
51609
19481
20150
21095
22119
22447
25545
25573
26524
19623
20730
21532
21821
22488
25880
26340
55216
56105
56642
57739
59041
59400
68827
68953
70200
70805
70942
71612
71986
74101
74923
75178
76099
77824
77981
78100
78925
79190
26831
27339
27877
27927
28078
28925
29353
29357
33441
34005
35352
36317
36606
39609
41139
41993
42338
43600
80455
81082
81167
82937
84289
85652
43818
47263
47426
47829
48400
49210
49583
50641
50805
50864
50928
61598
62127
62526
62728
63309
64406
65304
65353
66843
67844
185
186
1896
1897
1940
1941
13062
13675
13709
13968
14271
14334
14628
14765
15250
15654
15712
16975
17274
12403
13282
13972
14187
14837
14956
15779
35077
35091
35158
35228
35722
35771
35988
37966
39861
68379
69480
69559
69617
70082
70940
71388
71397
71615
71646
73627
74563
74842
74904
74996
75417
79506
79724
79851
19724
19798
20002
20431
20522
22439
24902
24940
24946
25934
52705
53677
54694
57573
58097
59423
26904
27863
29209
34866
59724
60394
60637
61888
62374
64194
64487
65236
65256
65593
66001
66015
66431
67082
80341
80419
81267
81537
81963
82612
82652
82834
83558
84326
84426
84669
44689
44864
45738
47242
49872
50134
50327
51467
43809
43864
45123
48334
49435
49832
50181
50279
50392
52821
54422
54552
55597
57972
58584
58665
67948
68158
69720
69972
70587
70957
71118
72560
74955
78882
79011
79336
187
188
189
12316
14885
14907
16613
35904
36870
37493
37666
37859
37907
38966
39762
18992
21234
21468
22078
22503
22963
23263
23549
80291
80656
81860
82105
82593
82827
84442
27037
27052
27326
27840
28044
28086
29354
30689
32697
33498
33974
34295
60844
61864
62074
62267
62547
62823
63017
64094
66610
66723
67841
59948
61840
62864
63406
64259
64643
65068
66042
66112
66860
67027
67266
67486
35454
39298
68285
68512
68768
68770
68777
68983
69356
70536
71590
71754
71775
74283
75084
45658
46886
47307
47445
48214
48220
49359
49665
50151
50451
51087
51828
53277
53859
54187
54323
54392
54546
56757
57339
57529
58279
58302
58375
58536
58540
58730
58916
58942
59001
59343
894
895
12420
12710
14209
14243
15443
16315
26972
27080
27356
28365
28928
30116
30738
21895
22051
22112
22783
26182
83007
83245
83393
83568
83603
84180
84433
84837
81661
82736
82814
84078
84308
52091
52320
52448
53403
54144
54190
54847
55142
55916
56673
57504
57635
59242
59473
68321
69203
69286
69577
70116
70449
70703
71489
72844
73511
74469
74851
77907
79541
79978
61235
61669
61689
61736
61751
61785
62814
63257
63510
64113
64575
64655
64745
65572
65820
67003
67383
67483
67598
35780
42353
42594
43263
44007
44906
46772
47385
48118
48284
49347
50538
51044
51121
51478
20004
21514
21625
22283
22306
24535
24696
26256
896
14290
14732
17580
17662
26871
27985
28447
30703
27671
27947
27971
28386
28581
29211
30094
30365
34887
38251
38515
38669
38946
39021
39783
42315
42588
43352
69320
69432
70047
74380
74610
75362
76917
78110
80315
82237
82305
82357
83334
83673
85361
54028
54238
54387
54923
56025
56547
56575
57451
57553
58398
60247
62587
63179
63593
64546
65103
66052
66220
66631
67040
67080
190
191
192
507
508
509
510
511
897
898
1978
1979
12887
13078
13321
13384
13457
14370
15958
16081
16131
16517
16945
44190
46219
46652
47190
47690
48445
48797
49260
49728
50404
51579
19170
20102
20339
20493
20854
20864
20911
20914
20988
21108
21763
22638
24832
24954
25276
25341
25557
25746
25912
26521
20683
25032
26130
52673
52736
54128
55390
55438
56087
56570
59431
59436
59586
68043
68526
68538
68836
69150
69193
69371
70163
70624
72029
72760
73143
73470
76965
78783
79553
79680
27175
27856
28060
28068
28201
29100
30493
33488
33529
38443
38531
38714
39480
39636
39993
40458
42299
42374
43424
82160
84519
45226
45474
47542
48091
48515
49825
49843
50907
59955
60023
60204
61645
61999
62954
63488
64749
64757
65557
65793
65910
66642
66709
66936
67492
67651
193
899
2042
2043
13914
14155
194
900
14700
14773
15236
15625
15684
17047
36318
38653
39024
40037
40659
68400
68689
69238
69472
69662
69843
71359
71903
73261
73453
73690
75440
78438
79072
79803
79897
80130
21131
21668
22669
22763
25017
25019
52014
52176
52185
52525
53535
53836
54452
55329
56028
56069
56093
56326
57532
57941
58087
58286
58687
59125
26970
27154
27281
27388
27525
27686
27955
27965
27975
28040
28048
28228
30089
34859
60842
61245
61337
61378
62170
62452
62468
63329
64042
65143
65205
65361
65980
67376
80889
81494
82435
82673
83430
85259
85626
44532
47642
48356
48434
50210
46881
47063
50967
52605
52750
57889
58671
68552
68778
68822
70926
71286
71309
71684
72892
74545
74972
75005
77250
79387
79709
80079
14008
15238
16900
17599
35914
36884
38647
38747
39818
42635
19414
26135
80222
80550
82167
83071
84300
85184
27544
27999
29232
33416
33520
60695
63436
63822
63955
64695
66315
67287
60221
61033
61586
61867
61973
62133
63012
63651
63658
64077
64726
65674
65685
66234
66246
67205
67449
67648
67713
35997
36245
36958
37475
37820
38458
38688
38718
38735
39147
40461
69457
69890
70094
70518
71001
71822
71960
72565
74275
74572
74950
77921
79320
79632
80196
47889
49150
49451
49928
51394
52413
52715
52964
53617
53670
53716
53834
54100
54428
54908
55102
55213
55364
55444
55812
56185
56344
57264
57349
57827
57935
58462
59182
195
901
12290
12657
14281
14571
26975
27446
27864
28076
29206
29349
30311
33466
33673
18528
19683
19885
20038
20183
20260
20395
20763
20890
20929
20941
21260
22727
22797
23560
24383
24446
24496
24660
25591
25614
25863
26552
80775
81818
82047
82176
82329
84764
85202
80256
80393
80477
80554
82510
83714
83774
84295
84672
53123
53809
54825
55167
56014
56106
56568
56999
68660
68934
69028
70902
71526
71762
72518
74883
78532
78845
60121
60549
61193
61304
62020
62163
62695
62714
62844
63161
63344
63655
64230
64257
64589
64648
65255
65532
65598
66266
66710
66931
66944
67460
67664
36988
37376
38460
38672
38699
38755
41629
42549
43273
43774
44080
44210
45408
46132
46294
46350
46613
47008
48117
48826
49390
49592
51406
51457
19694
20197
21258
22251
24497
25686
26082
26398
1605
13008
13035
13744
14311
15190
15611
15643
16138
16216
16294
16400
16730
17144
17178
27075
27602
27894
27969
28054
28213
30701
33409
34565
34571
34678
28072
28491
28895
29196
30289
38500
38676
38694
38762
41731
68533
68705
69291
69849
70051
70994
71064
72282
73785
74190
75239
77407
79348
79597
79784
79911
80111
80645
81414
82452
84860
85736
52219
52754
52876
53054
53150
53936
54615
55046
55261
55385
56350
57335
57351
57723
60181
60516
61338
62040
62632
62798
64246
65507
65789
66320
66867
67309
67506
196
1606
12574
13211
14544
15101
15294
44531
44630
45787
46098
47303
48483
50585
20234
21140
21442
21472
22406
25722
20136
21332
21948
22241
24795
25417
26170
26604
51669
52364
52996
54240
54251
54287
54992
58293
58767
59251
59295
68053
68066
68553
69198
69998
72453
74823
74929
77003
78077
78968
79043
79801
27158
27294
27429
27563
29351
31948
33586
33596
34251
34633
36685
38769
43000
43280
81287
81997
85194
85232
85233
44991
45455
45544
46105
46864
47548
47879
59845
60913
62027
63551
63594
63821
64369
64606
64748
65500
65660
66822
197
12455
13662
13797
14676
14916
17361
198
12479
13904
14452
14473
16955
35236
36352
37173
37948
38734
39997
42290
68551
69610
69837
69951
70492
71003
71141
71463
71988
73409
73441
73500
74484
74632
79613
79964
80131
80190
19692
19701
19731
19796
20083
20306
20424
20455
20857
20923
20926
20965
21021
21094
22664
24891
24906
24935
25018
25363
25513
25729
25755
26224
26502
52366
52670
52731
52783
53460
53925
54084
55602
56641
56818
58044
59187
59262
26749
26873
26912
27445
27792
27865
27895
29208
29999
33987
34266
34733
59947
60944
61514
61550
62195
62205
62289
62424
62456
63433
63691
64506
65752
65948
65967
67046
67260
67406
67436
67548
81376
83401
85125
43908
44037
45628
46280
46787
47359
47853
47940
48201
49509
50156
50288
50464
51532
43692
43700
45529
46673
48849
49041
49438
49975
50011
50489
53212
54152
54578
54638
54672
54869
55351
55612
55626
55688
56098
56745
57295
58001
68291
69543
69870
70212
71164
71284
71763
73112
75478
78547
78796
79664
79674
12567
12705
12819
13084
13368
13663
13702
13720
14667
15186
15840
16060
35029
36755
37408
37735
39494
40994
41086
43448
20323
20668
20788
20836
21092
24610
25570
25825
25845
26290
80492
81021
81913
83707
84223
85342
27932
28089
28097
28509
29355
34148
60342
60389
60997
61006
63143
63412
63567
63661
63864
64566
66639
66756
67135
61351
62581
62782
63111
63274
63372
66034
67069
67114
35561
35795
36560
36830
37430
39698
43048
68199
69249
70603
71012
71799
71980
72928
73033
73166
74007
74116
78855
79647
80121
44568
45059
45153
45222
45292
46982
47546
48266
48909
49160
49297
49707
50635
51095
51230
51485
52324
52956
53732
56721
57205
57512
58528
58575
59007
199
200
512
513
514
515
516
1608
1918
1919
1936
1937
2004
2005
13170
13278
14442
14849
14986
15395
27786
30315
32071
34100
34211
34388
34882
19850
19945
20556
20654
20912
20946
21001
21291
21430
22365
22725
80314
81757
82207
83564
83851
84090
84786
85348
85403
82481
83040
83286
83623
84956
53229
54787
54798
55541
55599
56426
56664
56927
57402
57488
58893
59298
59394
68702
68921
69877
70650
70879
71220
72722
74057
74428
74581
78949
79986
59784
61800
63511
63526
63611
64049
65297
65586
65845
67453
35003
36274
36746
36945
38884
42322
44033
44246
44291
44366
45964
46283
47367
48569
50488
51448
21901
22514
23407
1607
12625
13488
14673
16678
27437
27748
29040
29345
27118
27554
27754
28028
28070
29066
30130
34105
36587
36674
38216
38491
39906
41964
68222
68263
70694
70947
71050
71146
73107
73253
74329
74373
74738
77471
79283
79481
79815
80410
81948
82322
82396
83163
85481
53578
56080
56598
57850
58007
58833
59129
60332
60888
61562
62017
62098
62246
62688
63840
64235
65065
65416
66353
201
202
203
1604
12700
13502
14572
43971
46400
46987
47555
48032
48804
50265
50656
51584
20023
20035
20397
20405
20508
20744
21667
21825
22123
24955
25146
25322
17851
20586
21217
21812
25318
52168
53379
54183
55212
56599
58072
59579
68038
68657
69321
72027
73731
73967
74211
74508
79302
79863
27195
27205
28042
28413
33483
38685
39887
40751
41234
42304
43374
82732
82934
83215
83262
83823
84331
84512
84626
85824
43887
44796
44881
45105
47098
48167
50743
50892
51628
60031
61120
61931
62376
63271
63686
63760
64071
64925
65058
66166
204
902
11582
12274
12648
14157
15000
205
903
11388
11469
12370
13328
14261
16990
38758
40984
42899
42933
67987
68536
70628
71214
71864
72107
72578
79882
17828
21227
21279
21829
24814
24941
24948
25429
53480
54397
55813
57697
58648
58890
26730
26980
27396
27797
27981
28431
29358
30092
33456
34141
59994
60426
61003
61591
62112
63086
63305
63494
66083
80792
81069
81828
82606
82868
84288
84294
85180
85368
43975
44812
45335
49151
49455
50674
51432
51578
51661
43677
44705
47097
48190
48862
53968
54086
54313
54890
55432
58076
68266
68671
68904
69040
69735
70117
70376
70546
70630
71026
71224
74894
206
13092
13966
14066
15123
16242
16303
17154
35912
36292
36477
36792
38657
38723
38746
39570
43038
20147
21088
21774
22295
26480
81592
84533
27698
27741
27949
28346
28924
31625
60132
60751
60983
61219
63071
63498
64258
64825
65049
65264
65421
66535
67725
60955
62019
62625
62830
64234
64412
64964
65116
65430
65509
66116
66132
66314
38044
38645
38680
38703
38740
43486
68265
68684
69809
70560
70659
70751
71240
71498
72955
73113
74356
75411
77577
77649
77703
78696
79643
79760
44579
44780
44932
46969
47388
48265
48314
48828
49292
50280
51589
52155
53499
54025
54044
54109
56284
207
12566
13100
13508
13736
14335
14372
14932
15457
16126
16560
16720
16876
17378
27096
28056
28126
28173
28186
29238
29352
33474
34196
34832
19218
20049
20338
20475
20545
20567
21714
22066
22093
23058
24908
81927
82433
82836
83112
84299
84364
84509
85720
81019
81216
81854
82283
84083
51912
52292
52813
53056
53569
54223
54439
54586
55268
55903
56239
56647
56879
57304
57556
58130
58136
58232
68415
70966
71821
72553
72901
74218
78075
59650
60417
62198
63070
67115
36349
36538
37167
38015
38668
38696
38706
38727
38731
38741
38744
38766
38995
42882
43060
45134
47040
47673
49806
51539
21649
22290
23125
25411
12507
12995
13136
13331
13486
13492
14201
14203
14621
15298
15613
15932
16150
16255
28440
29207
32128
34164
34219
34730
27071
28031
28249
29076
29205
33656
34027
34329
37359
38648
38661
38691
38710
38960
39551
39756
39849
40417
41588
42164
68663
71102
73517
75333
78764
79085
79398
80250
82560
83877
84297
85076
51795
53098
53161
53860
54189
54284
54400
54551
54910
55897
56460
56628
57340
60367
61291
61750
62867
65859
65942
66115
67138
67513
67595
208
12793
14160
15376
16338
16489
16923
45107
45754
46112
46517
46699
47433
47492
48007
48093
49156
49245
49547
50477
50733
50794
51156
51544
51642
19936
20616
20783
21884
22273
22589
22633
23418
23441
24909
19018
19562
20792
21638
21960
22206
24482
24924
26287
51740
51961
52408
52883
53601
55625
55960
56341
56630
57091
57688
58169
58231
58911
59173
68683
69732
69780
70447
70632
71144
71451
71870
74379
75399
78492
78510
78640
27556
27584
28179
29341
31935
33437
33528
33581
33952
34323
38664
38752
38864
39895
40712
42301
80617
81178
81574
81847
82699
82824
83364
84286
84420
84522
85013
44156
45045
45213
46494
47826
48363
49135
49239
49317
49952
50194
50820
51030
60311
62245
62679
62900
65224
66069
66123
67562
67721
209
12505
12867
13908
14668
210
211
300
517
518
519
520
521
522
904
1609
1610
1611
1612
1613
1614
1615
1616
1617
1618
1619
1620
1621
1622
1623
1624
1625
1626
1627
1628
1898
1899
1922
1923
1990
1991
13309
13322
13392
13851
14405
15017
15262
16218
36253
37694
38009
38011
38633
38807
39960
40132
69168
70059
70165
70528
71044
72777
73463
73485
74342
74905
76911
77693
79013
79514
80014
17773
19232
19712
19740
20515
21117
21568
21591
22398
22654
22774
24420
53293
54259
55928
57228
57416
57687
58659
27167
27188
27461
27828
28066
28420
28708
28709
28710
28711
28712
28713
28714
28715
28716
28717
28718
28719
28720
28721
28722
28723
28724
28725
28726
28727
28728
28729
28730
28731
28732
28733
28734
28735
28736
28737
28738
28739
28740
28741
28742
28743
28744
28745
28746
28747
28748
28749
28793
28877
29112
32584
33585
33672
33970
60149
60361
60846
61371
61755
62202
63190
64079
65071
65079
65441
66068
66264
80608
82060
82426
83023
84423
84930
85390
44150
44771
45867
46510
47411
48142
49521
51356
43893
43912
44159
44238
44327
44351
44432
44558
44661
44707
45006
45241
45266
45319
45515
45556
45595
45600
45663
45683
45794
45818
45973
46070
46103
46153
46266
46443
46497
46642
46807
47113
47169
47196
47342
47441
47472
47481
47657
47766
47780
48044
48096
48443
48565
48753
49071
49324
49361
49408
49418
49470
49542
49550
49599
49688
49767
49794
49887
49926
49949
50000
50081
50198
50322
50561
51053
51191
51387
51470
51555
51798
51800
51821
51923
52066
52089
52164
52172
52335
52563
52587
52594
52734
52787
52995
53367
53405
53415
53478
53600
53684
53767
54010
54236
54261
54425
54476
54481
54523
54550
54604
54645
54730
54858
54942
55099
55206
55227
55277
55411
55421
55520
55789
55931
55944
55952
56051
56206
56219
56248
56269
56311
56408
56481
56657
56698
56717
57005
57032
57076
57081
57086
57167
57241
57314
57350
57395
57494
57527
57660
57707
57726
57985
58031
58122
58139
58194
58380
58402
58408
58410
58450
58598
58943
59114
59232
59325
59355
59361
59366
59418
59426
59463
59499
59583
67990
68006
68027
68029
68092
68165
68186
68205
68276
68357
68744
68779
68785
69054
69128
69289
69516
69535
69545
69557
69600
69602
69623
69657
69684
69871
70046
70121
70146
70398
70461
70642
70737
70799
70995
71330
71402
71472
71511
71563
71597
71783
72097
72291
72528
72555
72798
72809
72991
73786
73962
74004
74237
74291
74541
74651
74959
74976
75371
76909
77018
77075
77095
77219
77227
77362
78221
78264
78321
78627
78784
79017
79025
79183
79248
79298
79341
79486
79549
79565
79579
79905
79912
79923
79944
80034
80053
80113
12354
12356
12499
12614
12627
12630
12808
12813
13348
13571
13575
13625
13631
13651
13875
13916
13926
13941
14089
14091
14163
14317
14324
14515
14594
14632
14635
14741
14841
14964
15208
15334
15511
15577
15827
15879
15941
16087
16190
16266
16312
16496
16617
16707
16931
16987
17319
35067
35362
35447
35974
36116
36145
36347
36486
36541
36585
36786
37006
37091
37828
38064
38139
38395
38595
38719
38730
39443
39732
40284
40353
40489
40889
41114
41192
41659
41723
41848
42135
42205
42544
42593
42678
42973
43015
43161
43311
43331
43379
43386
43509
18312
19420
20243
20291
20557
20596
20727
20830
21205
21327
21506
21717
21751
21799
21848
21896
21990
22022
22026
22124
22506
22516
22552
22626
22865
22867
22925
24373
24391
24499
24532
24602
24709
24996
25463
25516
25524
25772
25927
25947
26011
26384
26485
26542
26657
80232
80260
80357
80376
80435
80557
80569
80580
80598
80662
80663
81208
81395
81459
81525
81659
81719
82245
82743
82810
82933
82979
83072
83232
83263
83297
84367
84424
84436
84517
84531
84711
85087
85201
85255
85266
85326
85374
85400
85418
85495
85540
85577
85607
85616
85633
26732
26902
26918
26956
27007
27199
27217
27433
27522
27528
27543
27760
27798
27977
27979
27997
28092
28103
28136
28233
28488
28503
28603
28782
28854
28855
29143
30237
30341
30721
31248
32048
33417
33423
33446
33511
33587
33744
33949
34020
34028
34052
34294
34345
34432
34490
34492
34703
34751
34766
59795
59951
59981
60007
60058
60064
60076
60085
60192
60196
60267
60461
60563
60579
60607
60727
60821
60986
61007
61424
61426
61581
61625
61690
61925
62075
62500
62608
62683
62698
62738
62958
63038
63073
63113
63154
63163
63241
63291
63316
63354
63456
63481
63618
63740
63750
64036
64044
64050
64212
64305
64343
64359
64371
64405
64567
64603
64702
64763
64797
64836
64860
64950
64960
64985
64987
65145
65637
65719
65819
65854
65887
65901
66343
66492
66767
67244
67285
67468
67482
67546
67710
67789
67880
67887
59640
59700
59883
60087
60090
60289
60388
60427
60473
60562
60674
60761
60827
60848
60950
61030
61051
61061
61067
61097
61135
61444
61445
61590
61704
61730
61737
61758
61842
62231
62352
62535
62806
62918
63169
63232
63240
63249
63315
63416
63495
63572
63616
63684
64006
64070
64525
64610
64671
64809
64929
64949
64990
65031
65039
65053
65089
65115
65182
65315
65355
65480
65536
65640
65736
65802
65865
65897
65921
65928
66045
66073
66075
66097
66147
66366
66374
66560
66648
66729
66803
66897
66946
67123
67185
67540
67574
67700
67708
67826
67902
34941
35016
35312
35455
35533
35869
35901
35916
36090
36268
36296
36369
36734
37216
37239
37295
37296
37385
37572
37600
37617
37647
37709
37874
37891
38401
38608
38662
38886
38954
39424
39913
40396
40559
40718
40865
41035
41037
41557
41583
41846
41860
42086
42295
42314
42474
42611
42756
42967
43573
68102
68117
68173
68373
68427
68821
68911
69002
69026
69129
69284
69296
69305
69487
69544
70030
70296
70520
70589
70633
70909
70910
70987
71028
71054
71070
71106
71120
71149
71265
71283
71673
71865
71957
71968
72016
72386
72475
72701
72731
73055
73119
73247
73342
73413
73526
74073
74467
74489
74532
74689
74806
74938
75089
75237
75311
75446
75449
75454
76095
76152
76887
77409
77589
77792
78092
78615
78791
78952
79215
79254
79292
79307
79334
79349
79414
79767
79824
79862
79871
79980
80029
80052
80090
43884
43913
43936
44079
44120
44453
44799
45157
45308
45468
45553
45615
45652
45808
45931
45979
45989
46003
46285
46328
46361
46405
46406
46522
46535
46592
46741
46793
46912
46956
47053
47058
47082
47112
47128
47145
47155
47209
47214
47217
47256
47393
47722
47748
48021
48048
48069
48078
48451
48592
48606
48662
48783
48810
48831
48975
48988
49086
49096
49146
49230
49235
49316
49474
49497
49502
49531
49632
49671
49676
49946
49985
49993
50204
50229
50233
50241
50263
50336
50555
50569
50633
50706
50847
51069
51154
51209
51303
51384
51430
51621
51779
51863
51983
52131
52253
52376
52378
52384
52482
52591
52674
52710
52774
52826
52899
53234
53289
53307
53318
53389
53474
53538
53542
53546
53606
53708
53726
53826
53889
54014
54052
54054
54172
54243
54264
54286
54308
54361
54429
54611
54632
54688
54725
54806
54903
54913
54916
55055
55141
55168
55190
55202
55587
55661
55725
55750
55771
55800
55852
55858
55885
55930
56007
56053
56074
56099
56139
56279
56342
56430
56491
56634
56645
56835
56860
56904
56981
57082
57141
57252
57342
57403
57432
58206
58276
58444
58490
58655
58672
58882
58972
59209
59225
59387
59468
59536
59591
212
213
214
11439
11441
11604
12294
12437
12519
12525
12541
12897
12899
12938
13037
13070
13072
13434
13438
14355
14374
14375
14420
14426
14568
14583
15300
15371
15487
15707
15875
15942
16078
16192
16267
16287
16289
16683
16783
16937
17023
17156
17191
17232
17300
26704
26760
26881
26938
27011
27172
27330
27361
27562
27571
27652
27925
27987
28046
28064
28096
28118
28180
28199
28340
28613
28674
28684
29017
29224
29417
30240
30249
30271
30297
30314
30369
30435
30455
30463
31265
31556
31735
32062
32117
32583
33394
33449
33468
33598
33619
33727
33834
33945
34048
34156
34321
34464
34505
19182
19395
19951
19991
20214
20281
20309
20358
20570
20588
20633
20684
20780
21172
21443
21920
22113
22256
22277
22362
22486
22494
22577
22582
22675
22771
23074
24417
24773
25077
25228
25335
25521
25624
25642
25869
25911
25975
26017
26104
26128
26146
26200
26386
26389
26560
26570
26647
80212
80249
80284
80418
80530
80534
80573
80865
81464
82045
82323
82353
82372
82422
82467
82477
82590
82597
82706
82742
82947
83025
83050
84043
84048
84073
84233
84273
84281
84328
84482
84732
84834
84858
84874
85011
85147
85328
85427
85502
85542
85582
85587
85794
85938
80297
80300
80364
80449
80532
80591
80609
80679
80821
80825
80852
80971
81089
81177
81226
81435
81910
82192
82230
82247
82468
82679
82820
82822
82976
83015
83214
83252
83512
83676
83743
84470
84731
85012
85015
85078
85275
85497
85600
85685
51761
51802
51867
51948
52327
52356
52380
52427
52602
52617
52631
52776
52795
52798
52803
52871
52892
52990
53061
53085
53154
53324
53391
53812
53912
53952
54171
54197
54235
54254
54455
54642
54939
54940
55062
55130
55311
55919
56077
56321
56404
56502
56701
56756
56788
56855
57019
57069
57303
57425
57461
57535
57666
57719
57876
57939
57980
58094
58127
58421
58559
58646
58874
58910
58949
59135
59270
59316
59339
59388
67934
67935
68012
68074
68101
68142
68147
68163
68436
68496
68644
68710
68766
68803
68979
69068
69122
69147
69159
69262
69503
69525
69867
70011
70014
70019
70057
70246
70281
70306
70308
70423
70480
70555
70754
70793
70849
70950
71152
71218
71370
71497
71765
72177
72572
72894
73553
73920
74067
74220
74281
74439
74468
74470
74521
74551
74802
74885
76847
76907
76985
77029
77100
77133
77282
77528
78260
78715
78986
79001
79109
79259
79353
79625
79797
79810
79887
80101
80205
59716
59766
59804
59853
59854
59904
60191
60255
60286
60358
60494
60519
60545
60608
61106
61132
61141
61276
61320
61604
61644
61687
61702
61734
61781
62259
62384
62393
62488
62636
62654
62705
62801
62847
63268
63356
63468
63480
63675
63790
63824
63850
63853
63863
63922
63987
64039
64236
64462
64463
64494
64646
64690
64837
64932
65078
65125
65400
65767
66039
66055
66198
66216
66305
66372
66385
66471
66604
66670
66748
67255
67380
67510
67572
67695
67705
67771
67874
34932
34968
34981
35350
35668
35671
35815
36139
36597
36732
36784
36896
37234
37388
37416
37882
38172
38184
38235
38299
38464
39023
39230
39401
39586
39974
40498
40886
41630
41771
42313
42637
43223
43612
43652
43673
44025
44121
44322
44383
44441
44561
44842
44882
45102
45813
45829
45863
45884
46065
46183
46218
46594
46633
46726
46799
47060
47311
47318
47375
47394
47585
47759
47821
47906
47978
47979
47985
48216
48387
48498
48536
48688
48721
48978
49077
49141
49422
49432
49450
49687
49927
50054
50072
50904
51031
51261
51462
19359
19436
19479
19791
20099
20206
20387
20422
20983
21200
21246
21283
21439
21623
21703
21853
21879
21905
21922
21963
21980
22007
22199
22928
24429
24568
24630
24811
25145
25418
25942
25974
26143
26434
26477
26594
26597
905
11482
11487
12414
12498
12543
12609
12720
12848
12854
12916
13052
13223
13276
13587
13694
13758
14069
14081
14267
14403
14590
14926
14972
15314
15385
15432
15652
15685
15976
16343
16642
16657
16709
16743
16821
16841
16863
16943
17136
17186
17188
17330
26705
26740
26742
26809
26838
26913
27336
27352
27377
27404
27431
27480
27660
27776
27852
27989
27991
28017
28023
28038
28162
28314
28358
28388
28394
28454
28853
28887
28978
30257
30277
30356
30410
30474
30571
30600
30695
31256
32322
32444
33478
33491
33524
33567
33935
34073
34397
34429
34443
34610
34756
34880
26693
27005
27008
27063
27256
27279
27301
27418
27506
27590
27645
27654
27664
27880
27915
27930
27973
28050
28082
28115
28184
28251
28425
28480
28496
28965
29041
29564
29840
29915
30312
30329
30679
31697
32404
32917
33030
33401
33412
33484
33514
33629
33794
34003
34039
34243
34247
34354
34523
34623
34746
34863
35581
35619
36169
36170
36178
36266
36325
36551
36838
36912
37086
37158
37354
37608
37678
37774
37911
38039
38280
38373
38507
38528
38550
38681
38751
39062
39095
39376
39483
39568
39642
39701
39965
40035
40125
40152
40627
41074
41940
42177
42312
42763
42956
43158
43203
68035
68079
68172
68196
68255
68339
68485
68984
69046
69059
69210
69342
70003
70248
70279
70594
70728
70882
70896
70938
70960
71022
71338
71585
71594
71856
71866
72088
72415
72556
72675
72724
72835
72933
72957
73095
73124
73300
73324
73465
74149
74357
74491
74499
74536
74543
74557
74574
75020
75115
75180
75203
75304
75366
75372
75393
75447
77473
77709
77796
78192
78457
78461
78463
78481
78596
78820
78898
78915
79057
79078
79147
79210
79317
79395
79464
79500
79555
79945
79988
80198
80320
80381
80387
80494
80543
80610
80647
81111
81785
81855
81956
81991
82030
82063
82094
82119
82177
82180
82197
82214
82255
82398
82425
82436
82450
82462
82484
82495
82537
82541
82654
82701
82721
82887
83018
83116
83127
83131
83150
83160
83199
83210
83936
84525
84892
84953
85140
85163
85173
85211
85461
85482
85712
85729
85745
51709
51785
51862
51884
51890
51902
51949
51955
52246
52252
52425
52560
52694
52829
52856
52860
53087
53129
53198
53371
53435
53464
53664
53787
53990
54016
54290
54448
54449
54616
54647
54759
54872
54891
54906
54996
55181
55256
55375
55488
55536
55670
55697
55809
55834
55857
55876
55888
55965
56046
56107
56213
56221
56462
56521
56579
56591
56811
56847
56864
56896
57007
57234
57235
57268
57271
57537
57559
57568
57645
57745
57792
57947
58095
58317
58319
58347
58348
58506
58529
58632
58647
58694
58703
58709
58895
59130
59136
59176
59284
59404
59511
59659
59791
59817
59970
60339
60517
60576
60584
60624
60721
60899
60987
61209
61313
61344
61350
61356
61361
61415
61691
61706
61740
61760
61791
61820
61889
62000
62007
62037
62255
62600
62604
62857
62928
62955
63076
63125
63171
63239
63300
63483
63657
63896
63937
63976
63985
64174
64242
64285
64297
64438
64439
64528
64548
64619
64658
64694
64962
65128
65239
65260
65699
66004
66044
66057
66209
66430
66606
66755
66927
67056
67147
67232
67332
67541
67623
67784
67797
67871
11392
11432
12461
12914
12924
12985
13071
13217
13243
13436
13666
13724
13877
14041
14042
14136
14268
14361
14362
14377
14404
14532
14554
14599
14619
14695
14824
14980
15079
15180
15375
15379
15403
15489
15655
15808
15919
16519
16921
16971
17059
17150
17248
17385
43644
43780
43868
43978
43983
44330
44403
44542
44596
44621
44667
44798
45014
45279
45321
45788
45792
45816
45838
46206
46289
46559
46580
46780
47250
47259
47306
47440
47602
47608
47617
47774
47855
47863
47961
48056
48071
48102
48285
48318
48326
48440
48448
48459
48555
48557
48585
48736
48774
48777
48893
48941
49035
49153
49184
49197
49253
49392
49488
49500
49682
49745
49805
49930
50028
50157
50328
50379
50473
50672
51028
51255
51442
19195
19560
19566
19575
19714
19814
19827
19869
19897
19984
20030
20034
20036
20041
20084
20138
20167
20202
20222
20231
20268
20348
20372
20390
20393
20409
20417
20426
20437
20440
20446
20462
20466
20473
20484
20495
20509
20523
20547
20571
20623
20679
20716
20726
20738
20793
20835
20841
20842
20866
20934
20956
21312
21351
21529
21761
21766
21787
22096
22101
22117
22274
22505
22508
22698
22699
22846
23111
24492
24769
24777
24889
25212
25284
25337
25348
25371
25387
25402
25426
25515
25538
25583
25864
26054
26077
26079
26142
26271
26321
26402
26566
26691
17789
19588
19988
20048
20065
20071
20248
21361
21389
21698
21869
22023
22191
22396
22403
22452
22844
22885
22971
23224
23230
23292
23324
24481
24671
24673
24851
25325
25575
25682
25780
25819
25874
26000
26056
26065
26147
26191
26253
26266
26293
26365
26453
26483
26562
51690
51793
51847
51954
51994
52049
52132
52225
52368
52382
52632
52751
52796
52863
52891
52894
52946
53090
53130
53467
53609
53616
53662
53862
53877
54513
54576
54761
54765
54802
54830
54863
55009
55031
55032
55056
55208
55258
55338
55443
55530
55542
55588
55712
55746
55787
55990
56133
56277
56359
56373
56519
56643
56672
56716
56853
56939
57029
57464
57546
57869
57929
58026
58106
58156
58161
58589
58675
58688
58913
59044
59184
59259
59307
59486
59542
67942
67978
67980
68091
68112
68140
68228
68460
68834
68891
69090
69245
69274
69324
69375
69391
69454
69993
70023
70139
70221
70270
70538
70621
70734
70791
70834
70845
70889
71086
71094
71245
71341
71471
71734
72183
72649
72974
73285
73352
73420
73491
73591
73601
74174
74533
75037
77790
77911
78171
78526
78572
78722
78754
78755
78847
78945
79004
79034
79159
79169
79764
79886
79942
79948
79958
79987
80022
26761
26830
26856
26989
27101
27135
27242
27267
27451
27483
27533
27587
27696
27701
27730
27838
27951
27967
27994
28009
28069
28074
28084
28088
28124
28316
28999
29061
29223
29407
30305
30338
30363
30382
30979
31008
31227
31626
31722
31765
32091
33389
33390
33425
33599
33609
33618
34581
34881
34971
35014
35026
35372
35667
35674
35962
36521
36780
37084
37143
37566
37582
37618
37671
37692
38037
38094
38209
38321
38477
38591
38708
38883
38908
38998
39172
39200
39316
39518
40171
40291
40584
40720
40768
41073
41141
41768
41796
42000
42153
42273
42281
42377
42590
42652
42773
42805
42834
43093
43138
43302
43343
43384
43450
43538
80325
80371
80498
80733
80842
80844
80849
80858
80946
81034
81109
81116
81136
81212
81770
81912
82023
82118
82216
82280
82505
82556
82605
82677
82694
82778
82806
82924
83001
83196
83251
83670
83819
84002
84398
84535
84587
84899
84965
85007
85304
85391
85436
85595
85627
85749
85752
85850
85869
43645
43680
43798
43869
43883
43892
43937
43993
44092
44204
44207
44628
44751
44802
44888
44977
45271
45334
45345
45367
45525
45729
45887
45968
45983
46075
46322
46396
46438
46495
46722
46852
46885
46964
46988
47070
47171
47541
47564
47577
47946
47953
48109
48263
48274
48493
48539
48678
48821
48836
49004
49548
49644
49668
49803
49817
49940
49984
50253
50516
50542
50803
50869
51128
51305
51439
51483
51580
51645
51666
59880
59886
60051
60071
60096
60187
60340
60351
60405
60406
60643
61018
61021
61324
61407
62034
62083
62122
62182
62379
62413
62457
62466
62503
62827
62889
62904
63055
63066
63138
63165
63178
63358
63431
63734
63784
63802
63903
63974
63990
64020
64063
64073
64101
64130
64183
64238
64588
64764
64817
64850
64895
64958
65131
65359
65397
66129
66136
66306
66313
66519
66624
66715
66776
67431
67603
67627
67913
215
216
12439
12533
12578
12755
12773
12870
12977
13215
13304
13478
13557
13562
13615
13639
13643
13705
13713
13838
13874
14313
14395
14605
14677
14865
15023
15596
15700
15934
16140
16291
16572
16593
16637
16694
16734
16741
16746
16801
17242
17405
12697
12753
13018
13044
13120
13197
13362
13404
13465
13497
13549
13750
13793
13837
13911
13958
14033
14039
14086
14253
14409
14477
14603
14697
14917
15041
15155
15477
15491
15569
15619
15757
15873
15914
15978
16128
16346
16450
16615
16884
17032
17078
17112
17204
17250
17534
17567
35256
35270
35763
35769
35895
35896
35987
36041
36180
36399
36413
36818
36908
36939
37008
37205
37344
37363
37848
37864
37934
37982
38010
38547
38609
38914
38972
39314
39382
39615
40414
40721
40898
40976
41720
41931
41976
41994
42152
42229
42321
42506
42665
42674
42695
42702
42730
42817
43141
43216
43597
68187
68232
68275
68304
68355
68382
68419
68422
68424
68571
68599
68749
69003
69365
69408
69539
69642
70162
70260
70305
70356
70494
70497
70584
70605
70618
70832
70954
71295
71390
71419
71660
71701
71857
72124
72482
72652
72673
72987
73161
73216
73422
73459
73523
73664
73991
74286
74394
74636
74846
74940
75170
75265
75272
75283
77225
77663
78017
78034
78366
78465
78852
78880
79141
79206
79340
79357
79423
79635
79703
79791
80081
19021
19800
19901
19940
20297
20804
21043
21045
21428
21453
21741
21789
21837
21866
21878
21915
21953
21977
21993
22303
22376
22385
22595
22608
22644
22678
22859
22862
24468
24520
24767
25023
25214
25226
25464
25546
25563
25646
25743
26132
26138
26198
26275
26419
26421
26459
26559
26671
51667
51747
52027
52307
52370
52536
52588
52648
52696
52755
52805
52997
53049
53309
53326
53343
53694
53741
53779
53955
53981
53986
54029
54076
54157
54204
54326
54384
54434
54447
54570
54607
54788
54887
54915
55078
55308
55315
55372
55632
56318
56328
56329
56348
56379
56414
56507
56554
56940
57011
57060
57138
57210
57450
57456
57467
57482
57517
57592
57670
57775
57811
57886
57948
57984
58035
58248
58305
58423
58499
58511
58554
58633
58841
58866
58966
59074
59200
59205
59210
59233
59461
59603
27082
27254
27324
27393
27728
27897
28003
28021
28112
28247
28255
28366
28398
28412
28473
28526
28812
29362
29853
30270
30347
30458
30543
30714
30880
31145
31642
31744
32175
32701
32703
32918
33415
33957
33980
34011
34065
34178
34418
34739
59636
59682
59731
59844
60099
60193
60206
60373
60556
60658
60741
60861
60895
61096
61104
61133
61174
61181
61192
61223
61275
61347
61362
61420
61759
61780
61954
62072
62095
62132
62308
62367
62490
62505
62609
62647
62774
62785
62835
63085
63157
63343
63428
63749
63844
63882
63999
64148
64324
64344
64413
64498
65177
65278
65431
65452
65630
65677
65822
65828
66002
66046
66303
66317
66340
66365
66717
66796
66841
67227
67272
67288
67441
67472
67521
67588
67663
80242
80362
80495
80684
80969
81013
81217
81518
81521
81722
81926
82002
82270
82306
82379
82568
82639
82720
82728
83087
83115
83516
83668
83831
84088
84413
84513
84520
84586
84832
84870
85132
85250
85339
85357
85492
85529
85621
85624
85673
85884
44008
44075
44111
44130
44505
44550
44625
44697
44891
44893
44997
45148
45316
45415
45523
45540
45545
45657
45760
45821
45911
46119
46201
46233
46359
46449
46574
46804
47157
47265
47324
47334
47551
47725
47732
47835
47836
47888
47954
48300
48728
48786
48915
49114
49169
49299
49340
49448
49518
49576
49577
49654
49675
49683
50057
50167
50227
50389
50460
50590
50690
50708
50709
50826
50951
51081
51094
51329
51396
51528
51529
43642
43851
43899
44030
44297
44359
44436
44721
44858
44889
44890
44943
44998
45069
45218
45424
45777
45997
46125
46234
46341
46366
46371
46432
46667
46836
46880
47049
47078
47153
47285
47379
47400
47455
47463
47793
47819
47839
47875
48068
48247
48315
48600
48686
48750
48751
48848
49000
49110
49217
49345
49602
49710
50075
50092
50125
50240
50299
50694
50778
50985
51141
51730
51959
52110
52267
52276
52428
52485
52678
52728
52765
52818
52908
52963
52980
53148
53176
53216
53432
53625
53759
53765
53791
53865
53982
54245
54273
54351
54432
54446
54488
54810
54967
54988
55145
55176
55301
55322
55389
55631
55662
55763
55782
55904
55958
56026
56038
56285
56312
56353
56371
56435
56677
56744
56753
56758
56794
56951
57006
57015
57364
57390
57397
57415
57486
57575
57589
57606
57643
57682
57730
57836
57982
58105
58110
58132
58148
58351
58624
58875
59263
59281
59305
59306
59391
59571
59593
67954
67983
68325
68334
68462
68503
68544
68561
68706
68743
68788
68790
68805
68881
68908
68938
68956
69019
69142
69400
69421
69628
69770
69773
69909
70001
70048
70167
70204
70324
70328
70713
71252
71258
71336
71545
71587
71707
71709
71770
72024
72125
72139
72154
73007
73041
73057
73471
74035
74160
74164
74307
74426
74497
74607
76951
77049
77102
77159
77325
77415
77562
77695
77830
78106
78356
78378
79010
79135
79295
79444
79548
79711
79809
79822
80065
80149
80164
80206
80207
80210
11391
11592
12276
12633
12922
13104
13167
13272
13564
13848
14133
14359
14422
14886
14895
15003
15097
15453
15579
15601
15848
15881
16018
16083
16156
16200
16413
16733
17067
17360
17379
17638
35080
35096
35438
35798
35985
36031
36044
36142
36316
36423
36481
36766
36829
36833
37104
37108
37651
37693
38005
38444
38455
38519
38809
39157
39238
39290
39403
39409
39621
39901
39980
40204
40337
40387
40445
41136
41284
41474
41647
42206
42265
42419
42499
42666
42798
42830
43010
43446
43473
19199
19307
19409
19872
20219
21015
21284
21313
21401
21604
21616
21645
21660
21822
22048
22067
22304
22319
22455
22487
22489
22541
24486
24490
24619
24740
25220
25636
25649
26097
26233
26238
26515
26550
80233
80253
80261
80287
80406
80434
80464
80605
80677
81144
81171
81967
82077
82459
82722
82729
82841
82851
83009
83192
83230
83365
83506
83693
83817
83864
83937
84196
84547
84827
84915
85153
85234
85535
85585
85619
85788
26774
26846
26852
26888
27171
27197
27229
27382
27447
27478
27549
27576
27769
27891
27929
28029
28119
28123
28151
28301
28308
28539
28866
29227
30238
30316
30388
30519
30684
32436
33212
33460
33569
33591
34163
34339
34777
60344
60398
60515
60648
60652
60736
60807
60878
60972
61078
61084
61252
61284
61491
61526
61551
61597
61619
61635
61716
61741
61824
61865
62033
62060
62523
62537
62858
62899
62910
62999
63008
63184
63637
63647
63659
63735
63769
63819
63960
64107
64232
64352
64518
64649
64652
64692
64948
65165
65542
65553
65608
65763
65838
65867
65879
65935
65973
65998
66040
66489
66678
66687
66814
66820
66949
67105
67267
67276
67327
67370
67373
67465
67625
67780
67822
67843
67891
59627
59846
59893
59905
60331
60337
60512
60538
60642
60660
60667
60684
60729
60773
60799
60864
61111
61273
61294
61317
61633
61834
61846
61920
61930
62174
62477
62545
62552
62998
63035
63042
63187
63196
63273
63369
63441
63496
63700
63711
63852
63913
63942
64000
64024
64095
64125
64151
64189
64244
64437
64507
64523
64623
64814
64941
65117
65211
65354
65404
65463
65564
65636
65740
65783
65827
66262
66563
67430
67457
67599
67628
67687
67860
67890
35567
36188
36190
36377
36496
36643
36863
37516
37570
37830
37861
38260
38570
38873
39057
39191
39358
39496
39608
39830
39904
39933
41012
41029
41610
41772
41911
42169
42261
42382
42468
42620
42850
43072
43245
43288
43513
43595
68078
68454
68719
69039
69230
69244
69351
69462
69615
69777
69894
69940
69949
70058
70235
70422
70489
70601
70662
70838
70943
71196
71351
71378
71691
71706
71781
71832
72051
72512
73002
73142
73275
73288
73397
73403
73504
73643
74178
74209
74240
74265
74276
74476
74494
74504
74567
74887
75124
75437
76987
77016
77210
77340
77582
77712
78129
78405
78865
78887
79119
79151
79155
79237
79293
79540
79741
79819
79860
80103
80154
80208
43867
44286
44388
44443
44444
44704
44750
44870
44976
45160
45169
45227
45237
45261
45329
45590
45701
45801
45883
45907
45972
46035
46151
46197
46204
46227
46306
46374
46404
46520
46794
46887
47081
47201
47371
47533
47565
47696
47760
47869
47904
47922
48010
48074
48126
48133
48160
48338
48348
48383
48431
48476
48521
48525
48682
48726
48812
48884
48900
49070
49119
49252
49288
49296
49315
49557
49678
49716
49730
49801
50004
50120
50370
50400
50540
50550
50611
51135
51487
51794
51824
51843
52105
52113
52169
52350
52497
52543
52944
53349
53408
53690
54413
54450
54485
54613
54637
54855
55063
55173
55175
55186
55199
55416
55515
55532
55793
55795
55855
55915
56082
56167
56211
56508
56538
56594
56699
56813
56817
56918
57074
57083
57383
57466
57890
58119
58207
58221
58361
58526
58609
58757
59143
59180
59204
59239
59294
59460
12425
12603
12668
12940
13058
13191
13273
13313
13444
13449
13588
13649
13723
14023
14223
14307
14474
14584
14659
14687
14839
15067
15340
15427
15523
15593
15758
16067
16284
16542
16587
16680
17062
17123
17338
27144
27180
27507
27618
27642
27879
28131
28144
28174
28396
28574
28639
28695
29012
29056
29914
30269
31270
31326
33384
33479
33603
34868
19122
19228
19343
19344
19425
19490
19690
19722
19787
19871
19887
19922
19930
20000
20011
20027
20100
20114
20179
20218
20346
20376
20421
20470
20478
20564
20568
20595
20605
20622
20635
20673
20680
20736
20740
20845
20850
20871
20895
20898
20971
21096
21097
21171
21416
21448
21852
21927
21958
22172
22325
22373
22428
22457
22479
22586
22598
22731
22738
22954
24377
24423
24518
24588
24617
24703
25096
25193
25207
25249
25312
25490
25564
25664
25705
25923
25976
25984
26018
26234
26317
26400
26447
26613
26614
26678
80230
80396
80444
80475
80637
80651
80855
80954
81155
81430
81764
81816
81843
81954
81994
82010
82058
82108
82143
82222
82225
82367
82527
82543
82610
82640
82801
82978
83056
83057
83185
83217
83295
83539
84725
85083
85228
85355
85744
80437
80588
80643
82029
82130
82351
82702
82774
83051
83287
83666
83928
83934
84271
84927
85269
85441
85499
51797
51895
51946
51979
52072
52228
52258
52304
52385
52391
52398
52464
52864
53043
53201
53296
53404
53494
53549
53666
53804
54021
54067
54301
54416
54711
54786
54805
54842
54874
54904
54994
55302
55353
55383
55448
55483
55558
55871
55891
56360
56510
56550
56597
56750
56885
56926
56979
57192
57194
57258
57514
57672
57931
57949
58028
58420
58437
58445
58543
58920
59283
59500
68081
68181
68317
68628
68639
68666
68707
68760
68781
68813
68974
69000
69057
69350
69411
69524
69561
69575
69636
69826
69905
70073
70180
70247
70322
70391
70484
70499
70514
70541
70558
70562
70865
71431
71505
71558
71880
72007
72115
72171
72231
72256
72377
72383
72874
73013
73461
73490
73588
74103
74106
74517
74527
74593
74709
77258
77786
77905
78080
78202
78452
78916
78948
78996
79006
79113
79185
79243
79279
79365
79599
79695
79769
79946
80018
80045
80122
80133
80150
80173
59800
59801
59830
60025
60117
60139
60385
60609
60699
60833
60870
60909
61330
61357
61370
61393
61637
61729
61821
61854
62140
62219
62286
62571
62588
62613
62725
62783
62944
62948
63072
63145
63153
63391
63533
63716
63758
63834
63982
64027
64213
64522
64536
64581
64659
64683
64841
64888
64927
64951
64973
65048
65119
65122
65127
65257
65271
65287
65302
65333
65383
65602
65714
66505
66895
66920
67141
67338
67353
67498
67604
67644
67669
67701
67734
67779
67819
35724
35938
36136
36137
36383
36598
36768
36824
36839
37339
37377
37400
37718
37872
37876
38350
38790
38804
38820
39196
39789
39936
40377
41307
41546
41560
41770
42233
42406
42487
42614
42711
42769
43078
43369
43462
43481
43965
44124
44174
44385
44431
44664
44687
45183
45246
45350
45456
45559
45665
45680
45689
45966
46054
46269
46298
46397
46810
46922
46972
47003
47115
47135
47221
47261
47591
47822
48134
48484
48771
49085
49162
49343
49517
49527
49629
49855
49932
50061
50163
50804
50832
51192
51426
51510
51605
18982
19252
19438
19529
19544
19877
20207
20216
20583
20626
20859
21170
21261
21557
21564
21588
21859
22169
22339
22367
22415
22490
22504
22531
22536
22953
25525
25651
25763
25781
26176
26223
26255
26265
26281
26558
26581
26603
26636
26654
26684
12387
12513
12654
12804
12894
13134
13397
13691
13779
13813
13989
13996
14072
14079
14224
14388
14392
14588
14698
14853
14954
15195
15252
15328
16170
16263
16313
16330
16442
16701
17084
17147
17167
17212
17244
17286
17310
17351
17366
17419
26748
26777
26932
27055
27142
27311
27362
27408
27443
27481
27517
27591
27594
27624
27668
27676
27818
27837
27961
28026
28161
28281
28283
28397
28524
28525
28794
28883
28896
30378
30576
30580
31870
31960
32068
32434
32783
33445
33864
34001
34031
34069
34112
34139
34170
34254
34282
34343
34481
34568
34576
34723
26907
26937
26994
27056
27061
27083
27121
27321
27331
27371
27470
27477
27608
27619
27723
27829
27898
28094
28376
29139
29191
30261
30340
30605
31368
32427
33393
33486
33534
33542
33593
33688
33978
34296
34461
34781
35196
35344
35608
36118
36290
36568
36771
36868
36922
36996
37228
37259
37407
37486
37552
37606
37680
37764
38131
38281
38372
38483
38808
39950
39953
40092
40296
40297
40537
41128
41358
41405
41923
42067
42246
42884
42936
43076
43156
43598
68051
68143
68421
68430
68457
68493
68629
68764
68977
69121
69148
69190
69332
69606
69778
69893
70035
70205
70292
70329
70362
70377
70378
70533
70741
70767
70785
70946
71051
71236
71300
71429
71448
71525
71565
71589
71786
71839
71911
72158
72345
72536
72630
72757
72838
72995
73103
73203
73497
73700
74094
74409
74824
74890
74895
75142
75156
75302
76929
77069
77120
77366
77534
77739
78284
78329
78370
78565
78954
79000
79064
79262
79364
79473
79805
79917
79934
79979
80023
80055
80058
80238
80421
80432
80654
80665
80934
81126
81485
81737
82008
82239
82330
82475
82580
82611
82716
82837
82876
83082
83193
83285
83824
84275
84867
84920
85220
85267
85310
85505
85601
85611
85620
85662
85743
51710
52050
52068
52106
52186
52347
52358
52362
52471
52529
52545
52622
52676
52749
52814
52817
53099
53185
53282
53382
53386
53471
53558
53630
53673
53918
54060
54529
54577
54601
54677
54797
54809
54946
55013
55079
55120
55192
55769
55798
55805
56314
56364
56467
56604
56611
56663
56858
56937
57037
57218
57282
57442
57455
57580
57582
57625
57751
57852
58063
58118
58473
58603
58629
58811
58995
59013
59021
59113
59285
59516
59594
59763
59782
59973
60208
60302
60306
60363
60415
60542
60670
60705
60747
60769
60931
60940
60974
61099
61208
61374
61448
61468
61776
61910
62025
62041
62103
62524
62689
62757
62789
63044
63148
63349
63620
63664
63738
63746
63800
64091
64092
64155
64186
64195
64374
64443
64453
64706
64870
64903
64940
65147
65342
65389
65442
65448
65458
65512
65974
66021
66171
66350
66558
66757
67025
67208
67301
67478
67545
67727
67806
67872
217
218
12815
12827
13108
13364
13406
13641
13719
13786
13917
14044
14061
14137
14234
14437
14542
14669
15336
15473
15535
15664
15682
15805
15856
15924
15945
16362
16639
16802
16995
17143
17161
17196
17373
17527
17639
17686
43765
43891
43961
44061
44160
44201
44526
44529
44538
44739
44785
44886
44928
45117
45193
45289
45562
45607
45672
45735
46145
46162
46333
46355
46779
46815
46905
46973
47051
47186
47332
47392
47458
47621
47641
47709
47761
47787
47831
47842
47845
47994
48009
48088
48390
48412
48531
48577
48593
48729
48892
48902
49010
49045
49128
49185
49410
49593
49651
49652
49796
49915
50085
50282
50354
50376
50650
50679
50956
51176
51377
51484
51498
51499
51571
18327
18981
19576
19618
19782
19831
19894
20613
20688
20718
20801
20846
21335
21341
21353
21379
21400
21684
21726
21839
21843
22100
22276
22532
22642
22676
22869
22960
24395
24480
24554
24596
24626
24986
25277
25350
25368
25403
25578
25933
26314
26473
26523
19829
20134
20246
20315
20337
20448
20765
20799
20955
21105
21359
21366
21455
21681
21969
21995
22095
22207
22213
22231
22278
22366
22580
22907
23075
24304
24547
24640
24664
24797
24817
25385
25640
25745
25753
26087
26556
26625
26674
51743
51765
52028
52032
52241
52309
52868
52888
52919
52987
53028
53083
53104
53243
53310
53583
53683
53770
53784
53922
53953
54675
54889
55060
55155
55160
55177
55215
55334
55580
55743
55843
56006
56058
56300
56439
56469
56768
56848
57049
57158
57251
57363
57446
57480
57677
57732
57736
57786
57888
57954
57974
58071
58254
58336
58673
58799
58829
58846
58944
58952
59069
59219
59241
59278
59302
59348
59485
68007
68057
68411
68509
68579
68614
68716
68851
68901
69085
69258
69328
69388
69553
69565
69712
70177
70206
70510
70561
70787
71166
71208
71246
71375
71483
71521
71710
71813
71854
72265
72459
72706
74048
74129
74204
74591
75236
76140
76957
77114
77836
78005
78069
78389
78496
78543
78549
78561
78636
78713
79172
79260
79355
79472
79668
79692
79806
79808
79892
79994
80106
80153
26800
26911
26965
26999
27153
27476
27634
27674
27682
27687
27762
27790
27854
27871
27923
28113
28134
28344
28395
28451
28851
30241
30242
30322
30330
30345
31621
31658
31661
33442
33455
33494
33504
33558
33630
33643
34060
34061
34074
34173
34215
35318
35503
35670
35672
35777
36084
36196
36398
36427
36788
36904
36983
37012
37032
37129
37272
37324
37350
37670
37790
37808
37910
38123
38334
38336
38556
38638
38750
38999
39650
39727
39946
39947
39956
39976
39985
40364
40741
40786
41231
41562
42092
42114
42258
42370
42425
42463
42584
42993
43122
43440
43444
43495
43499
80317
80326
80333
80372
80379
80517
80623
81364
81633
82148
82287
82519
83369
83592
83710
84258
84333
84774
84936
85041
85300
85309
85356
85398
85548
85551
85939
43715
43812
43849
44141
44186
44440
44524
44597
44725
44774
44811
44903
45027
45535
45596
45758
46113
46178
46664
46732
46811
46937
46990
47084
47118
47267
47362
47500
47574
47649
47765
47830
47846
47852
48172
48371
48411
48509
48789
48916
48950
48987
49014
49283
49507
49545
49666
49703
49960
50080
50116
50582
50726
50893
51077
51187
51301
51633
59641
59647
59894
59902
60006
60027
60209
60283
60294
60329
60600
60677
60728
60731
61054
61156
61233
61256
61440
61620
61815
61882
61923
61980
62229
62285
62348
62411
62426
62461
62465
62519
62586
62659
62665
62794
62901
62924
63090
63091
63281
63392
63408
63660
63766
63918
63921
63989
64391
64456
64538
64707
64712
64789
64844
64884
64995
65073
65193
65269
65330
65571
65695
65701
65745
65772
65815
65837
65943
66017
66065
66106
66211
66655
67302
67314
67552
67865
219
532
12325
12580
12596
12709
12763
12843
13054
13118
13162
13236
13398
13981
14328
14689
14891
15447
15581
15781
15841
15962
15993
16513
16591
16605
16785
16786
16873
17113
17263
17365
220
221
11365
11373
12329
12560
12673
12982
13154
13199
13899
14052
14128
14147
14284
14304
14512
14528
14533
14730
14814
14870
14968
15089
15182
15421
16037
16080
16484
16698
16755
16771
16918
17031
17049
17508
35041
35084
35146
35205
35998
36198
36212
36302
36308
36324
36441
36450
36505
36719
36852
37237
37241
37318
37650
37665
37804
38047
38049
38526
38721
39325
39488
39579
39653
39714
39770
40198
40294
40316
40464
40562
40604
40623
40982
41122
41376
41426
41614
41624
41782
42269
42349
42905
42988
43027
43249
43262
43380
68036
68349
68700
68841
68928
69013
69024
69042
69070
69248
69250
69278
69397
69417
69609
69798
69805
69806
69891
70071
70215
70231
70254
70266
70310
70394
70530
70575
71320
71580
71702
71789
71796
71807
71882
71941
72305
72388
72428
72431
72474
72506
72796
72923
73078
73085
73312
73646
74418
74534
74704
74748
75080
75381
77083
77697
77718
77953
78297
78662
78714
78803
78884
79083
79097
79188
79733
79777
80080
80148
80179
80188
19063
19209
19305
19437
19445
19530
19557
19742
19750
19758
19759
19777
19853
19890
19893
19920
20054
20080
20090
20252
20275
20356
20502
20517
20667
20936
20974
20994
21019
21153
21199
21318
21325
21363
21457
21575
21613
21688
21793
21803
21833
22190
22284
22297
22448
22527
22802
22831
23061
23218
23239
23410
23484
23499
23507
23509
23520
23576
23584
24567
24573
24822
24842
25076
25106
25110
25153
25299
25424
25440
25522
25529
25532
25571
25688
25876
25895
26010
26026
26049
26156
26260
26378
26391
26563
26571
51762
52283
52438
52559
52582
52794
52900
52920
52983
53074
53103
53138
53187
53271
53450
53833
53839
54024
54064
54069
54129
54271
54327
54349
54490
54590
54702
55119
55226
55303
55473
55606
55633
55775
55825
56357
56377
56438
56782
56874
56916
56990
57254
57256
57498
57523
57740
57997
58021
58058
58070
58354
58376
58878
58901
59088
59090
59373
59498
59513
26721
26887
27111
27125
27160
27313
27412
27493
27593
27632
27716
27783
27843
27960
27996
28007
28015
28025
28033
28128
28385
29021
29055
29149
29388
30728
30877
32078
32357
33403
33592
33625
33695
33844
33996
34403
34613
34670
59679
59684
59736
59761
60074
60154
60265
60578
60814
60845
60856
61086
61145
61189
61190
61323
61503
61537
61903
61998
62427
62518
62635
62692
62744
62792
62829
62854
62994
63222
63224
63568
63794
63865
63887
63929
64040
64164
64414
64747
64784
64911
65070
65100
65136
65185
65273
65295
65462
65484
65806
66399
66454
66491
66779
67017
67356
67451
67636
67673
67679
67746
67788
67869
67877
67904
80279
80294
80358
80359
80524
80666
80846
80864
80988
81143
81932
82051
82088
82248
82276
82344
82359
82360
82373
82518
82529
82704
82871
83626
83682
83860
84062
84347
84363
84371
84761
84873
85058
85097
85127
85152
85563
43629
43814
43999
44005
44081
44248
44684
45078
45197
45248
45575
45638
45660
45666
45684
45770
45786
45823
45918
45930
45940
45974
46377
46567
46669
46670
46707
46735
46883
46991
47014
47041
47045
47146
47166
47203
47374
47552
47566
47613
47783
47899
47974
47990
48123
48163
48238
48279
48307
48379
48571
48748
49088
49285
49479
49820
49859
49905
49995
50365
50549
50758
51014
51076
51241
51298
51408
51418
51492
51592
51595
51665
43833
43840
44717
44793
44832
44861
44873
44879
44975
45118
45339
45637
45871
45921
46165
46614
46640
46758
46879
47284
47527
47704
47758
47763
47840
47861
47891
48011
48018
48054
48128
48322
48648
48658
48661
48695
48776
48855
48904
49076
49498
49768
49846
50209
50271
50614
50766
50964
51015
51041
51214
51239
51353
51651
51742
51775
51848
52075
52270
52447
52521
52675
52685
52904
52952
53004
53069
53263
53306
53385
53451
53545
53568
53627
53628
53743
53879
53903
54173
54295
54307
54386
54493
54507
54582
54587
55049
55576
55658
55717
55920
56113
56234
56425
56485
56795
56825
56834
56871
56912
57056
57123
57380
57430
57487
57634
57793
58060
58176
58343
58386
58553
58702
58736
58839
58863
59273
59524
68065
68191
68277
68602
68698
69533
69541
69632
69646
69672
69964
70039
70081
70157
70245
70289
70360
70364
70386
70407
70749
70774
71273
71276
71362
71542
71964
72050
72781
72983
73619
74134
74261
74304
74335
74407
76148
76853
76859
76896
77062
77151
77153
77405
77502
77538
77856
77938
78135
78212
78477
78515
78631
78856
78869
78885
79089
79985
80070
222
223
523
524
525
12599
12879
13013
13148
13229
13484
13540
13566
13732
13769
13819
13888
13930
13997
14012
14062
14113
14130
14278
14428
14525
14704
14714
14859
14938
15189
15241
15493
15627
16041
16120
16248
16249
16322
16337
16469
16516
16520
16941
16949
16960
17108
17124
17148
35057
35335
35413
35461
35745
35940
35963
36204
36714
36725
36782
37079
37294
37492
37732
37901
38542
39045
39209
39490
39532
39738
40313
40422
40478
40516
40611
40645
40647
40935
41442
41952
42100
42439
42520
42793
42863
43008
43285
43289
43323
43393
43476
43591
43604
17796
19225
19699
20277
20745
20770
20982
21008
21066
21188
21190
21195
21204
21296
21478
21528
21631
21707
21776
21845
22198
22246
22522
22843
22861
22866
24075
24575
24698
24819
25519
25544
25696
25792
25859
26038
26084
26298
26367
26451
26573
26608
80343
80431
80501
80538
80567
80602
80611
81643
81647
82395
82431
82655
82910
83157
83724
84074
84415
84770
84871
84895
85175
85229
85447
85613
85687
85704
26855
26969
27049
27085
27090
27123
27209
27657
27937
28142
28166
28214
28476
28906
29005
29192
29969
30010
30275
30511
32594
32990
33443
34018
34034
34285
34685
59683
59814
60170
60195
60251
60537
60595
60638
60836
61057
61112
61384
61483
61659
61700
61717
61772
61784
61827
61951
62116
62316
62399
62434
62447
62479
62706
62732
62879
62896
62964
63025
63248
63360
63404
63457
63506
63979
64191
64251
64351
64353
64483
64639
64796
64906
64997
65137
65155
65161
65178
65433
65461
65535
65671
65906
66066
66323
66418
66420
66453
66466
66543
66661
66691
66752
66904
67195
67297
67501
67535
67692
67815
59937
59993
60075
60172
60173
60369
60371
60412
60451
60686
60921
60948
61040
61056
61143
61170
61201
61331
61492
61749
61845
61886
61946
62054
62126
62137
62203
62222
62373
62504
62767
63092
63199
63204
63208
63236
63809
63831
64054
64127
64219
64312
64376
64383
64777
64821
64898
64922
65280
65378
65394
65459
65515
65707
65913
65926
66145
66290
66476
66607
66657
66735
66736
66887
67007
67083
67210
67242
67458
67639
34915
35007
35266
35999
36053
36219
36382
36389
36686
37356
37369
37622
37736
37867
37912
38030
38313
38438
38456
38498
39063
39365
39751
39981
40034
40327
40352
40817
41551
41836
41898
42063
42070
42146
42378
42759
42824
42893
42969
43097
43416
43511
68105
68231
68258
68456
69036
69339
69570
69583
69594
69605
69862
69999
70141
70302
70485
70897
71226
72012
72120
72326
72516
72591
73197
73264
73290
73455
73467
73489
74039
74148
74463
74647
74733
74770
74844
75430
75887
76833
76889
77975
78360
78376
78387
78775
78862
79835
79836
79856
79951
79990
80006
80036
80117
80141
43708
43796
43970
44024
44222
44424
44518
45012
45202
45300
45378
45407
45574
45899
45937
45981
46026
46111
46318
46606
46942
46989
47055
47072
47141
47151
47167
47420
47515
47653
47931
48005
48177
48276
48779
48793
48839
49003
49159
49171
49174
49407
49601
49762
49909
50202
50226
50338
50436
50455
50506
50548
50636
50661
50676
50701
50738
50756
50760
50800
50853
50894
51000
51611
51637
51871
51881
52069
52122
52355
52601
52627
52657
52700
52718
52748
52782
53222
53266
53312
53319
53440
53977
54004
54046
54079
54115
54289
54437
54474
54561
54663
54763
55017
55076
55154
55309
55384
55396
55667
55759
55874
56112
56299
56327
56470
56512
56526
56605
56640
56648
56704
56810
56863
56944
57209
57475
58140
58164
58210
58217
58294
58334
58345
58848
58946
59015
59253
59308
59546
301
11600
12562
12791
12877
12936
12953
12963
13128
13290
13294
13815
14110
14245
14411
14797
14861
15033
15059
15316
15909
16042
16269
17601
26713
26839
27471
27800
27914
27964
28062
28098
28147
28487
28564
29215
29392
29917
30259
30484
30723
31346
31475
31643
32899
33485
33499
33502
33809
34201
34500
34648
19550
19730
19840
19915
20022
20193
20359
20423
20500
20689
20823
20992
21038
21079
21084
21293
21324
21537
21622
21627
21629
21643
21937
22091
22121
22149
22335
22510
22660
22704
22807
22832
22841
22842
23122
24574
24613
24634
24652
24746
24803
25441
25505
25601
26263
26424
26623
80363
80400
80528
80556
80803
81623
82203
82221
82424
82444
82559
82589
82672
82680
82682
82744
82845
82855
82909
82973
83000
83247
83740
84329
84382
84385
84439
84521
84830
84975
85090
85195
85381
85491
85650
85792
80348
80392
80478
80604
80672
80744
80923
81017
81096
81149
81386
81422
81665
81878
82109
82265
82906
83596
83739
84186
84224
84771
84772
84913
84957
85027
85696
51711
51943
52062
52070
52245
52444
52469
52504
52778
52903
52986
53018
53033
53245
53254
53342
53350
53354
53588
53685
53705
53823
53909
54137
54341
54907
54951
54961
54989
55012
55161
55232
55233
55266
55371
55927
56068
56119
56128
56487
56500
56713
56915
57044
57288
57369
57515
57533
57630
57650
57790
57879
58102
58149
58360
58743
58889
58947
58977
58992
58998
59072
59332
59456
68025
68207
68238
68524
68563
68686
68742
68815
68871
68933
69006
69084
69111
69123
69500
69637
69674
69812
70069
70183
70223
70352
70408
70462
70739
70822
70839
70872
71083
71259
71278
71321
71447
71582
71683
71751
72086
72350
72495
72682
72791
72926
72946
73198
73515
74210
74514
74515
77445
77475
77854
77967
78052
78127
78139
78295
78618
78694
78724
78874
78901
79156
79263
79468
79537
79550
79569
79580
79609
79611
79656
79676
79699
80015
80044
59666
60352
60360
60445
60688
60967
60978
61058
61087
61230
61234
61381
61394
61456
61561
61696
61807
61979
62593
62721
62763
62832
62891
62946
63173
63185
63633
63646
63775
63905
64115
64278
64365
64989
65062
65139
65195
65253
65468
65715
65744
65771
65831
65890
65918
65930
66072
66076
66380
66507
66525
66623
66771
67416
67720
67736
67810
67835
67910
35298
35410
35536
35843
36364
36665
36751
36756
37030
37075
37110
37628
37725
37853
38360
38407
38476
38925
39467
40319
40332
40390
40594
40864
40875
40958
41338
41444
41507
42014
42057
42215
42617
42627
42801
43177
43282
43505
43804
43895
44262
44312
44368
44413
44584
44746
44913
44940
44990
45002
45004
45009
45037
45215
45465
45524
45606
45705
45772
45854
45879
45919
45957
46586
46930
47037
47100
47239
47312
47378
47490
47735
47833
47992
48192
48240
48249
48335
48438
48530
48570
48573
48802
48927
49401
49405
49751
49811
49907
50470
50627
50771
50837
50849
50909
51037
51113
51140
51433
51490
51493
51560
51608
18092
18990
19037
19505
19711
19728
19794
20366
20618
21135
21287
21522
21648
21808
22045
22497
22847
25824
25977
26066
26105
26106
26117
26164
26221
26306
26341
26669
26685
224
302
11479
13256
13501
13510
13690
13846
13932
14151
14286
14358
14701
14784
15555
15882
15968
16046
16133
16240
16252
16301
16738
16886
17016
17119
17152
17192
17266
17645
26955
26985
27067
27497
27784
28149
28202
28253
28486
28561
29043
30015
30334
30397
30437
30730
31417
32406
32749
33058
33153
33382
33453
33634
33791
33810
34198
34312
34341
34541
34557
34607
34873
34877
26706
26876
26908
27065
27174
27185
27276
27286
27314
27315
27427
27459
27552
27555
27570
27689
27845
27924
28337
28544
28867
29411
29867
29899
30117
30337
32513
32939
32977
33392
33465
33471
33535
33539
34174
34317
34514
34632
34906
35522
35568
35729
35821
36021
36154
36284
36404
36405
36580
36636
36646
36678
36731
36767
36776
36942
36953
37391
38244
38522
38859
38919
38992
39105
39205
39441
39625
39757
40427
40539
40784
41346
41774
42106
42150
42449
42517
42654
42734
42772
42992
43001
43017
43137
43196
43480
43539
43589
68200
68378
68380
68447
68763
68995
69069
69254
69528
69801
69896
70224
70460
70573
70826
71060
71076
71085
71216
71446
71664
71836
72156
72274
72343
72515
72707
72795
72908
72973
73308
73564
73812
74120
74234
74252
74371
74539
74546
74665
74725
74746
74910
75390
75408
77437
77645
77997
78577
78654
78817
78989
79055
79073
79124
79383
79384
79463
79515
79813
79952
80025
80084
80199
80373
80415
80472
80497
81106
81721
81880
82040
82092
82127
82145
82263
82474
82549
82599
82760
82901
82908
83292
83467
83637
83698
83861
83885
83894
83961
84381
84494
84515
84960
85063
85148
85671
85739
85754
51673
51700
51896
51899
51993
52103
52236
52301
52524
52714
52737
53585
53645
54018
54116
54276
54305
54378
54407
54409
54504
54542
54684
54746
54771
54864
55011
55255
55288
55467
55497
55650
55657
55674
55678
55951
56018
56067
56090
56160
56252
56441
56468
56667
56801
56809
56841
57092
57439
57565
57860
57897
57921
58153
58312
58493
58573
58860
59244
59415
59908
60232
60285
60372
60424
60436
60746
60826
60884
60887
60965
61068
61159
61173
61176
61293
61396
61458
61530
61957
62421
62473
62543
62726
63049
63051
63159
63292
63491
63741
63948
63951
63977
64163
64169
64177
64204
64315
64380
64613
64819
64873
64900
64955
65008
65403
65559
65621
65662
65795
65984
65997
66048
66163
66260
66319
66336
66426
66619
66669
66812
67079
67216
67246
67299
67402
67602
67637
67668
67802
67883
67885
536
11526
12774
12789
12945
13045
13090
13378
13556
13866
13884
14055
14057
14254
14260
14466
14506
14691
14810
14900
14942
15231
15628
15710
15749
15869
15883
16433
16501
16595
16635
17492
43750
43790
43873
43877
44223
44293
44741
44954
45161
45209
45253
45268
45442
45618
45654
45851
46000
46053
46106
46148
46489
46564
46634
47020
47047
47421
47651
47715
47721
47804
47844
48136
48275
48337
48391
48468
48491
48520
48692
48939
49064
49189
49403
49453
49532
49552
49787
49979
50050
50217
50882
51049
51105
51370
51371
51376
51450
19399
19406
19545
19649
19737
19765
19805
19864
20072
20107
20141
20155
20220
20320
20369
20370
20465
20512
20544
20560
20581
20630
20657
20707
20714
20733
20743
20883
20949
20954
20959
21056
21189
21294
21316
21371
21386
21422
21438
21463
21521
21523
21653
21713
21746
21826
21881
21890
22183
22224
22311
22419
22533
22650
22732
22793
24348
24416
24578
24607
25131
25137
25151
25208
25230
25231
25253
25261
25451
25641
25791
25973
26061
26092
26243
26294
26392
26468
26640
26675
18976
19024
19698
19779
19822
19919
20053
20378
20419
20445
20753
21186
21311
21367
21375
21467
21555
21744
21801
21828
22009
22218
22350
22495
24207
24645
24717
25510
25603
25776
25804
26083
26115
26145
26219
26244
26339
26347
26406
26522
51670
51827
51885
52515
53020
53393
53436
53871
53911
54017
54244
54247
54274
54479
54528
54562
54728
54840
54931
55482
55484
55519
55537
55980
56140
56165
56176
56224
56274
56403
56695
56779
56890
56905
56921
57165
57247
57639
57662
57781
57962
57987
58005
58042
58099
58494
58568
58667
58677
58717
58838
58983
59037
59091
59364
59573
68044
68076
68335
68342
68391
68608
68688
68899
69099
69173
69174
69288
69298
69831
70002
70147
70343
70359
70383
70454
70863
71228
71516
71654
71676
72292
72511
73227
74227
74300
74596
74741
77045
77091
77482
77741
77780
77913
78048
78196
78603
78658
78890
78960
79102
79230
79476
79578
79626
79792
79867
79919
79922
26891
26959
27017
27148
27196
27406
27492
27625
27630
27715
27851
27881
27884
28016
28081
28757
29058
29194
30290
30418
31363
31536
31574
31749
31956
32240
33040
33097
33410
33459
33477
33532
33561
33614
33648
33753
33990
34137
34232
34426
34511
34764
35140
35485
35686
35928
36068
36094
36644
36757
36845
36878
36943
36969
37033
37038
37081
37082
37105
37165
37728
37733
37741
37862
38031
38035
38510
38641
38768
38881
39066
39162
39223
39243
39630
39665
40437
40948
41049
41143
41788
42195
42319
43259
43445
43555
80213
80251
80506
80521
80627
80823
80878
80996
81080
81124
81133
81161
81169
81174
81205
81214
81215
81225
81264
81741
82013
82028
82660
82734
82893
82894
82986
83499
83600
83808
83904
83963
83968
84042
84046
84276
84392
84911
85066
85084
85279
85311
85353
85564
85572
43639
44146
44225
44791
44878
44916
44981
45086
45961
46040
46109
46527
46545
46638
46649
46908
46939
47134
47338
47363
47417
47488
47502
47532
47679
47944
47982
48292
48756
48928
49898
49938
49976
50296
50306
50316
50382
50565
50584
50634
50649
50748
50901
50934
51461
51479
51482
51506
51663
59706
59823
59959
60319
60636
60708
61125
61205
61241
61739
61752
61762
61898
62085
62213
62270
62345
62804
62868
63254
63327
63501
63525
63540
63748
63857
63932
63983
64088
64205
64336
64347
64403
64510
64544
64636
64687
64737
64739
65095
65148
65157
65314
65787
65958
66029
66224
66339
66356
66435
66663
66832
66872
66879
67284
67391
67803
67831
67837
67909
225
12593
12781
12997
13195
13221
13297
13772
13964
14178
14712
15151
15680
15974
15999
16039
16143
16382
16524
16602
16624
16828
16935
16977
17125
17170
17236
17484
11435
12296
12607
12743
12910
13382
13427
13529
13607
13795
13905
13919
13947
14180
14318
14454
14464
14498
14578
14922
15109
15266
15721
16124
16214
16399
16490
16600
16699
17039
17220
17421
17545
35296
35464
35617
35954
36150
36612
36933
36940
37135
37592
38418
38461
38622
38720
38911
39042
39069
39184
39801
40112
40534
40700
40957
41328
41421
42249
42461
42574
42644
43071
67967
68093
68206
68453
68597
68741
68936
68945
69089
69130
69506
69599
69737
69775
69825
69842
69981
70686
71528
71977
72538
72563
72581
72708
72876
72896
73116
73358
73478
73533
74833
74899
76118
76935
77085
77171
77303
77372
77508
77665
78305
78313
78328
78534
78770
79051
79157
79392
79407
79560
79689
79707
79748
79814
80016
17845
19066
19185
19415
19439
19668
20494
20807
21410
21747
21872
22137
22315
22389
22520
22610
22702
22856
23924
24319
24435
24466
24738
24783
24825
25296
25446
25839
26001
26093
26352
26426
26509
26526
26632
51719
51990
52111
52351
52357
52363
52561
52711
52724
52788
52789
53062
53661
53689
53691
53816
53819
53976
54012
54256
54365
54379
54382
54592
54845
55071
55085
55628
55773
56047
56182
56319
56580
56665
56790
56793
57059
57116
57291
57428
57744
57750
57847
57859
58006
58115
58250
58321
58333
58419
58426
58482
58489
58897
59174
59228
59529
26744
26759
26925
27093
27252
27454
27810
28012
28306
28307
28468
28479
28504
28528
28530
28599
28633
29060
29895
30323
30569
31033
31408
31618
31729
32588
33413
33418
33560
59694
60596
60834
61014
61035
61136
61175
61178
61246
61247
61255
61288
61388
61516
61579
61831
61958
62247
62567
62709
62713
62765
62903
62907
62930
63004
63062
63129
63313
63466
63542
63599
63624
63813
64104
64143
65016
65142
65184
65684
65721
65855
66169
66182
66247
66397
66616
66702
67259
67616
80402
80420
80634
80639
80766
81118
81465
81973
82341
82349
82404
82472
82525
82562
82756
82761
82831
83694
84399
84492
84530
84820
85010
85123
85131
85157
85244
85424
85668
85680
85731
85740
43679
43739
44063
44231
44370
44604
45174
45530
45581
45644
45793
45856
45970
46013
46066
46302
46609
46877
46906
47080
47215
47235
47246
47315
47559
47620
47872
47960
48162
48188
48325
48359
48415
48419
48767
48880
49007
49219
49790
50390
50444
50519
50534
50651
50689
50868
50939
50959
51034
51096
51282
51402
51552
51593
43888
44010
44023
44085
44278
44300
44399
44423
44639
44709
44808
45053
45370
45452
45753
45790
45935
46076
46541
46768
46889
47021
47179
47249
47268
47525
47873
48083
48182
48601
48780
48840
48990
49107
49112
49181
49298
49386
49427
50104
50168
50710
50728
50984
51029
51125
51361
51627
51809
51908
51917
51919
51920
52261
52450
52663
52689
52762
52767
52820
52837
52901
52916
52954
53045
53057
53080
53213
53357
53443
53469
53497
53636
53805
54041
54078
54181
54315
54360
54549
54744
54819
55228
55335
55404
55410
55513
55693
55821
55938
56023
56243
56305
56310
56368
56380
56565
56707
56724
56881
56955
57041
57064
57180
57528
57560
57574
57853
57928
58168
58256
58278
58283
58379
58407
58415
58537
58976
59062
59432
59577
68774
68809
68819
69050
69146
69458
69629
69772
70181
70425
70761
70824
71400
71523
71651
72498
72725
72932
73066
73843
74139
74506
75186
77637
77641
77919
78217
78339
78379
78589
79002
79046
79129
79180
79273
79275
79310
79480
79671
79789
79858
80120
226
533
11485
12539
12585
12962
13065
13066
13298
13447
13629
13840
13882
13915
13962
14222
14508
14617
14672
15149
15501
15692
15959
16096
16164
16295
16377
16472
16819
16983
17063
17094
17099
17228
17333
35049
35281
35848
36319
36380
36388
36458
36628
36812
36831
36913
37183
37258
37485
37644
37707
38025
38276
38716
38945
38971
38980
39216
39297
39368
39624
39899
40307
40837
40910
41567
41784
42005
42158
42396
42397
42402
42563
42776
42777
43100
43103
43437
43461
43556
17752
17769
19227
19442
20325
21187
21210
21617
21632
21646
21718
21722
21781
22104
22110
22118
22152
22551
22567
23322
23347
23447
23513
23542
23547
24658
24872
25097
25889
26059
26189
26201
26408
26460
26466
26486
80438
80510
80619
80779
80900
81102
82004
82335
82483
83288
83853
84419
84447
84552
84766
84791
84857
85136
85273
85293
85450
85622
85717
26983
27241
27354
27530
27553
27574
27622
27742
27777
27910
27959
28218
28267
28324
28435
28472
28515
28523
30272
30284
30389
30727
31120
31252
31403
31405
31977
32342
33404
33571
33689
34017
34194
34208
34468
59741
59769
59811
59859
59898
59932
60032
60278
60292
60441
60513
60546
60775
60907
61005
61119
61277
61307
61636
61764
61814
62141
62390
62597
62731
62739
62769
62777
62812
63261
63322
63485
63785
63811
63839
64362
64398
64761
64801
64816
64928
64946
65022
65109
65263
65396
65725
65757
65946
65964
66161
66180
66261
66328
66346
66361
66402
66562
66728
66749
66784
66833
66838
67193
67245
67490
60106
60647
60681
60692
60737
60766
60802
60841
60962
61207
61542
61630
61679
61711
61801
62015
62052
62388
62492
62595
62611
62656
62821
62824
62833
63231
63275
63465
63576
63665
63759
63847
63893
63899
64103
64172
64180
64426
64831
64842
64902
64976
65152
65292
65344
65356
65672
65970
66439
66483
66499
66567
66701
66742
66790
66898
67077
67163
67166
67196
67411
67503
67580
67728
67923
35308
35451
35778
35886
35996
36102
36202
36239
36436
36559
36632
36921
37210
37316
37915
38259
38305
38324
38536
39242
39266
39580
39916
40151
40951
41335
41545
41896
42326
42388
42398
42823
42952
43182
43394
43522
67949
68121
68185
68194
68483
68505
68626
68728
69088
69213
69293
69354
69367
69608
69664
69788
70054
70079
70107
70847
71014
71437
71595
71681
71696
71757
71904
71929
72346
72471
72507
72550
72603
72799
72930
73185
73223
73559
73586
73695
73919
73921
74153
74198
74206
74350
74568
74631
74672
74768
75297
76113
76981
77247
77461
77567
78132
78516
78562
79028
79269
79270
79351
79399
79418
79595
79765
80102
44112
44269
44499
44502
44675
45306
45555
45803
45807
45837
45846
45874
46137
46287
46348
46925
47034
47061
47224
47229
47295
47381
47773
47777
47788
47823
48075
48302
48381
48473
48477
48478
48510
48709
48887
49157
49268
49275
49328
49491
49679
50532
50618
50801
50836
51083
51318
51684
51756
51874
51966
52003
52071
52230
52280
52445
52475
52615
52629
52709
52838
52884
53194
53256
53504
53719
53751
53886
53947
54089
54480
54532
54583
54591
54807
54981
55094
55151
55272
55622
55716
55777
55948
56071
56088
56444
56542
56653
57206
57259
57365
57621
57653
57734
57769
57834
57991
58014
58043
58121
58145
58346
58433
58720
59046
59412
59441
227
228
229
526
527
528
529
530
531
1980
1981
1986
1987
12310
12410
12418
12428
12586
12679
13021
13150
13178
13286
13514
13591
13827
13858
14027
14045
14051
14299
14322
14376
15083
15163
15310
15391
15519
15783
15821
15860
15952
16008
16076
16198
16206
16603
16753
17030
17116
17306
17427
17544
26844
27027
27091
27137
27325
27397
27579
27648
27710
27749
27848
27917
27957
28155
28188
28373
28546
28975
29054
29424
29832
30264
30265
30273
30492
30616
30651
31249
32776
33414
33470
34316
34775
18978
19171
19373
19426
19521
19621
19702
19761
19790
19792
19819
19821
19841
19906
19908
19912
20016
20092
20122
20142
20404
20408
20536
20700
20844
20896
20977
21053
21064
21102
21477
21602
21619
22033
22099
22115
22377
22409
22688
22889
24558
24686
24736
24779
24815
25117
25375
25404
25414
25435
25653
25989
26048
26228
26308
26463
26532
80295
80819
80829
81680
81774
81820
81902
81906
81931
82100
82229
82320
82337
82354
82356
82362
82391
82412
82428
82783
82931
82951
83019
83069
83090
83273
83296
83371
84487
84891
84934
85103
85280
85314
85365
85547
85634
85701
85713
80529
80687
81523
81933
82115
82241
82417
82710
82921
83458
83468
84235
84445
84835
84866
84994
85025
85161
85281
85337
85473
85537
85584
85782
51788
51882
51907
52005
52080
52150
52305
52399
52452
52775
52857
52869
53280
53314
53316
53369
53401
53445
53491
53509
53530
53753
53847
53849
53870
53883
54074
54471
54486
54501
54506
54662
54829
54950
55318
55676
55738
55748
55861
55910
56205
56559
56700
57017
57159
57297
57389
57516
57590
57767
57788
57814
57893
57966
58146
58165
58215
58280
58365
58381
58480
58639
58692
58731
58816
59287
59352
68309
68519
68665
68771
68799
68854
68861
68873
68962
69110
69161
69182
69753
69827
69859
69915
70084
70341
70515
70578
70806
70893
70920
71104
71160
71438
72219
72831
73322
73469
74046
74185
74264
74454
74458
74643
74699
75206
76904
76921
77043
77165
77390
77745
77770
78440
78747
78943
79014
79149
79366
79389
79731
79783
79993
80002
59818
59848
59946
60079
60148
60316
60317
60801
60812
60984
61204
61243
61681
61703
61934
62022
62110
62176
62232
62277
62319
62419
62727
62840
62870
62875
62950
63348
63445
63507
63530
63562
63724
63963
64274
64474
64482
64530
64733
65024
65104
65151
65550
65584
65799
65892
65982
66092
66218
66223
66297
66335
66551
66589
66645
66824
67024
67062
67198
67298
67361
67368
67496
67589
67612
67647
35400
35519
35897
36003
36009
36191
36314
36960
37268
37717
37819
38143
38580
38745
39422
39520
39834
40077
40195
40442
40503
40651
41144
41538
42235
42816
43251
43501
43607
43621
43625
43929
44009
45052
45460
45492
45662
45901
46324
46499
46703
46789
47004
47220
47276
47503
47744
48295
48309
48621
48663
48723
48773
48813
48861
49066
49091
49144
49356
49530
49616
49661
49857
49968
50033
50366
50889
51108
51152
51169
51546
51622
18508
21177
21403
21483
21549
21583
21790
21899
22092
22146
22223
22465
22837
24562
24775
25779
25840
26175
26230
26248
26276
26390
26493
26503
26519
230
534
550
11465
11578
12521
12999
13003
13326
13379
13466
13530
13550
13839
13842
13912
13945
13952
14190
14863
14897
15232
15243
15460
15607
16063
16160
16238
16257
16341
16370
16408
16417
17177
17416
26767
26905
27335
27601
27953
28020
28348
28359
28432
28478
28565
28593
29401
30251
30293
30483
31582
31857
32107
33480
33493
33636
33861
34121
34676
26752
26921
27186
27495
27673
27793
27882
27918
28135
28438
28449
29983
30326
30399
30564
30791
31271
31454
31716
32596
33430
33444
33533
33611
34025
34088
34230
34473
34652
34699
36140
36329
36552
36749
36975
37576
37781
38108
38354
38776
39219
39405
39417
39451
39659
39792
39820
40062
40117
41180
41699
41801
41855
42534
42592
42596
42597
42825
42835
43142
43160
43318
43332
43443
43572
43590
67999
68018
68094
68230
68431
68580
68754
68903
68994
69098
69527
69807
70105
70153
70169
70640
70727
70783
70871
70956
70968
71231
71374
71435
71607
71649
72077
72503
72889
73229
73268
73304
73424
74003
74061
74315
74717
74930
75229
75414
75424
76855
76943
77526
78443
78512
78613
78622
78703
79309
79557
79559
79620
79673
79677
79841
79926
80192
80385
80407
80801
81233
81387
82378
82532
82995
83266
83352
83671
84794
84958
85933
51831
51971
52015
52419
52422
52534
52564
52773
52913
52989
53325
53613
53739
53924
53945
54142
54230
54258
54508
54700
54721
54723
54740
55182
55397
55472
55833
56163
56184
56197
56678
56683
56735
56844
56932
57129
57463
57587
57880
58066
58261
58295
58435
58727
59045
59202
59258
59274
59354
59613
59911
60015
60094
60235
60574
60589
60696
60750
60973
61436
61559
61643
61683
62138
62199
62623
62639
62915
63015
63262
63326
63401
63512
63859
63946
63995
64004
64384
64595
64622
64674
64771
65213
65240
65376
65406
65508
65753
65814
65883
65934
65937
66018
66128
66173
66191
66242
66308
66595
66706
67010
67057
67365
67516
13181
13300
13346
14099
14194
14349
14827
15751
15837
16106
16220
16278
16500
16528
16619
16626
16831
16853
16953
17353
17407
17561
43693
43875
44267
44287
44346
44884
44993
45127
45165
45780
45844
45850
46041
46079
46122
46216
46344
46526
46678
46824
46855
46947
47192
47404
47598
47724
47997
48166
48449
48612
48639
48689
48702
48781
49095
49211
49415
49457
49673
49733
50030
50224
50509
50731
50978
50994
51202
51245
51283
51374
51414
51606
51660
17743
18304
19370
19834
19846
19943
20160
20188
20233
20360
20467
20755
20829
20987
21074
21083
21393
21505
21565
21607
21612
21671
21696
21723
21854
22229
22279
22437
22553
22602
22630
22755
22915
22964
23068
24515
24522
24799
25347
25802
25897
26113
26167
26336
26382
26422
26438
26450
17811
18533
18826
18904
19174
19197
19580
20079
20933
21426
21481
21543
21572
21976
22027
22313
22474
22845
22851
22892
22979
24471
24498
24525
24555
25715
25803
25962
25966
25995
26214
26393
51737
51739
51859
52019
52190
52247
52352
52538
52764
52881
52887
52931
53077
53200
53365
53399
53565
53686
53704
53835
53837
53949
54375
54388
54714
54774
54870
54914
55909
55932
55989
56073
56170
56188
56316
56536
56737
56766
56843
56869
57130
57244
57564
57638
57695
58134
58498
58502
58750
59137
59153
59158
59620
68299
68669
68800
69413
69471
69493
69564
69727
69814
69996
70202
70326
70427
70722
70777
70883
71256
71369
71487
72857
73286
73551
74217
74354
74424
74512
74727
75148
75405
77194
77481
77613
77977
78256
78288
78507
78585
78639
78780
78905
79050
79122
79606
80039
26736
26771
27193
27344
27439
27727
27904
28008
28158
28291
28442
28785
29050
29053
29148
29857
31236
31311
31362
31529
31651
31753
32418
33536
33747
34002
34101
34399
34548
34896
34945
35272
35809
36211
36576
36690
36906
36966
37164
37464
37575
37700
37712
37798
37902
37970
38319
39827
40087
40141
40271
40520
40757
40890
41447
41555
41743
42163
42296
42483
42791
43207
43484
43534
80262
81063
81599
81920
81930
82336
83005
83014
83027
83256
83268
83314
83469
83843
84402
84507
84937
84943
85069
85640
85689
44105
44170
44236
45206
45774
45797
45890
45949
46101
46533
46568
46955
47384
47573
47698
47817
48299
48422
48472
48514
48591
48746
49158
49241
49325
49505
49572
50173
50259
50317
50598
50806
50910
51085
51271
51322
51399
59654
60068
60138
60240
60404
60446
60456
60778
60961
60976
61062
61077
61215
61377
61400
61439
61632
61964
62014
62215
62446
62584
62780
62843
62982
63195
63364
63438
63499
63945
64016
64612
64719
64769
64780
64901
64917
64938
64942
64945
65004
65242
65303
65349
65387
65675
65693
66086
66149
66255
66390
66422
66688
66780
66818
66915
67215
67238
67324
67403
67542
67635
67724
231
232
554
11467
12331
12628
12795
14002
14504
14930
15021
15085
15187
15565
15617
15621
15672
15866
15906
16705
16739
16837
17202
535
12666
12767
13033
13050
13142
13469
13552
13589
13953
14447
14461
14518
14742
14909
15061
15175
15221
15234
15363
15661
15795
16049
16351
16358
16414
16552
16703
16728
16777
16859
17008
17092
17146
17240
17623
35037
35242
36088
36416
36639
36847
37019
37630
37933
38177
38375
38784
38849
39056
39250
39484
39603
39646
39741
39845
40670
40880
41080
41190
41424
41430
41462
42061
42430
42630
43313
68009
68086
68167
68287
68350
68442
68463
69048
69178
69294
69377
69423
69442
69468
69566
69579
69714
69976
70119
70184
70325
70415
70446
70552
71123
71641
71878
71953
72127
72669
72810
72826
73029
73183
73189
73219
73366
73808
74611
74679
74852
75100
77060
77260
77504
77542
77615
77755
78046
78169
78752
78998
79332
79637
79820
80030
80125
19146
19247
19298
19467
19497
19648
19723
19775
19801
19823
19843
19923
20103
20163
20192
20244
20354
20498
20662
20677
20687
20774
20794
20880
20951
21052
21060
21278
21550
21560
21692
21695
21996
22193
22197
22442
22655
22672
22735
22850
24440
24565
24676
24763
24789
24824
25052
25116
25118
25360
25450
25461
25484
25486
25549
25940
26051
26098
26216
26251
26258
26313
26513
26670
51877
51935
51938
52001
52051
52174
52328
52343
52406
52500
52907
52925
52957
53219
53257
53390
53448
53695
53709
53740
53748
53778
54002
54066
54099
54410
54495
54602
54648
54660
54793
54799
55082
55134
55138
55218
55245
55314
55702
55893
56009
56235
56275
56355
56386
56959
57309
57534
57543
57654
57918
57938
57942
57952
58010
58304
58315
58370
58606
58621
58689
59020
59170
59377
26958
27107
27194
27206
27572
27643
27700
27712
27731
27825
28065
28091
28282
29078
29172
29432
30253
31549
31610
33497
33575
33924
34071
34327
34456
34570
59629
60175
60223
60224
60277
60676
60891
61093
61122
61202
61611
61723
62224
62321
62440
62569
62974
63031
63084
63323
63806
63934
63940
64240
64345
64452
64454
64678
64858
64978
64994
65102
65332
65366
65491
66038
66125
66176
66204
66258
66310
66362
66581
66587
66817
66980
67066
67274
67429
67434
67563
67866
80219
80244
80289
80536
80599
80607
80911
81856
81971
82005
82054
82093
82097
82282
82308
82578
82669
82940
82969
83898
84028
85345
85369
85494
85510
85654
43614
43879
43922
44076
44148
44308
44525
44787
44983
45219
45406
45411
45414
45608
45626
45727
45731
45905
45941
46166
46223
46380
46525
46724
46759
47475
47622
47631
47663
47689
47812
47901
47964
48035
48073
48082
48588
48820
48919
48961
49195
49461
49568
49611
49748
49815
49880
49986
50016
50077
50189
50275
50492
50720
50765
50814
50816
51005
51182
51189
51280
43815
44158
44165
44386
44626
44720
44754
44820
44921
44982
45092
45115
45322
45634
45855
45902
46169
46330
46332
46839
47009
47650
48110
48173
48313
48469
48598
48763
48809
48885
49271
49332
49346
49440
49489
49538
49839
49990
49998
50130
50528
50601
50787
50987
51032
51424
51476
51520
51536
51697
51752
51835
52140
52159
52342
52365
52403
52761
53010
53109
53299
53514
53519
53521
53619
53786
54475
54548
54732
54749
55025
55047
55080
55104
55108
55112
55377
55466
55471
55524
55624
55654
55838
56012
56020
56161
56294
56374
56608
56617
56638
56671
57028
57087
57313
57320
57367
57401
57615
57620
57908
58131
58234
58337
58448
58476
58477
58483
58488
58601
58737
58810
59025
59093
59407
59427
59429
59467
68061
68107
68240
68280
68322
68425
68783
68878
69030
69032
69164
69172
69220
69270
69851
69874
70074
70179
70512
70644
70903
71035
71476
71524
71671
71867
71956
72060
72155
74419
74599
74767
75191
75350
75364
76136
76142
76143
77299
77584
77683
78082
78926
79035
79056
79261
79397
79758
79795
79941
79960
80051
80172
233
537
1952
1953
11475
11596
12397
12926
12960
13040
13505
13677
14026
14094
14188
14239
14272
14310
14336
14357
14367
14476
14612
14650
14776
14921
15045
15441
15509
15858
16127
16340
16620
16723
16796
17010
17458
35164
35243
35248
35307
36248
36320
36539
36682
36929
37195
37274
37307
37710
37871
38410
38439
38748
38853
38892
38918
39016
39263
39265
39429
40054
40067
40585
40764
41000
41103
41417
41769
41814
41874
41876
42181
42447
43106
43147
43152
43200
43239
17855
19644
20591
20645
20703
21211
21406
21440
21449
21512
21567
21771
22061
22073
22138
22189
22212
22282
22287
22518
22886
24473
24505
24544
24550
24694
24990
25425
25761
25794
25888
26033
26075
26088
26333
26407
26621
80901
81179
81729
81857
82042
82071
82253
82278
82441
82666
83093
83132
83613
83897
84712
84876
85052
85101
85236
85462
85553
85588
85642
85688
85728
85790
85896
26722
27072
27275
27392
27628
27839
28049
28137
28189
28293
28383
28494
28506
28796
29027
29373
29995
30887
31262
31420
32085
32902
33398
33508
33632
33999
34307
34727
59739
60057
60276
60452
60507
60540
60553
60605
60673
60764
60935
60994
61171
61183
61334
61596
61805
61833
61983
62108
62241
62273
62455
62497
62507
62573
62620
62819
62855
63258
63341
63370
63529
63549
63773
63891
64061
64064
64132
64227
64808
64893
64904
64943
65196
65270
65310
65646
65764
65829
65862
65880
65902
65933
66081
66099
66199
66330
66351
66487
66599
66681
66713
66737
66821
67614
67683
67719
67794
59660
59796
60183
60205
60682
60754
60797
60838
60911
61227
61268
61451
61570
61732
61745
62063
62079
62334
62381
62415
62551
62631
62667
62771
63212
63235
63564
63668
63877
63998
64030
64252
64254
64379
64436
64542
64889
65120
65206
65215
65492
65716
65821
65965
66023
66574
66622
66630
66722
66730
66928
67573
35275
35448
35652
36934
37809
38573
39079
39155
39193
39934
39951
40127
40626
40803
40832
40905
41344
41378
41463
41791
42480
42481
42661
42670
42787
42955
43120
43324
68190
68193
68213
68345
68465
68475
68529
68530
68557
68611
68618
68862
69095
69268
69276
69290
69319
69496
70448
70825
71032
71080
71099
71158
71182
71491
72347
72803
72842
73296
73595
73665
73949
74131
74383
74692
76971
78252
78467
78583
79044
79250
79372
79400
79908
80063
80068
43686
43730
44029
44195
44212
44555
44609
44610
44644
44866
44920
45199
45635
45698
45713
45845
46019
46092
46305
46327
46416
46448
46596
46753
46767
46816
46895
46901
46968
47194
47484
47538
48041
48235
48264
48523
48952
49017
49226
49383
49761
50129
50341
50358
50494
50680
51013
51170
51281
51686
51811
52059
52204
52262
52449
52583
52589
52608
52781
52886
52943
53039
53117
53168
53183
53330
53781
53817
53822
53978
54073
54205
54206
54262
54494
54510
54669
54895
54909
54925
54964
55204
55356
55611
56363
56429
56522
56867
57153
57225
57311
57332
57452
57542
57558
58195
58269
58341
58390
58447
58704
58891
59301
59328
59380
59534
59547
234
235
236
11468
12292
12302
12556
12573
12747
13038
13233
13239
13371
13426
13646
13679
13706
13740
13907
14018
14060
14440
14592
14641
14767
15071
15320
15322
15325
15735
15765
16202
16486
16537
16573
16926
17013
17041
17064
17389
17426
26875
27637
27824
27941
28108
28125
28238
28278
28490
28610
29057
29144
29161
29398
29887
30344
31131
31520
31619
31705
31721
31732
32506
32858
33400
34360
34537
17812
18986
19223
19369
19657
19673
20073
20132
20152
20341
20661
20828
21089
21253
21368
21488
21493
21571
21702
21860
21935
22369
22723
22754
23261
23346
23372
23384
23397
23435
23443
23478
23480
23567
23597
24513
25568
25593
25760
25832
25851
26110
26437
26652
26668
80257
80307
80615
80649
80770
80856
80952
80986
81539
81760
81901
82073
82346
82363
82445
83042
83236
83280
84938
85075
85080
85122
85172
85185
85453
85735
80335
80548
81151
81650
82490
82661
82815
82850
82880
82919
82968
83011
83234
83267
83538
83935
84063
84259
84505
84717
84988
84997
85198
85256
85576
85742
85781
85793
51734
51784
52221
52298
52318
52374
52400
52423
52654
52683
52958
53072
53463
53481
53520
53717
53750
53864
53998
54059
54518
54651
54868
55194
55229
55573
55609
55614
55822
55957
55961
56142
56226
56615
56668
56772
56787
56946
57009
57386
57462
57661
58003
58418
58592
58980
59338
59488
67931
68072
68170
68302
68408
68418
68441
68647
68662
68868
68976
69109
69415
69698
69853
69880
69986
70331
70440
70500
70927
70999
71105
71194
71353
71382
71442
71538
71555
71827
71885
73702
74121
74176
74377
74650
74931
74948
77254
77447
77550
78116
78125
78262
78307
78799
78964
79272
79485
79762
79901
80012
60002
60072
60570
60572
60664
60716
60762
60785
60855
61161
61203
61250
61300
61465
61498
61543
61707
62008
62240
62572
62811
62842
63027
63119
63191
63244
63521
63589
63609
64032
64090
64114
64139
64263
64329
64339
64476
64753
64807
64909
65140
65197
65499
65703
65709
65747
65798
65811
65817
66033
66037
66293
66521
66564
66591
66689
66705
67350
67399
67711
67832
34990
35030
35459
35486
35849
36153
36412
36629
37175
37793
38056
38068
38111
38113
38161
38310
38480
38604
38829
38963
39053
39561
39619
39730
40448
40616
40811
40971
41271
41815
41929
41954
42373
42444
42837
42878
43186
43214
43391
43821
43952
44040
44155
44305
44461
44607
44688
45030
45035
45079
45135
45172
45597
45710
46004
46018
46208
46523
46544
46721
46919
46949
47019
47044
47346
47803
47975
48298
48346
48386
48533
48576
48622
48652
49187
49626
49628
50154
50552
50829
50948
51224
51354
51404
51422
51652
17781
19300
20039
20113
20321
20459
20551
20649
21659
21669
21704
21783
21811
22271
22327
22374
22469
22564
22571
24690
25279
25297
25594
25655
25706
25742
25788
25827
25949
26171
26288
237
538
541
11359
11575
11602
12160
12495
12663
12893
13255
13579
13886
14123
14174
14407
15099
15132
15178
15227
15413
15688
15696
15857
16022
16194
16364
17140
17219
17239
26797
27032
27106
27504
27559
27849
27936
28527
28552
29220
29389
29958
30350
30537
30699
31127
31552
32144
32297
32314
32468
32785
33631
33869
34092
34200
26715
26803
26845
27064
27098
27222
27223
27635
27778
27878
28313
28375
28382
28606
29360
29396
29430
29844
30320
30346
30640
30677
31711
33450
34015
34150
34271
34442
35707
35758
35773
36074
36161
36174
36611
36642
36666
36827
36885
37383
38359
38571
38629
38711
38770
38860
39584
39604
39680
40135
40277
40281
40325
40495
40632
40704
40941
40992
41100
41120
41209
41222
41608
41696
41830
41853
42167
42171
42227
42297
42541
42555
42785
42875
42995
43069
43274
43390
43502
67927
67958
68180
68516
68773
68837
68842
68998
69076
69112
69180
69239
69829
69961
70045
70213
70405
70599
70697
70851
70906
71157
71433
71459
71514
71614
71690
71886
71978
71979
72529
72582
72678
72863
72880
73022
73024
73045
73145
73234
73336
73350
73360
73663
74096
74150
74223
74328
74437
74790
74958
75034
75200
76098
76939
77051
77572
77661
77818
78555
78928
79018
79065
79186
79256
79371
79603
79659
79681
79742
79778
79781
79875
80305
80388
80489
80625
80933
81874
81965
82155
82288
82405
82573
82653
82813
82879
82888
83075
83218
83323
83814
84357
84493
85408
85503
85666
85789
51804
51806
51866
52117
52242
52297
53178
53360
53476
53713
53749
53821
53908
54110
54296
54605
54606
54936
55035
55156
56216
56590
56894
56906
56941
56994
57034
57102
57164
57200
57255
58226
58309
58327
58422
58524
58547
58636
58644
58804
58847
59034
59036
59061
59086
59197
59227
59340
59522
59871
59972
59996
60231
60281
60298
60336
60346
60400
60628
60671
60894
61020
61222
61462
61883
61932
62029
62339
62564
62873
63077
63116
63263
64083
64228
64478
64479
64555
64616
64818
64879
64970
65006
65150
65289
65346
65362
65612
65755
66063
66078
66962
67050
67248
67397
67729
238
906
11594
12284
12639
12896
13007
13219
13237
13394
13450
13471
13522
13595
13704
13799
13828
14144
14207
14291
14344
14656
14850
14854
14996
15031
15194
15503
15896
15984
15989
16122
16174
16451
16787
16851
16929
17585
43966
44569
44748
45304
45422
45441
45839
45971
46174
46301
46473
46515
46647
46733
47222
47225
47380
47389
47422
47584
47628
47772
47838
47984
48191
48202
48267
48368
48488
48524
49043
49108
49272
49339
49549
49638
49670
49831
49953
50159
50325
50430
50510
50596
51581
19053
19072
19084
19211
19295
19304
19329
19363
19381
19392
19471
19472
19507
19539
19552
19586
19786
19847
19950
19955
19962
20210
20228
20270
20329
20332
20383
20394
20412
20447
20460
20496
20589
20747
20785
20810
20930
20978
21009
21112
21925
21968
22145
22292
22395
22583
22613
22713
22726
22740
24873
25072
25163
25177
25234
25251
25268
25423
25928
25937
26311
26368
26388
26655
26682
19179
20254
20342
20969
21222
21346
21547
21830
21835
21846
21938
22084
22411
22852
23913
24542
24587
24641
25330
25672
25701
25723
25744
25752
25764
25826
26291
26554
26588
26618
26631
26681
51754
51780
51817
51889
51900
51932
51982
52018
52119
52446
52487
52572
52576
52595
52597
52636
52766
52806
53008
53332
53361
53376
53396
53979
54385
54812
54848
55111
55263
55324
55406
55495
55637
55935
56086
56195
56229
56346
56351
56400
56573
56972
56996
57201
57316
57338
57357
57481
57525
57794
57815
57875
58201
58525
58579
59145
59201
59212
59386
59462
59596
68054
68237
68326
68748
68784
69060
69184
69347
69389
69523
69939
70298
70779
70985
71918
72712
72784
73195
74005
74244
74346
74386
74575
75344
77022
77378
78206
78508
78743
78802
78866
79023
79224
79313
79404
79421
79672
79786
26814
26861
26928
26962
27204
27482
28223
29072
29142
29163
29236
29364
29870
30274
30328
30524
31023
31787
31800
33589
34366
34486
34533
34936
35456
35655
35723
35845
36280
36359
36570
36730
36993
37334
37852
37893
38101
38254
38916
39040
39083
39330
39573
39745
39869
39871
40005
40050
40093
40829
40900
40919
41121
42540
42877
43131
43333
43460
43541
43544
80236
80263
80413
80935
81480
81486
81692
81999
82141
82369
82409
82987
84361
84407
84864
85249
85303
85523
85545
85596
43896
43930
43956
44250
44393
44666
44985
45126
45361
45449
45744
45796
46048
46071
46304
46310
46442
46738
47079
47136
47498
47518
47646
48008
48036
48433
48589
48830
48877
49326
49755
50246
50301
50628
50665
51123
51174
60158
60416
60559
60839
60858
60989
61017
61168
61226
61240
61515
61574
61613
61806
61823
62422
62448
63158
63238
63429
63472
63680
63742
63768
63782
64231
64468
64720
64883
64913
64923
64939
65516
65603
65754
65766
65977
66192
66337
66364
66441
66472
66504
66918
67142
67565
67768
67804
539
540
12366
12718
12769
12783
12993
13124
13494
13567
13604
13670
13756
13824
14059
14185
14365
14625
15170
15854
15916
16065
16155
16589
16658
16756
16959
16988
17414
551
12434
12501
12734
12875
13513
13584
13620
13999
14171
14360
14462
14490
14719
14966
15296
15361
15373
15534
15541
15551
15739
15948
16736
17281
17326
17348
17418
17423
35317
35583
36078
36286
36621
36624
36935
36989
37028
37069
37171
37302
37343
37636
37638
37951
38027
38107
38230
38369
38448
38616
38844
39030
39528
39534
39982
40708
40734
40978
41077
42024
42044
42055
42128
42500
42736
42948
42960
42986
43151
43503
43543
67973
68088
68115
68221
68226
68718
68857
68982
69145
69237
69821
69822
69883
70159
70161
70400
70544
70768
70836
70899
71000
71355
71773
71983
72786
72805
73302
73332
73567
74146
74671
74721
75387
76851
76991
77125
77496
77639
77891
78020
78173
78219
78483
78839
78959
79136
79338
79475
79530
80174
80183
18983
19222
19876
20362
20660
20709
20725
20894
21115
21151
21245
21525
22421
22484
22590
22742
23922
24314
24594
24683
24761
24835
25134
25274
25663
26107
26307
26353
52064
52273
52274
52295
52568
52655
52660
52800
53236
53503
53701
53758
53766
53861
54033
54113
54492
54770
54866
55132
55386
55940
56123
56760
56814
56878
56954
57140
57435
57597
57658
57848
57877
57899
57934
58089
58124
58395
58481
58649
58896
58954
59079
59147
59480
59612
26848
27006
27146
27337
27468
27512
27694
27695
27869
28127
28321
29403
29579
29776
30263
30653
33106
33298
33399
33572
34274
34835
59708
59933
61101
61538
61588
61595
61654
61665
61712
62387
62459
62483
62530
62541
62627
62719
62929
62956
63180
63220
63377
63405
63410
63474
64080
64120
64408
64717
65063
65146
65163
65281
65284
65298
65425
66401
66455
66529
66598
66761
67073
67109
67412
67433
67766
67870
80461
80542
81710
81824
81925
81995
82034
82098
82258
82361
82522
82587
82690
82731
82787
82853
82896
83329
83704
84015
84390
85002
85095
85135
85569
85590
85928
43881
43964
43986
44157
44214
44340
44685
44778
44946
45100
45141
45445
45453
45522
45547
45587
45620
46029
46147
46192
46547
46616
46744
47197
47360
47370
47387
47681
47916
48518
48734
48762
49055
49413
49782
50345
50399
50751
50757
50979
51259
51392
51557
43725
43747
44104
44535
44622
44752
44958
45065
45577
45694
45746
45853
45891
45991
46189
46965
47025
47101
47138
47170
47494
47731
48026
48228
48260
48490
48545
48899
49406
49578
49698
49736
49788
49882
50103
50178
50917
51139
51525
51572
51922
52181
52248
52735
52744
52832
53118
53225
53284
53334
53540
53660
53669
54096
54120
54133
54459
54530
54880
54932
55018
55281
55408
55480
55569
55829
56212
56339
56764
57095
57260
57539
57557
57613
57637
57755
57882
57940
57969
58193
58211
58257
58311
58501
58661
58696
58725
58764
58826
58852
59060
59203
59329
67939
67968
68008
68428
68849
68980
69271
69287
69546
69987
70131
70672
71180
71255
71316
71343
72246
72877
73099
73385
74012
74083
75138
75232
75277
75374
77506
78055
78177
78456
78837
78979
79003
79021
79511
79551
79716
79857
79915
79930
79976
79983
80032
80167
80184
239
11528
11544
12408
12722
13030
13323
13385
13416
13790
14259
14471
14547
14601
14642
14649
14729
15286
15529
15657
15759
15969
16035
16305
16473
16667
16688
16979
17207
17320
17354
35001
36015
36312
36579
36777
36949
37634
37637
38978
39544
39617
39711
39718
40027
40129
40208
40384
40744
41456
41612
41822
42458
42727
43163
18290
18525
19202
19458
20272
20576
21409
21479
21489
21655
21943
21982
22142
22247
22461
22888
24489
24543
25102
25125
25988
26133
26144
26315
80369
80907
81036
81040
81061
81062
81081
81131
81137
81365
82753
82946
82993
83176
83368
83871
84532
85094
85332
85466
85628
85755
85763
26694
27039
27170
27489
27510
27585
27720
27921
28090
28266
28275
28493
29361
29376
30138
30262
30450
30518
30545
30565
31585
31659
31816
32122
32154
32532
33112
33526
33538
34120
34547
34646
59664
59737
59810
59878
59901
59999
60146
60167
60599
60680
60713
60755
60795
60923
61473
61485
61486
61685
61950
62006
62142
62144
62179
62436
62471
62677
62825
62890
63359
63383
63678
63733
63944
64025
64322
64375
64389
64586
64713
64735
65727
65844
66153
66181
66194
66309
66608
66638
66658
66942
67038
67348
67362
67462
67618
67642
67715
67743
67744
59656
60050
60133
60136
60315
60321
60370
60514
60758
60767
60829
61200
61214
61366
61858
61947
61991
62451
62533
62653
62655
62703
63141
63155
63250
63282
63522
63980
64085
64156
64349
64710
64835
64930
64963
65286
65551
65665
65949
66140
66239
66322
66421
66660
66733
67130
67222
67319
67518
67559
67833
35386
35597
35873
36143
36182
36205
37619
37738
37978
38245
38408
38549
38627
38739
38949
39472
39576
39747
40148
40206
40746
40747
40903
41641
41924
42156
42400
42747
42977
43415
43537
68058
68063
68122
68332
68395
68556
68844
68884
68966
68968
69280
69650
69740
69769
69816
70091
70249
70580
70816
70974
71381
71552
71573
71830
72334
72653
72963
73016
73063
73232
73243
73617
73718
73996
74253
74448
74580
74708
77256
77307
77333
77494
77570
77747
77965
77989
78248
79027
79328
79782
80089
43668
43681
43859
43976
44586
44603
44758
44935
45106
45463
45673
45977
46142
46511
46575
46734
46792
46833
46874
46896
47200
47479
47866
47905
47914
47917
47976
48246
48380
48447
48492
48596
48924
48933
49201
49475
49713
49840
50068
50562
50835
51142
51165
51454
51533
51782
51962
52338
52430
52610
52619
52769
53355
53409
53696
53956
54369
54393
54768
54821
54831
55015
55762
56166
56362
56488
56493
56566
56911
57050
57198
57943
58067
58340
58367
58387
58755
58783
59128
59275
240
11558
12319
12459
12641
12650
12873
12900
13082
13194
13225
13244
13429
13857
14183
14569
15037
15330
15466
15469
15674
15740
15905
16280
16436
16726
16808
17077
17086
17653
26709
26802
27122
27656
27683
27699
27759
28329
28501
29013
29216
31035
31456
31673
32205
32767
33428
33501
33992
34162
34708
19491
19568
19592
19616
19726
19774
19858
19929
19944
20057
20221
20279
20292
20351
20361
20396
20420
20549
20614
20615
20717
20721
20761
20790
20812
20814
20945
21103
21434
21712
21715
21740
21779
21831
21946
21955
21997
22058
22128
22195
22360
22393
22652
22753
22870
24692
25075
25100
25103
25152
25334
25340
25400
25412
25436
25443
25489
25547
25725
25797
25885
25918
25971
26237
26505
80451
80589
80629
80787
81073
82200
82364
82386
82423
82486
82547
82674
82683
82808
83195
83306
83576
83749
84039
85049
85669
85770
85820
80342
80482
80758
80816
80826
81064
82374
82581
82833
82847
82961
82966
83053
83122
83205
83209
83277
83606
83827
83857
83872
84071
84589
84910
84963
85186
85192
85485
85641
85661
85874
51746
51841
52081
52127
52249
52618
52658
52882
52936
53094
53132
53134
53377
54055
54440
54574
54690
56052
56826
56873
56907
56953
57329
57391
57531
58120
58183
58443
58627
58674
58680
58834
59004
59102
59120
59356
59370
67982
68217
68472
68876
68971
68992
69228
69551
69656
69683
69710
69799
70526
70617
70660
70725
70743
70755
71427
71828
71970
72727
72888
73972
74156
74236
74400
74780
74835
75321
78009
78090
78292
78410
78523
78793
79101
79461
79495
79509
79826
79877
79947
80037
80194
59891
60290
60324
60429
60840
60933
60939
60942
61092
61218
61564
61650
61929
61942
61996
62618
62881
62959
63328
63537
63545
63656
63753
63836
63895
64043
64153
64220
64445
64592
64688
65316
65523
65873
66139
66200
66457
66550
66575
66686
66850
66937
66954
67070
67108
67722
35060
35313
36017
36470
36582
37248
37415
37444
37586
37653
37679
38050
38119
38127
39320
39468
39524
40078
40115
40499
40850
41265
41371
41393
41461
41621
42019
42120
42521
42566
42651
42671
42838
43013
43198
43326
43361
43428
43837
44002
44192
44450
44496
44595
45228
45355
45795
45862
46043
46364
46435
46451
46581
46777
46819
46838
46934
47127
47497
47501
47567
47955
48186
48268
48494
48704
48879
48917
48921
48925
49140
49142
49161
49437
49581
49662
49923
50388
51338
51386
51463
51477
17711
19006
19896
20070
20322
20442
20739
20816
21002
21265
21354
21411
21462
21573
22059
22214
22352
22425
22549
22849
23006
23296
23357
23405
23469
23550
23551
23580
24655
25178
25349
25517
26242
26510
26545
26591
26639
26653
241
12684
12726
13001
13375
13474
13489
13619
13653
13726
13730
13778
13995
14024
14032
14084
14097
14173
14330
14382
14752
14893
15212
15407
15646
16222
16324
16543
16671
16914
17392
26919
27299
27395
27817
28010
28075
28252
28333
28823
28894
29715
30498
31627
31676
32367
32707
33626
33944
34066
34278
34352
34477
34542
26725
26751
26864
26997
27088
27248
27455
27502
27706
27735
27870
28143
28280
28334
28893
30358
30561
30713
31303
31975
32543
33828
34046
34619
35647
36147
36599
36620
36622
36707
37640
37904
38083
38962
39117
39233
39235
39514
39594
39777
39889
40191
40358
42187
42254
42602
42774
42999
43334
43490
68148
68223
68340
68523
68722
68990
69331
69401
69647
69659
69700
70109
70114
70225
70257
70372
70385
70690
70759
70932
71215
72979
73655
73693
73720
74196
74503
74609
74831
76134
77177
77484
77964
78365
78705
79049
79251
79297
79745
79890
80160
80227
80268
80568
80837
81883
82102
82392
82447
82799
82863
83062
83120
83464
83658
83747
83845
83974
84592
84817
85044
85320
85561
85566
85593
51770
52802
53126
53144
53147
53675
53692
53965
54081
54398
54405
54580
54657
54837
54879
55296
55491
55511
55617
55656
55696
55814
55839
55867
55939
56183
56382
56646
56688
57054
57246
57308
57312
57678
57758
57849
57989
58008
58104
58112
58143
58171
58308
58471
58626
59249
59299
59317
59446
59642
60059
60066
60177
60466
60557
60700
60706
61047
61063
61072
61196
61348
61548
61615
62322
62577
62617
62670
62686
62799
63117
63175
63237
63336
63388
63442
63653
63833
64121
64173
64502
64505
65082
65090
65169
65170
65712
65936
65990
65994
66064
66137
66156
66184
66295
66750
66857
66911
67122
67211
67335
67423
542
11981
12278
12618
12745
12845
13019
13114
13241
13358
13420
13775
13970
14511
14553
14816
15329
15647
15753
15794
15833
16028
16441
16665
16996
17137
17258
43685
43830
43866
43917
44031
44060
44103
44136
44151
44230
44371
44508
45636
45828
46028
46080
46562
46803
47022
47348
47597
47876
48150
48294
48385
48475
48489
48901
48938
49069
49087
49402
49622
50018
50174
50500
50667
50980
50991
51205
51331
51382
51535
51562
17737
18975
18977
19173
19880
19948
20189
21456
21502
21849
21867
22175
22334
22458
22478
22544
22605
22677
24444
24479
24616
24666
25291
25692
25849
25875
25924
25965
26034
26163
26371
26590
19797
20042
20146
20979
21160
21273
21556
21590
22125
22357
22521
24585
24759
25399
25508
25823
26060
26179
26296
26680
52082
52682
52702
52947
53348
53364
53580
53721
53728
53801
53875
53989
54045
54104
54321
54348
54911
54956
55019
55147
55247
55427
55718
55863
56000
56178
56578
56610
57273
57382
57509
57797
57803
57820
57846
58158
58607
58917
58950
59052
59409
59410
59493
68459
68678
68730
69018
69120
69266
69418
69630
69638
69676
69747
70197
70350
70622
70631
70699
70747
70757
70885
70964
71068
71272
71274
71409
71492
71534
71693
71753
72100
72819
73259
74207
74640
76947
77286
77671
78022
78184
78234
78274
78669
78782
79175
79303
79306
79360
79498
79512
79629
79633
80033
26890
27002
27076
27102
27527
27545
28484
28585
29049
30415
30503
30649
30781
30972
31119
31300
33427
33467
33722
34765
35165
35764
36138
36267
36271
36385
37090
37384
38071
38326
38835
38921
39002
39076
39231
39350
39623
39637
39679
39703
40031
40474
40591
41005
41054
41176
42488
42610
42990
43229
43268
43325
43414
80332
80367
81223
81563
81898
82848
82925
83324
83835
84438
84914
85014
85040
85089
85193
85419
85480
85885
43841
43973
44242
44617
44788
44901
45003
45159
45914
46059
46136
46270
46509
46693
47026
47156
47466
47508
47563
47936
47938
48226
48250
48271
48283
48418
48513
48792
48863
48984
49117
49258
49426
49436
49911
50698
50785
50809
50825
51223
51383
51523
51591
59681
59753
59772
59865
60238
60259
60816
60877
61475
61507
61529
61621
61789
61862
62342
62370
62693
62730
63210
63216
63761
64046
64134
64199
64357
64448
65035
65132
65606
65618
65996
66025
66077
66080
66084
66231
66268
66537
66802
67161
67536
67557
67680
1938
1939
2044
2045
13126
13424
13669
13942
14501
14537
14551
14736
14899
15010
15035
15420
16159
16965
17011
17355
17628
12869
13156
13307
13634
13637
14129
14236
14413
14538
14970
15203
15527
15880
16095
16244
16336
16531
16578
16919
17381
35230
35544
35858
35884
36130
36259
36269
36334
36378
36600
36669
36917
37286
37355
37564
37823
38291
38651
38715
38764
38773
39039
39090
39122
39132
39175
39262
39567
39627
40293
40350
40505
41061
41090
41414
41526
41673
42166
42199
42210
42225
42690
42694
43084
43159
43256
43299
43482
43566
67975
68547
68595
68850
69014
69260
70024
70498
70503
70707
70820
71376
71574
72587
72646
72703
72852
72900
73201
73356
73399
73405
73554
73912
74225
75431
76906
77055
77401
77711
78822
78864
79005
79394
79756
80134
19348
19361
19413
19517
19525
19902
20081
20105
20106
20117
20130
20174
20178
20242
20486
20625
20720
20734
20782
20809
21059
21347
22004
22106
22337
22464
22747
22773
23215
24478
24828
25081
25171
25190
25191
25223
25235
25269
25311
25315
25364
25456
25485
25666
25950
26193
26213
26354
26476
26585
26688
51937
52029
52076
52224
52326
52372
52623
53162
54057
54299
54780
54820
54912
54927
55252
55341
55546
55776
55786
55981
56134
56149
56552
56763
57004
57120
57195
57326
57423
57495
57668
57764
57961
58310
58425
59051
59156
59159
59608
27162
27168
27424
27612
27766
28102
28132
28400
28617
29008
29059
29225
30059
30440
31917
32032
32226
32539
33313
33436
33605
33731
34248
34689
60654
60739
60760
60977
61032
61148
61327
61395
62113
62406
62460
62482
62559
62822
63205
63509
63527
63701
63835
63849
63871
64341
64481
64533
64880
64886
65135
65335
65653
65870
66054
66111
66465
66675
66859
67015
67220
67237
67294
67323
80282
80311
80427
80440
80897
80915
81095
81104
81261
81445
81695
81804
81825
82128
82223
82293
82301
82406
82430
82482
82749
83372
83513
83723
83744
84760
84912
85230
85470
85534
43687
43878
43959
44021
44055
44464
44559
44683
44877
45076
45291
45675
45751
45785
45819
45825
45993
46191
46251
46299
46300
46983
47125
47327
47587
47661
47851
48239
48410
48420
48537
48574
48618
48687
48894
49126
49262
49714
49775
49900
49935
49950
50059
50208
50230
50286
50351
50930
51131
51458
51543
43918
44232
44350
44405
44428
44536
44860
44987
45363
45554
45671
45716
45724
45736
45832
45988
46015
46158
46226
46441
46560
46845
46998
47002
47137
47258
47353
48251
48782
48829
48922
49165
49412
49423
49533
49620
49970
51286
51826
51872
51984
52375
52513
52547
52570
52707
52727
52779
53107
53240
53338
53414
53421
53438
53473
53881
54275
54567
54860
55006
55033
55034
55249
55603
55694
55700
55937
55953
56097
56171
56325
56477
56675
57126
57716
58196
58223
58246
58331
58485
58664
58864
59246
59495
68136
68272
68402
68559
68565
68918
69459
69467
69884
70123
70193
70199
70788
70795
70815
71112
71253
71282
71749
71808
72019
72338
72382
73006
73280
73618
73813
73900
74269
74660
75633
76863
77027
77206
77292
79289
79319
79378
79393
79413
79675
79859
80001
80096
12282
13130
13528
13845
13943
14195
14325
14340
14589
14733
14734
15009
15136
15280
15381
15507
15678
15980
16318
16426
16719
16924
17055
17057
17122
17245
17255
35753
35892
36222
36255
36900
37427
37530
37791
38084
38331
39167
39395
39543
39592
39640
39928
40252
40657
40806
40909
41572
41669
41789
41868
41933
42757
43129
43382
43551
17852
18295
19121
19168
19215
19904
19913
20471
20631
21352
21466
21636
21699
21844
21847
21999
22098
22414
24365
26159
80327
80912
81041
81195
83064
83461
84349
85509
26697
26701
26726
27136
27453
27679
27842
27867
27906
28230
28980
30267
30313
30342
31413
32095
33429
33950
34206
34242
34741
59790
60496
60521
60720
60811
60936
60957
61016
61212
61316
61318
62475
62576
62850
62978
63109
63144
63200
63367
63389
63396
63425
63881
63884
63907
64021
64203
64218
64378
64435
64980
65019
65028
65091
65222
65272
65514
66368
66404
66407
66528
66532
67094
67359
67452
59740
60288
60529
60617
60685
60693
60813
61162
61430
61463
61701
62066
62349
62494
62527
63330
63582
63804
63972
64066
64286
64331
64393
64469
64480
64768
64791
64881
65044
65064
65668
65697
65835
66071
66349
66906
66940
67119
67419
67435
67818
67845
67849
35210
35428
35875
35907
36184
36192
36344
36658
36946
37119
37323
37611
37659
37721
38093
38487
38666
38975
39171
39824
40249
40732
40793
41466
41688
41798
42465
42646
43091
43193
68073
68130
68131
68182
68225
68487
68786
68874
69155
69702
70368
70370
70375
70807
70904
70944
70976
70989
71034
71513
73276
73377
73528
73605
74015
74145
74382
75194
75314
77278
77451
77479
77838
78214
78374
78831
78897
78947
79137
79192
79324
79427
79573
79612
79657
79853
79933
43704
43998
44315
44361
44452
44454
44509
44572
44809
44837
44960
45022
45026
45210
45240
45566
46290
46335
46413
46822
46882
46967
47144
47432
47727
48248
48382
48549
48766
48772
48798
48823
49122
49164
49564
49696
49916
49954
50541
50588
50640
51789
52182
52260
52288
52299
52300
52488
52633
52634
52640
52808
53089
53139
53654
53754
53853
54063
54339
54556
54813
55174
55234
55399
55423
55474
56168
56384
56966
57000
57067
57104
57257
57373
57408
57513
57796
57805
57970
58285
58287
58288
59078
59556
242
243
303
11364
11536
12751
13415
13553
13689
13823
14379
14459
14637
15049
15102
15116
15546
15810
16656
16814
17529
26819
27200
27268
28079
28205
30120
30375
31161
31201
32949
33553
33565
34040
34260
34372
34536
34567
17885
18252
18995
19358
19579
19682
19939
20176
20208
20307
20367
20406
20415
20676
20819
21237
21444
21469
21587
21689
21733
21906
21926
21973
22042
22262
22412
22668
22700
22855
24503
24598
24638
24687
25099
25679
25800
25853
25919
25981
26274
26342
26415
26475
26564
80669
81211
81440
81573
81968
82201
82584
83346
83618
83725
83931
84036
84726
85168
85270
85302
85318
85386
85409
85759
80502
80785
81308
81393
81589
82338
82703
83750
84001
84052
85468
51698
51705
51750
52053
52095
52123
52264
52383
52625
52626
52687
53259
53564
53744
53906
54213
54292
54451
54743
54976
55103
55435
55498
55571
55815
56115
56256
56631
56714
56789
56909
57538
57748
58037
58550
58802
59081
59206
59619
68099
68160
68224
68331
68369
68792
69247
69688
70151
70463
71952
72660
72774
72847
73014
73061
73574
74016
74090
75394
77185
77321
77669
78691
78919
78970
79070
79434
79939
80082
80083
80166
59722
59841
59984
60355
60390
60493
60665
60687
60744
60792
60930
61110
61319
61421
61647
61793
61828
61890
62469
62669
62852
62912
63078
63147
63443
63825
64262
64338
64560
64604
64829
65085
65237
65968
66195
66877
67139
67165
67278
67575
35006
35122
35968
36197
36354
36752
37433
37481
37590
37782
38481
38981
38983
39008
39456
39957
40022
40288
40581
41195
41499
41563
41643
41887
42048
42239
42408
42426
42450
42639
42733
42794
42815
42829
42851
43691
43967
44333
44831
44986
45501
45617
46134
46345
46551
46776
47030
47453
47462
47556
47636
47785
48012
48046
48616
48659
48696
48847
49231
49353
49617
49646
49725
50629
50807
50850
50919
51195
19884
19888
20391
20489
20538
21578
21818
21864
21923
22037
22383
22530
22573
23067
23120
24605
25392
26073
26676
543
552
12441
13252
13412
13583
13682
13984
14166
14208
14342
14348
14560
14978
15019
15111
15451
15484
15612
15637
15670
16306
16557
16676
16806
16942
17104
17272
27108
27273
27414
27457
27496
27638
27902
28274
29141
29883
30354
33489
33554
33929
33967
34328
26811
27190
28342
28404
28575
29363
29882
29885
30643
31137
31546
32254
33273
33395
33515
33647
33989
35161
35274
35403
36128
36332
36392
37133
37253
37435
37494
37504
37646
37818
37942
38673
38674
38786
38826
38967
39102
39280
39397
39426
39781
39784
39819
39971
40743
40772
41023
41096
41539
41875
42121
42613
42688
42754
43221
43226
43310
43438
68046
68067
68404
68448
68510
68528
68622
68648
68769
69312
69409
70025
70638
70701
70796
70817
71148
71302
71767
71834
72102
72316
72356
72545
72583
72710
72832
73087
73270
73274
73404
73684
73733
74277
74288
74296
74438
74485
74840
75259
75360
75379
76919
77284
78153
78282
78821
79274
79381
79420
79531
79866
79966
80040
80071
80127
80180
80221
80303
80503
80756
80794
80800
80828
80993
81652
81861
82067
82219
82227
82309
82321
82332
82389
82564
83926
84456
85707
51732
51773
51861
52137
52272
52279
52498
52569
52848
52875
52924
52938
53076
53272
53397
53413
53475
53517
53576
53850
53926
53975
53997
54051
54150
54184
54358
54370
54683
54933
55310
55457
55492
55707
56146
56372
56783
57132
57253
57354
57735
58011
58023
58534
58678
58716
58800
59691
59936
60490
61118
61144
61389
61493
61606
61626
61652
62181
62299
62621
62640
62643
62673
63490
63553
63770
63778
64382
64444
64754
64885
65037
65121
65681
65983
66027
66087
66433
66641
66769
67011
67150
67183
67233
67405
67630
67653
67732
67738
67742
67881
244
544
545
546
547
548
549
907
11436
13010
13101
13137
13227
13271
13335
14410
14558
15043
15454
15788
16201
16383
16630
16670
16752
16824
17019
17061
17289
17486
17493
17499
44600
45091
45121
45230
45232
45466
45542
45755
46007
46049
46064
46252
46424
46483
46521
46696
47126
47509
47850
47903
48052
48055
48212
48607
48611
48645
48980
49354
49487
50019
50417
50888
51091
51513
51602
19163
19256
19364
19474
19508
19676
19715
19746
19752
19771
20224
20574
20577
20851
20856
21232
21664
21677
21706
21768
21985
22267
22299
22364
22460
22493
22502
22868
22959
23272
23363
23465
23474
23488
23535
23537
24531
24538
24571
25093
25108
25203
25333
25448
25452
25749
25906
25935
26140
26153
26209
26456
17728
18988
19357
19674
20318
20947
21174
21202
21229
21297
21559
21642
21657
21810
21931
21945
22035
22634
24303
24425
24529
24689
25162
25638
26157
26277
26469
26692
51689
52418
53016
53406
53434
53512
54153
54160
54505
54575
54816
54960
55442
55660
55807
56100
56449
56656
56706
56754
56786
57146
57296
57588
57884
57892
58178
58297
58416
59027
68489
68504
69256
69573
69639
69742
70149
70252
70972
71279
71305
71424
71740
72217
73804
73873
74013
74338
75049
76839
76843
77852
77871
78634
78904
79195
79253
79865
26723
26806
26960
28052
29046
29233
30372
30456
30525
31667
31851
32152
32464
33512
33772
34634
35072
35180
35385
35806
36155
36698
36728
36880
36950
37093
37440
37559
38070
38328
38446
38793
38942
39134
39461
39840
40346
41010
41201
41845
42116
42131
42464
42578
42616
42724
43145
43206
80237
80473
80652
81462
82273
82892
83946
84405
84582
84792
84882
85219
85221
85384
85411
85508
85784
43694
43785
43805
43982
44041
44062
44072
44227
44634
44715
44869
45440
45458
45497
45840
46042
46135
46193
46313
46565
46858
46861
47028
47199
47227
47493
47656
47712
47941
48131
48154
48599
48670
48735
48875
49445
49793
50073
50172
50293
50320
50575
50615
50658
51101
51177
51599
59833
60476
60592
60622
60679
60890
61373
61401
61766
62361
62439
62521
62668
62722
62749
62813
62817
63202
63543
63598
63814
63841
64337
64387
64824
65075
65565
65869
66371
66382
66440
66552
66731
66965
66974
67421
67584
245
908
909
910
911
912
913
914
11452
11584
11835
12314
12335
13183
13490
13752
13757
14107
14241
14293
14531
15025
15301
15668
15717
16016
16236
16349
16646
16844
16860
17115
17223
17224
17309
17325
17432
17678
246
11534
12737
13332
14048
14104
14332
14482
14555
14804
15124
15960
16098
16964
17525
35217
35678
36077
36720
37261
37342
37932
38061
38097
38199
38555
38658
39088
39143
39324
39512
40933
41259
41916
42145
42228
42257
42939
43012
43498
68501
69162
69314
69435
70020
70113
70299
70406
70420
70452
70472
70666
71313
71318
71406
71455
71474
71499
71562
71611
71746
72083
72661
72977
73472
73915
74018
74127
74396
74718
75007
75106
75109
77145
78159
78575
79033
79052
79200
79315
79477
79630
79690
79812
79924
79931
79950
80003
80085
18259
19509
19513
19747
19928
20076
20126
20488
20599
20601
20762
21144
21173
21475
21497
22243
22454
22526
22611
22857
23132
24472
24545
24628
25123
25836
26394
26446
26540
51717
51759
51947
52177
52237
52772
52839
52929
53151
53206
53211
53477
53930
53942
53959
54418
54636
55136
55196
55275
55499
55594
55785
56635
56692
57502
57823
57885
57953
58137
58886
58986
59353
59561
26703
26708
26909
27665
28312
28319
29672
30513
30632
30819
31650
31962
32470
34106
34126
34356
34465
59695
59971
60163
60164
61248
61308
61768
61916
62207
62311
62615
62971
63001
63060
63595
63832
63870
64176
64839
65038
65279
65339
65680
65871
66019
66091
66244
66271
66716
66809
66878
66902
66958
67418
67862
80321
80329
81718
82049
82089
82171
82202
82226
82627
82698
82771
82842
82955
83020
83037
83159
83457
83579
84740
85608
85690
85758
43860
43996
44088
44347
44471
44686
44821
45120
45849
46641
46713
46739
46747
47309
47444
47926
47929
47989
48329
48604
48623
48693
48888
49016
49063
49079
49134
49177
49642
50060
50249
50727
51264
51614
43627
43773
43910
44389
44397
44539
44589
44611
44713
44939
44966
44968
46516
46584
47092
47339
47352
47428
48544
48870
48886
48918
49202
49834
50237
50310
50818
51858
51988
52353
52558
52690
52738
53140
53392
53560
53842
54131
54277
54537
54701
55070
55331
55336
55506
55681
56060
56722
56849
57053
57135
57478
57596
57818
57900
57957
57971
58069
58355
58374
58602
58858
59049
59398
59527
68090
68189
68377
68892
68917
69306
69338
69521
69540
70217
70502
70506
70593
70680
71417
72505
72817
72855
73005
73137
74548
74967
76949
77623
78050
78525
79211
79252
79717
79872
79956
80145
553
915
916
917
918
919
12381
12942
13145
13177
13678
13897
13951
13986
14115
14371
14378
14414
14563
15139
15246
15254
15397
15561
15653
15743
15755
15832
15850
16319
16618
16772
16843
16866
17267
17521
35017
35190
35731
35862
36113
36452
36507
36562
36815
37305
37895
37976
38152
38654
39050
39346
39787
40644
40691
40748
40931
41531
41795
41834
42144
42767
42902
43098
43327
43400
20380
20602
20832
21345
21775
21952
22025
22734
22864
23400
24833
25536
25561
25562
26068
26362
26414
26420
26543
80275
80417
80778
81107
81416
81452
82081
82236
82324
82641
82643
82739
82852
83235
83308
83373
83456
83622
84194
84225
84391
84529
84583
84847
85159
85276
85359
85404
85606
85632
85929
85944
26792
26870
26924
26977
28045
28254
28426
28802
29559
29993
30348
30419
30509
30581
31229
31343
31422
31571
31746
32414
33438
33622
34029
34038
34240
34530
59856
60477
60565
60634
60710
60947
61066
61297
61441
61467
61469
61544
61616
61627
62304
62325
62336
62561
62920
63150
63427
63434
63532
63538
63666
63717
63723
63900
63927
64052
64249
64446
64684
64755
65194
65385
65399
65729
65762
66070
66275
66286
66753
66866
66905
67235
67311
67345
67440
67659
59920
59987
60704
60781
60889
61336
61725
61885
62004
62086
62201
62260
62748
62762
63299
63556
63706
63792
63874
64009
64217
64265
64402
64908
65174
66062
66373
66464
66500
66787
66912
35420
36095
36159
36250
36618
37058
37128
37472
37857
38495
39129
39272
39282
39505
39811
39816
40386
40523
40979
41056
41436
41591
41684
42478
42587
42658
42888
43149
43367
43456
43519
68604
68640
68723
68986
69067
69124
69183
69379
69456
69476
70347
70477
70763
70912
71412
71445
71530
71791
71894
72203
72339
73039
73073
73075
73284
73330
73393
73437
73682
74250
74284
74324
74624
74990
75384
76869
77079
77161
77621
77909
78038
78149
78280
78475
78751
79099
79363
79558
79852
80042
43779
44129
44323
44418
44468
44511
44623
44729
44804
45173
45348
45396
45451
45533
45831
46259
46342
46826
46909
46986
47288
47293
47323
47480
47637
47871
47881
47962
47963
48024
48280
48436
48455
48506
48677
49065
49196
49368
49447
49903
50098
50184
50617
50700
50783
50942
51009
51512
51643
51647
51718
51749
51868
52196
52306
52379
52557
52915
53071
53657
53962
54330
54340
54804
54828
55066
55566
55840
55921
55934
56041
56432
56455
57072
57079
57103
57656
58020
58212
58325
58705
58718
59224
59309
59351
59360
59538
11571
12624
12680
12712
12801
12951
13260
13277
13948
14647
14958
15174
16057
16115
16121
16398
16458
16660
16761
16870
17230
17552
26756
26859
27458
27620
27703
28299
28577
30235
30423
30932
31518
32562
33033
33432
18045
18934
19183
19388
19637
19666
19793
19862
20353
20534
20540
20582
20619
20820
21192
21491
21965
22032
22780
24511
24604
24679
25332
25355
25365
25453
25673
25724
25756
25837
26027
26028
26031
26413
80330
81935
81953
82080
82138
82186
82217
82232
82312
82407
82446
82476
82785
82793
82807
83152
83509
84430
84789
84850
84928
84935
84945
84971
85265
85290
85316
85478
85562
85602
85779
85910
85943
80225
80266
80525
80992
81002
81007
81128
81129
81530
82159
82419
82638
83044
83520
83705
83706
84037
84462
84909
85154
51680
51683
52695
53186
53418
53610
53620
53943
53966
54001
54291
54337
54404
54469
54736
55164
55572
55655
56246
56613
56833
56982
57157
57160
57172
57334
57396
57686
57824
57858
59066
59475
59537
59539
68151
68679
68697
68746
68767
68825
68856
69197
69682
69856
69952
70033
70207
70261
71250
71373
72275
72747
73429
77685
77762
78258
78886
79031
79233
79533
79561
79566
79568
79650
79793
79869
59838
59998
60198
60301
60357
60392
60615
60662
60690
61088
61242
61423
61433
61511
62088
62150
62544
63126
63168
63331
63873
64521
64551
64573
64629
64642
65244
65283
65578
65830
66555
66603
66679
67158
67317
67666
67859
67916
34892
35195
36489
36571
37249
37358
37889
37925
38474
38533
38763
39011
39548
39842
41301
41381
41825
42556
42624
42675
42822
42947
42980
42982
43050
43241
43563
43576
43775
43897
44053
44074
44226
44273
44283
44404
44411
44678
44841
44924
45077
45099
45341
45779
46010
46094
46188
46378
46834
46870
47066
47923
48003
48232
48351
48357
48745
48843
48844
49124
49726
50152
50827
51221
51434
17866
19717
19719
20815
21307
21408
21541
21652
21796
21832
22040
22077
22158
22515
22839
22955
24744
24830
24868
25809
25938
26195
26465
26494
26595
247
11920
13036
13163
13551
13821
13829
14176
14184
14198
14526
14662
14756
14918
15141
15223
15676
16509
16675
16767
17215
17375
17602
17696
26753
27224
27500
27550
27860
28197
28198
28296
29889
30250
30287
30398
31122
31211
31404
31542
31655
32027
32500
33973
34010
34241
26747
26979
27058
27413
27485
27819
28685
29140
29886
29938
30406
31216
31572
32256
33510
33580
34013
34286
35391
35418
35990
36121
37840
37974
38553
38612
38879
38974
39593
39891
40017
40038
40256
41051
41207
41352
41438
41733
41837
41909
42226
42360
42392
42470
42546
42600
42941
43388
68096
68157
68168
68235
68474
68507
68667
68833
68839
69021
69058
69102
69196
69531
69554
69745
70022
70456
70629
70738
71066
72081
72258
72580
72584
72940
73320
73898
74298
74422
74540
74583
76367
76979
77518
77611
78233
78568
79148
79616
79634
79638
80061
80740
80848
80893
82039
82300
82387
83227
83332
83716
83839
84348
84715
84889
85133
85385
85741
51878
52207
52606
52616
52716
52770
53024
53288
53298
53346
53618
53693
53814
53845
53985
54216
54389
54643
55459
56036
56290
56390
56501
56606
57035
57370
57521
57774
57787
58064
58090
58583
58622
58669
58857
59600
59626
59889
60105
60174
60268
60601
60774
60886
60917
61079
61231
61286
61339
61402
61556
61649
61676
61738
62026
62437
62562
62753
62894
63075
63140
63574
63777
64311
64499
64509
64667
64730
64907
65596
66011
66240
66406
66651
66659
67344
67522
67551
67694
67901
248
601
12304
12551
12981
13109
13189
13635
13686
13847
14049
14327
14368
14600
14702
14718
14799
15304
15737
16182
16350
16499
16674
16897
16972
17139
44215
44320
44425
44892
45068
45734
46224
46534
46754
47382
47733
47883
48037
48194
48564
48807
49028
49341
49352
49513
49692
49753
49756
50039
50613
50702
50767
50854
50891
51200
51357
51475
17708
19451
19749
19934
20012
20029
20458
20671
20711
21179
21323
21333
21350
21954
22496
22529
22621
24315
24323
24330
25493
25537
25978
26008
26071
26280
26379
26539
26569
26683
18262
19165
20110
20196
20285
20712
21185
21348
21423
21474
21500
21628
21838
22211
22665
23327
23361
23439
23539
24837
25665
25847
26304
26328
26602
26662
51724
51951
52057
52233
52662
52917
52932
53001
53027
53035
53063
53066
53143
53149
53305
53412
53586
53752
54134
54248
54695
54997
55086
55200
55291
55330
55505
55820
55881
55911
56192
56272
56338
56375
56498
56517
56836
56967
57075
57315
57346
57419
57544
57759
58230
58576
58794
58938
59217
59597
68641
69760
70374
70435
70556
70869
71443
71621
73047
73428
74202
74273
75072
78412
78418
78559
78830
79116
79133
79232
79440
79556
79602
79885
27070
27323
27649
27717
28236
28350
29167
29234
30258
30468
30924
31901
32331
33388
33930
34168
34471
35291
35585
35691
36667
36758
36941
37450
37761
37979
38040
38121
38423
38585
38611
38729
38845
39706
40174
40676
40689
40953
41066
41078
41181
41254
41347
41396
41739
42064
42553
42573
42696
43370
43378
80344
80416
80796
81605
82408
82971
82999
83124
83291
83505
83722
83945
85008
85068
85166
85261
85272
43706
43951
44318
44474
44587
44840
45013
45075
45191
45621
45762
45798
45804
45861
46267
46626
47483
48237
48311
48328
48552
48700
49309
49429
49604
49869
50278
50529
50704
50718
51056
51252
51415
51575
51625
51626
59862
59884
59969
60270
60420
60463
60465
60467
60876
60922
60966
61004
61311
61540
61607
61790
61908
62162
62661
62720
62736
62951
63517
63539
63550
63643
63774
63901
63978
64056
64279
64675
65254
65568
65962
65969
66150
66158
66355
66792
66848
66996
67034
67043
67485
67525
13906
14037
14148
14705
14721
15038
15159
15481
15550
15843
15904
16085
16410
16649
16662
16779
16879
16896
16938
17033
17558
249
11449
11450
11480
11562
12885
13741
14006
14197
14296
14744
14832
15117
15342
15470
16117
16166
16555
16638
16858
16875
17194
17368
17566
35861
36331
36823
37089
37597
38197
38339
38504
38950
39268
39688
40043
41043
41142
41638
41660
41930
42475
42880
42915
43492
43493
43570
68188
68268
68376
68567
68727
68975
69020
69188
69205
69644
69669
69946
70155
70219
70437
70496
71010
71114
71380
72025
72732
72985
73207
73395
74945
75209
77181
77901
77930
78268
78685
79430
79574
79596
79829
80087
18238
18282
18497
19489
19638
19642
19870
19969
20007
20074
20156
20371
20492
20542
20566
20598
20604
20731
21004
21027
21149
21693
21941
22050
22120
22135
22296
22572
22680
22701
24427
24614
25105
25309
25958
26074
26387
51708
51767
52505
52874
52918
52930
53275
53527
53800
53894
54200
54294
54353
55077
55097
55220
55687
55698
56189
56596
56861
57109
57269
57576
57681
57854
57920
58029
58412
58604
58691
59331
59401
59470
26813
26886
26966
27246
27400
27831
28300
28336
28402
29007
30339
31373
31597
31997
32384
32535
33680
33790
60228
60401
60927
61172
61290
61518
61646
61892
62065
62445
62745
62764
62773
62791
62808
63033
63120
63513
63718
63816
64150
64229
64394
64447
64532
64776
64794
65176
65187
65510
66014
66170
66427
66799
66956
67186
67269
67378
67775
80401
80450
80481
80487
80810
81781
81887
82086
82328
82507
82656
84335
84598
84727
84831
84841
85029
85456
85475
85560
85605
85774
43988
44577
44613
44674
44698
44970
45044
45132
45195
45400
46073
46074
46164
46250
46273
46408
46492
46674
47091
47095
47131
47316
47347
47627
47745
47848
47948
48111
48171
48208
48290
48336
48500
49224
49364
49366
49416
49511
49845
50107
50257
50260
50521
51160
51199
51231
51440
51558
43749
43981
44071
44116
44255
44367
44706
44747
45294
45301
45505
45814
46220
46293
46295
46431
46847
46891
47088
47571
47580
47973
48040
48138
48602
48644
48724
49051
49130
49221
49504
49567
49886
50735
51007
51159
51299
51443
51587
51649
51682
51836
51855
51856
53227
53665
54297
54985
55073
55144
56125
56202
56280
56317
56442
56902
57046
57356
57484
57864
57977
58135
58458
58541
58777
58788
58979
67950
68479
68541
68569
68659
68695
68967
69373
69419
69697
69992
70564
70619
70996
71564
71578
71656
71919
72112
72193
72225
72501
72718
72959
73279
73541
74325
74701
75526
76117
77423
77848
77936
78204
78223
78303
78416
78574
78786
79143
11598
12423
12489
12732
12856
13560
13672
14396
14596
14627
15027
15415
15499
15861
16488
16622
16636
16711
17109
17127
17184
17301
17410
35770
35803
36002
36581
36848
36854
37011
37052
37405
38597
38649
38834
39274
39326
39856
39999
40245
40341
40369
40564
40573
41298
41886
42442
43089
43168
43351
18984
19294
19935
20061
20499
20527
21654
21691
22390
22420
22860
24711
24765
25367
25957
25987
26536
80425
80540
82027
82465
83363
83649
83957
84713
84801
85167
85702
85791
85931
26910
27036
27040
27126
27163
27266
27974
28369
28415
30343
31292
31588
32711
33507
33530
33576
33628
34283
34476
60210
60627
60666
60885
61157
61237
61481
61715
61765
61937
61971
62315
62355
62676
63133
63575
63669
63807
63875
63906
64991
65096
65506
65567
65731
65841
66210
66548
66695
67382
67438
67528
67611
59670
59781
59802
60539
60555
60748
60780
60960
60993
61322
61546
61569
61631
61694
62531
62607
62704
62708
62859
62897
62905
63104
63130
63455
63818
64539
64704
65003
65246
65626
65900
66008
66285
66425
66704
66923
67534
67558
67756
35276
35481
35513
37001
37161
37347
37965
38468
38598
39110
39187
39622
39866
39967
40333
40587
40766
41282
41718
42170
42420
42548
42927
43034
43371
43529
43577
67956
68250
68406
68812
69106
69536
69793
69921
70595
70634
70643
71020
71188
71334
71944
72870
72998
73457
78870
78941
79325
79409
79564
79585
79754
80024
44054
44065
44144
44641
44663
44668
44792
44824
44915
45098
45332
45527
46170
46353
46654
46842
47949
48210
48291
48481
48716
48951
49080
49282
49836
49849
50393
50660
51059
51126
51129
51420
52336
52585
53769
53795
54442
55088
55124
55305
55695
55739
55818
56095
56152
56238
56244
56503
56513
56586
57097
57115
57318
57447
57483
57584
57632
57665
58051
58080
58220
58513
58748
59374
59496
59616
250
304
555
1900
1901
1924
1925
1942
1943
2010
2011
12372
13159
13240
13257
13453
13578
13658
13767
13938
14016
14034
14153
14399
14737
14782
14906
15202
15281
15405
15437
16328
16367
16684
16706
16784
17103
26817
27128
27990
28209
28294
28351
28456
30384
30566
31415
31424
32140
33566
33601
33983
17744
17826
18284
20453
20531
20573
21120
21137
21208
21310
21592
21850
22600
22706
22756
22934
24366
24606
24818
25128
26361
80235
80574
80790
80983
80990
81686
81823
82139
82185
82260
82648
82676
82829
82854
82918
83271
83550
83567
83630
83745
84007
84468
84931
84976
85077
85460
85511
85930
80352
80564
80664
81724
81815
82033
82254
82262
82274
82394
82658
83172
83177
83844
83900
84265
84458
84836
84881
84995
85335
51942
52193
52643
52973
53160
53218
53557
53643
53890
53919
54263
54795
54883
55030
55877
56842
57142
57147
57330
57361
58152
58349
58350
58505
58822
58828
59179
59214
59502
68059
68318
68341
68703
68931
69092
69214
69257
69311
69823
70229
70268
70636
70637
71311
71473
71738
71833
72779
73157
74306
74369
74687
74778
74979
76124
77239
77548
77714
77808
77846
79112
79499
79705
80069
59738
59807
59873
59906
60052
60061
60166
60190
60453
60554
61211
61418
61495
61522
61713
61879
61909
61917
62243
62474
63503
63514
63577
63869
63898
64026
64859
65267
65417
65573
65861
66270
67459
67538
67769
35593
35993
36172
36173
36479
37020
37037
37837
38603
38941
39136
39926
40145
40161
40231
40367
40726
41367
41528
41722
41775
42043
42103
42179
42287
42913
43035
43205
43278
43355
43832
43846
44463
44648
44691
44711
45676
45842
46016
46128
46248
46356
46372
47031
47647
47728
47920
47925
47972
48227
48233
48398
48502
48794
48845
49699
49701
49792
50069
50350
50421
50482
50631
50668
50791
51017
51088
51238
20050
20652
21248
21290
21365
22082
22309
22926
24615
24793
25592
25695
25846
25921
26021
26100
26205
26495
251
11839
11901
12917
13009
13310
13547
13616
13859
13864
14169
14211
14479
14523
14755
15666
15813
16245
16419
16644
16760
16961
16966
17129
26900
26944
26967
27087
27176
27402
27505
27592
27740
27771
28194
28245
29393
30260
30303
30307
30432
31638
32002
32992
33452
33472
33690
34284
34445
27021
27287
27581
27607
28489
28850
29033
30333
30404
30641
30692
30707
31028
31334
31530
32309
32904
33822
33985
33993
34412
34470
35319
35508
35876
35908
36473
36947
37199
37315
37866
37927
39215
39986
40227
40334
40480
40512
40583
40716
40787
40968
42372
42394
42557
42650
42807
42864
43554
68252
68259
68450
69402
69461
69679
69873
70144
71339
71490
71712
72314
73387
73741
73809
74194
74395
79352
79488
79536
79694
79702
79844
80104
80170
80613
80732
81502
81545
81762
81978
82079
82103
82195
82238
82609
82838
82980
83096
83220
83241
83732
83815
84202
84323
85329
85528
85631
52151
52647
52865
53058
53122
53702
53715
53885
54609
54747
54769
54782
54955
55191
55422
55562
55721
55836
55917
55955
56214
56370
56466
56691
57093
57188
57563
57771
57999
58353
58527
58557
58741
59040
59057
59268
59341
59357
59563
59604
60964
61403
61449
61479
61878
61990
62077
62173
62368
62443
62926
63278
63397
63524
63615
63632
64022
64068
64165
64472
65084
65203
65438
66279
67263
67456
67488
67851
252
12451
12485
12563
12589
12611
12986
13535
13993
14221
14275
14276
14294
14364
14432
14613
14890
15075
15148
15847
15897
16546
16566
17130
17138
44108
44187
44282
44544
45016
45273
45344
45609
45859
45895
45954
46020
46194
46354
46381
46422
46447
46552
47206
47328
47662
47792
47970
48269
48303
48731
49208
49312
49446
49864
50049
50158
50235
50387
50518
50822
50923
51556
17821
19324
19404
19443
19466
19547
19548
19572
19587
19603
19607
19773
19783
19860
19879
19967
19971
20085
20151
20226
20257
20327
20328
20414
20813
20889
20892
21047
21063
22477
22543
22670
22914
23910
25237
25280
25292
25319
25359
25473
25481
26006
17745
18331
18514
18969
19328
20015
20407
21198
21603
21791
22046
22081
22250
22394
22471
24517
24644
25480
51787
51967
52188
52386
54221
54620
55270
55391
55630
56543
57125
57249
57409
57501
57761
58198
58364
58439
58577
58903
67970
68153
69378
69721
69833
70288
70442
70444
70467
71024
72332
72594
73131
73266
73943
74776
75066
75220
75559
77427
78104
78643
78991
79153
79160
79318
79576
79621
26712
26943
27603
27610
28099
28286
28535
29195
30491
30654
31799
31925
32097
32410
32495
32744
33600
33613
34085
34210
34450
34894
35145
35331
35811
36578
37703
37800
38378
38895
39432
39447
39571
39796
40134
40320
40374
40488
40762
41134
41942
41965
42065
42082
42217
42278
42708
43173
43260
43455
80726
81918
82052
82068
83092
83189
84228
84387
84877
85109
85389
85629
85644
43632
43940
44022
44182
44433
44488
44575
44701
44749
44789
45509
45598
45752
46440
46884
47159
47416
47561
48004
48107
48149
48342
48640
48668
48865
48976
49092
49136
49579
50165
50383
50573
50905
50974
51134
51265
51267
51278
51365
51452
59697
60165
60348
60489
60783
61490
61536
61851
62869
62966
63034
63463
63534
63728
64724
64770
65105
65230
65432
65761
65895
66141
66478
66571
66588
67125
12333
12444
12932
13210
13421
13586
14083
14085
14238
14855
14998
15103
15416
15471
15803
16276
16494
16611
16696
16759
17349
17515
17646
11794
11970
12944
13117
13315
13749
13873
14100
14112
14162
15263
15272
15763
16479
16776
17120
17512
35535
36040
36108
36117
36162
36610
36739
37053
37156
37602
38076
38381
38442
38618
38870
39201
39334
39392
39752
40433
40622
40964
41273
41579
41664
41919
42424
42919
42979
42989
43108
43126
43191
43314
67960
68359
68652
68915
69743
69979
70404
70410
70576
71007
71059
71243
71248
71613
73577
74071
74293
74525
74526
74919
75054
76091
76875
77274
77315
77749
78073
78141
78250
78489
79026
79123
79130
79412
79807
80144
19454
19512
19992
20154
20343
20483
20817
21340
21357
21530
21820
21887
22038
22057
22317
22329
22692
22717
22721
22728
22822
22853
22918
23228
23270
23325
23451
24434
24656
24661
25088
25338
25458
25470
25512
25856
26218
26646
51995
52073
52844
52850
52897
52994
53044
53115
53165
53169
53548
53554
53974
54202
54356
54593
54811
54943
54957
54970
55163
55284
55450
55659
56072
56490
56506
57014
57696
57753
57861
58100
58173
58682
59140
59243
59279
26822
26826
27026
27297
27722
27794
27889
28309
28508
29048
30407
31488
33435
34054
34556
34688
59674
59719
60104
60215
60414
60757
60765
60852
60963
61496
61799
61988
62438
62605
62902
62938
62986
62989
62997
63045
63303
63479
63504
63634
63828
64361
64416
64526
65392
66026
66193
66522
66553
66685
66708
66868
67511
67587
67619
67676
67696
67798
80336
80491
80836
80850
81180
82149
82939
83580
83907
84798
84869
84904
85435
43771
45697
45869
46139
46236
46482
47133
47849
47867
47967
48818
49067
49379
49913
49933
50330
50413
50752
50895
51385
43733
43754
44356
44458
44553
44984
45072
45532
46038
46121
46467
46491
46505
46960
46962
47001
48106
48168
48312
48439
48905
49148
49215
49750
49769
50456
50594
50802
50834
50993
51052
51193
51474
51550
51796
51960
52116
52312
52393
52579
53009
53827
54122
54208
55293
56956
56976
56985
57216
57911
58059
58721
59123
59437
68137
68233
68283
68392
68549
68606
68847
69651
70237
70645
70895
70978
71254
71398
71713
71896
72438
73306
73777
74099
74388
74772
78108
78877
79242
79587
79686
79845
79855
80060
80078
11532
12375
12691
12934
13205
13789
14145
14546
14587
14772
15140
15510
15524
17145
17185
17383
35059
35126
36537
36914
38187
38642
39307
39420
40672
41691
41872
41956
41996
42446
43140
43261
19041
19181
20172
20611
20840
21262
21272
21289
21334
21342
21661
22010
22136
22288
22359
22386
23914
25317
25523
25738
25901
26207
80583
81105
82325
82770
82862
82878
82989
83030
83158
83161
84810
85235
85757
26731
26883
27304
28289
28465
28554
29023
29420
30255
30318
30414
30697
30889
30911
31251
31430
31555
33928
34484
59837
60410
60462
60478
60485
60920
60968
61188
61296
61585
61804
62114
62129
62710
62921
63095
63953
63954
64062
64401
64766
64798
65505
65642
65889
66089
66485
66541
66609
66621
66759
66968
66982
67112
59960
60013
60042
60532
60722
60934
60981
61813
61843
62048
62104
62193
62540
62810
62911
63255
63256
63350
63384
63789
63924
64316
64855
65375
65436
65847
66203
66376
66379
66475
67289
67446
35235
35878
36668
36846
36902
38091
38391
38524
38562
38628
38885
39674
41204
41675
41702
42126
42245
42858
42894
42916
43110
43183
43211
43548
67952
68084
68201
68284
68875
68954
69912
70664
71184
71787
71792
72132
72413
72618
75275
77586
77701
78725
78805
78909
79471
79642
79734
79936
43719
43863
44198
44259
44692
44783
44816
44833
44859
45058
45391
45462
45633
45908
45996
46539
46657
46716
46920
47050
47165
47266
47410
47473
47529
47730
48104
48503
48587
48808
49042
49082
49358
49630
49660
50248
50300
50897
51065
51143
51166
51213
51358
51375
51480
51503
51860
51909
51927
52125
52453
52598
52693
53712
53844
54279
55966
56045
56422
56614
56889
56933
57290
57540
57550
57738
57851
57901
58034
58238
58259
58464
58877
59063
59193
59383
563
13376
13399
13640
13785
13895
13918
14159
14175
14663
14806
14819
14820
14822
14990
15248
15545
15630
16180
16260
16395
16523
16907
17082
17278
17391
17430
27367
27473
27830
28047
28305
28608
29399
30696
31519
32069
32380
33590
34041
34728
18175
18997
19266
19290
19339
19524
19602
19667
19905
19961
19973
20125
20143
20347
20518
20806
20869
21077
21086
21106
21212
21374
21458
21507
21595
21857
21871
21947
22407
22426
22459
22462
25198
25258
25896
26022
26111
26129
26165
26359
26661
80323
80350
82022
82170
82512
83036
84441
84546
84802
85203
85703
80527
80978
81612
81654
82709
82803
82804
82943
83305
83311
83654
84332
84886
84900
84919
85062
85106
85521
85777
51904
52084
52195
52268
52649
54423
54487
54727
54792
54979
55110
55292
55373
55732
56669
56819
56925
56993
57068
57213
57583
57626
57896
58338
58459
59342
59435
59549
59564
68037
68047
68582
69083
69132
69318
69519
70135
70416
70490
71898
72571
73391
76898
76931
78117
78183
78609
79228
79405
79546
79943
80062
59693
59935
60220
60733
60819
61238
61263
61346
61442
62327
62599
63265
63756
63798
63957
63988
64084
64346
64924
65166
65894
65957
66189
66318
35498
35651
35705
36129
36663
36828
37287
37404
38153
38224
38697
38760
39922
40343
40603
40997
41250
42267
42527
42721
42819
43079
43175
43457
43540
43942
44364
44590
45008
45409
45426
45558
45820
46923
46963
47173
47718
47729
47910
47951
48458
48864
49025
49469
50364
50525
50587
50637
50966
51219
51486
51502
51590
19010
20101
20149
21397
21418
21892
22203
22540
24475
24608
24646
24665
24681
25718
26373
26455
26470
253
11568
12838
13060
13184
13295
13430
13606
13920
14035
14116
14282
14450
15288
15313
15631
16189
16641
16862
16880
17179
17329
17367
27781
29383
29386
29836
30609
30716
31225
31450
31630
34043
34086
34136
34147
34834
26978
27114
27230
27515
27523
27539
27547
27807
27815
28014
28852
30268
30422
30445
30702
31129
31340
31704
31773
31886
32087
32293
32395
33503
33557
33903
34428
34614
35514
35638
36056
36689
36737
38473
38904
38990
39418
40809
41482
41615
41679
41779
41883
42401
42441
42554
42559
43022
43176
43233
67997
68593
68905
69352
69771
70365
70668
72813
73172
73257
73671
74023
74800
75450
77477
77554
77802
78078
78878
78923
79069
79082
79098
79131
79441
79445
79552
80454
81750
82579
82717
83211
83611
83685
83696
83719
83775
84593
84767
85107
52183
52189
52217
52440
53026
53462
53678
54118
54140
54194
54227
54257
54324
54948
54999
55159
55300
55367
55701
55819
56003
56172
56207
56265
56785
57012
57020
57185
57280
57377
57598
57659
58092
58126
58204
58711
58919
59042
59101
59172
59189
59324
59330
59385
59569
60063
60144
60498
60898
61042
61686
62016
62082
62496
63156
63623
64017
64424
64516
65801
66424
66467
66570
66579
67409
67466
594
11478
11593
13011
13043
13121
14117
14127
14338
14354
14431
14611
15215
15242
15283
15778
15789
16598
16716
16812
17012
17095
17107
17218
17425
43616
43712
43782
43991
44294
44307
44934
45112
45546
45806
45822
45897
45945
46056
46185
46389
46663
46945
47313
47351
47368
47482
47801
48567
48590
48962
49074
49176
49702
49939
50034
50132
50143
50148
50183
50725
50961
51180
51509
51616
51632
17779
18663
19374
20170
20313
20438
20833
20891
21110
21383
21419
22109
22344
22463
22835
22858
22996
24307
24390
24541
24611
25247
25777
25789
25913
26137
26172
26642
26660
17758
18031
18176
19046
19238
19844
20511
21167
21433
21546
21932
22222
22349
22878
24347
24648
25731
25931
26181
26383
26568
26643
52088
52191
52265
52415
52519
52609
52921
53192
53366
54355
54882
54894
55578
56394
56791
57328
57372
57507
57648
58461
58927
59226
59457
68031
68155
68269
68281
68290
68438
68444
68583
69126
69216
69756
69918
69973
70716
70735
70803
71002
71812
72072
72206
72418
72546
72859
73447
74378
75388
76849
76877
77719
77733
77840
78420
78976
79312
79314
79920
27978
28444
29202
30310
30396
30568
31748
33108
33519
33573
33615
33975
33976
34103
34718
35472
35524
36111
36183
36422
36527
36826
37299
37513
37706
37877
37928
38226
38856
39643
40481
41198
41503
41879
41901
42175
42268
42923
43033
43117
43118
43257
43300
43304
43430
43487
43564
43582
80246
80299
80355
81232
81323
81444
81544
82498
82885
82954
83202
83299
83517
84360
84733
85124
85360
85638
85663
44143
44194
44309
44480
44863
45611
45800
45833
45925
46177
46180
46221
46367
46379
46913
47111
47781
48103
48164
48395
48647
49525
49609
50026
50426
50557
50675
50754
51130
51258
59821
59847
60141
60738
60843
61228
61655
61667
61722
61915
62209
63108
63476
63489
63528
63729
63890
64709
64833
65012
65209
65713
66257
66484
66727
66764
66782
67013
67060
67230
67358
67753
556
12682
12776
13231
13301
13538
13656
13753
13960
13969
14170
14427
14499
14529
15355
15938
16059
16404
16405
16607
16614
16722
254
255
557
558
559
560
561
562
13180
13203
13548
13599
13695
13978
13991
14030
14549
14766
14927
15417
16090
16136
16352
16466
16936
16969
17503
35750
36694
36715
37398
37870
37888
38865
38956
39078
41137
41626
41991
42083
42389
42738
42828
42930
43056
43087
43212
43279
43431
68375
69114
69153
69186
69490
69499
69582
70038
70269
70294
70508
70648
70667
70771
71176
71291
72116
72783
72949
73573
74030
74187
74363
74415
74480
74662
74819
75429
76115
77212
77995
78278
78677
78936
79086
79163
79221
79415
79462
79505
79527
79589
80075
80139
17786
19103
19251
19394
19600
19738
19803
20075
20331
20837
21017
21039
21446
22086
22443
22499
22748
22777
22948
24642
24682
25121
25270
25993
26019
26039
26192
26601
26628
51676
52681
52790
53067
53410
53575
53652
53687
54320
54520
54826
54827
54850
55107
55170
55248
55306
55523
55706
55754
56544
56749
57692
58465
58522
58563
58823
59208
26714
26850
26930
27020
27140
27310
27678
27734
28002
28231
28450
28586
28635
28808
29372
30317
30325
30376
30996
31268
31399
31685
31952
33458
33550
33564
34109
34205
34608
59689
59696
59748
59797
60396
60479
60560
61229
61567
61653
62238
62249
62846
63103
63279
63374
63423
63743
64370
64682
66617
66643
66995
67425
67678
81329
81474
81538
81683
81937
82277
82489
82583
82663
82681
83079
83105
83547
83711
85139
85416
43657
44114
44224
44303
45084
45131
45170
45826
46036
46214
46997
47012
47104
47543
47699
48023
48029
48038
48064
48130
48272
48931
48957
49779
50117
50311
50997
51147
51330
51403
51481
51488
43800
43858
43870
44171
44473
44653
44971
45028
45163
45536
45917
46104
46228
46625
46635
46791
46952
47000
47075
47231
47791
48156
48288
48349
48388
48501
49331
49853
50375
51163
51236
51453
52045
52192
52271
52642
52667
52713
53013
53023
53060
53180
53191
53983
54092
54095
54888
55189
55550
56343
56369
56427
56602
56725
56830
56872
57078
57231
57232
57233
57337
57459
57477
58144
58617
58668
58881
59396
59483
67963
69612
69654
69767
70102
70316
70812
71048
71924
72741
72752
73127
74132
74189
77655
77979
78236
78441
78569
79184
79373
79390
79457
79838
79928
80047
11570
12920
13049
13096
13352
14093
14138
14775
14796
17065
17163
17428
17480
36536
37157
38208
38278
38582
39176
39347
39559
39839
40109
40673
41594
41937
42680
42918
43232
18471
18971
19284
19748
19755
19881
19889
20411
21180
21939
23300
23533
23545
23558
23595
24627
25185
26178
26461
26622
26673
80500
80640
80729
82116
82231
82936
82992
83048
83510
84084
84393
84888
85610
85693
85778
85890
26880
27010
27023
27300
28165
28298
28439
30295
31531
31539
31809
33998
34262
34275
34768
59828
60016
60098
60162
60353
60723
60862
61165
61315
61875
61986
62340
62351
62578
63061
63430
63519
63535
63558
63579
63642
63712
63858
63919
64069
64074
64166
64645
65189
65347
65445
65631
65809
65961
66304
66468
66672
67085
59687
59707
60078
60564
61153
61179
61194
61565
61583
62391
62568
62908
63214
63366
63640
63803
64381
64609
64790
65343
65395
67018
67730
67752
36018
36112
36176
37806
38034
38388
39284
41007
41496
41510
41865
42529
43088
43125
43258
43434
43579
68319
69448
69470
69473
69502
69611
69701
69749
70300
70654
70875
70894
70934
70962
71328
71479
71547
72034
72393
72787
73346
73883
74014
74137
75132
75145
75205
77631
77882
78013
79286
79354
79768
43698
43924
44710
45083
45133
45582
45749
45773
45783
45802
45960
46546
46656
46786
47355
47399
47568
47934
48060
48301
48324
48446
48992
49680
49965
50138
50264
50369
50517
50530
50568
50638
50812
50873
51268
51791
51837
51850
51913
51934
51986
52079
52202
52555
52666
53344
53960
53988
54107
55975
55979
56440
56616
56840
56862
56880
57013
57045
57828
57870
58151
58167
58900
59016
59216
59231
59337
59434
59518
59601
11490
12741
12969
13135
13383
13594
14215
14341
15008
15218
15586
15775
16103
16292
16348
16440
16677
16850
17006
17182
17208
17260
17403
26865
26920
26934
27713
27789
27890
28572
28900
29415
30362
31576
31631
31653
33057
33537
34221
34698
17854
18861
19143
19631
19813
20018
20629
20659
20789
22154
22628
24590
24869
25048
25139
25356
25389
25671
25909
25910
26479
81962
82112
82348
82502
83166
83313
84220
84503
84947
85524
85571
80276
82390
82985
83109
83895
83983
85935
51772
52439
52939
53524
53596
53916
54441
54698
55042
55114
55122
55745
55823
56011
56022
56260
56428
56983
57348
57407
57728
57923
58079
58166
58371
58567
58796
58967
59003
59073
59119
59311
59347
59395
59454
59609
68367
68685
68712
68798
68883
69078
69326
70124
70745
71029
71297
71331
71399
72117
72543
73938
74086
74108
74867
74998
77419
79614
79774
80185
59824
59876
59916
59974
60226
60387
60701
61283
61577
62011
62057
62090
62250
62416
62733
62802
62874
63225
63269
63722
64041
64432
64665
64852
65036
65042
65191
65471
65623
65746
65944
66267
66459
66520
66770
66855
66924
67145
67307
67856
36561
37312
37875
38509
38732
39054
39126
39614
40055
40331
40774
41106
41409
42016
42018
42783
42891
43301
43675
43758
44094
44117
44185
44642
45258
46501
46528
48013
48218
48281
48903
49061
49249
49306
49865
49955
50410
50646
51161
51380
21197
21731
21856
21957
22381
22445
24560
24875
25572
26173
26663
256
257
12412
12823
13288
13418
13856
14451
14898
15367
15402
15449
17311
17317
27097
27207
27295
27813
27988
28063
28263
28355
28377
30364
30448
30729
31238
31554
33936
26863
27537
28909
29805
30246
30391
31232
31451
31565
31666
32311
32540
33420
35085
35439
35491
35576
35971
37227
38361
39790
40328
40605
40892
40894
41290
41671
42638
68161
68218
68289
68315
68863
69105
69416
69810
70170
70354
71119
71628
71823
71974
72478
72806
74182
74365
74907
75285
75294
76900
78908
79205
79391
79425
79592
79730
79963
80005
80254
80286
80292
80423
80618
80776
81513
82083
82117
82315
82456
82707
83004
83260
84408
85213
51706
51723
52031
52970
53205
53818
54053
54415
54777
54824
54922
56405
56609
56618
56739
56815
56877
57003
57215
57704
57763
58326
58401
59344
59474
59574
59754
60222
60300
60602
60740
60830
61155
61505
62385
62788
62882
63403
64129
64277
64464
64484
65371
65391
65562
66020
66190
66908
66969
67342
582
892
920
1632
12300
13681
13869
13885
14071
14075
14624
14715
14771
15769
16097
16178
44338
44554
44681
44790
44908
45056
45158
45178
45181
45192
45196
45198
45208
45217
45223
45233
45236
45393
45402
45405
45417
45420
45423
45427
45429
45866
46319
46399
46684
47064
47418
47790
48286
48542
49199
49658
50177
50485
50900
51048
51349
17850
19629
19770
19807
19946
20010
20051
20059
20161
20451
20691
20786
21263
21548
21897
22036
22253
24693
24866
25233
25380
25491
25581
25871
26103
26197
26411
26615
18329
18537
19533
19653
19854
20266
21320
21392
21425
22348
22545
22848
25370
25681
25843
25870
26247
51897
52030
52157
52753
53882
54155
54239
54403
54614
54767
55210
55788
56200
56203
56251
56892
56962
57306
58570
58937
59048
69052
69426
69604
69723
69930
70346
70351
71689
72082
72105
72975
73031
77828
77842
78358
78930
79311
79508
79848
26735
27044
27164
27265
27520
27586
27804
27916
27933
28187
28798
28835
30336
30645
31289
31355
31672
32517
32832
33411
33454
33616
33621
34016
35630
36066
37498
39165
39178
39269
39351
41406
41704
41917
42943
43500
43549
82210
82784
83147
83905
84072
84263
84823
84990
85295
85514
43633
43766
43945
44299
44417
44654
45528
45586
46127
46156
46599
46603
46757
46848
46933
47027
47713
47895
48084
48187
48293
48497
48754
48889
48923
49381
49631
49636
49934
49948
50349
51038
51068
51186
51196
51234
51274
59756
60561
60918
61082
62212
62392
62410
62575
62831
62849
62888
63702
63943
64136
64411
64434
64725
64774
65369
65742
66501
66635
67735
67782
67825
258
11385
11915
12564
12828
13739
14134
14408
14495
14875
15345
15464
15517
15936
16003
16548
16612
16781
16842
17098
17132
17189
572
11386
11560
11606
12446
13558
13843
15770
15835
15964
16406
16491
17036
17376
17528
17619
17684
35218
35314
35542
35659
35794
35925
36132
37151
37188
38213
38242
38903
39434
39445
39491
39658
39700
39852
40253
40371
40557
40619
40665
41319
42142
42173
42231
42453
42852
42944
43019
43345
43358
68262
68540
69134
69192
69505
69530
69618
70782
70936
71609
71732
72562
73001
73294
73344
73882
74653
77467
78362
79492
79891
80046
80094
17726
18648
19430
20025
20093
20104
21784
22326
22402
22435
24495
24597
25136
25176
25518
25750
25799
26185
51854
52085
52214
52381
52520
53233
53294
53372
53513
53938
54065
54175
54293
54414
54898
55347
55722
56065
56075
56094
56473
56651
56731
56948
57100
57263
57362
57489
57756
58081
58162
58356
58491
58504
58560
58597
58763
26933
27060
27095
27444
27872
28417
28475
28807
29375
30879
30928
30971
31751
32014
33397
33552
33624
34098
59926
60432
60535
60946
61295
61416
61572
62555
62963
62992
63176
63290
63786
64255
64936
65233
65234
65409
65688
65790
66114
66248
66263
66516
66697
67192
67607
80296
80445
81536
82250
82499
82903
83008
83278
83990
85243
85681
85773
85795
43718
43724
44147
44373
44394
44876
45080
45395
45649
45674
46314
46577
46894
47005
47305
48230
48628
48629
49154
49194
49308
49618
50041
50223
50251
51350
51641
43789
43843
44270
44699
45020
45473
45539
45610
45771
45967
46238
46278
46403
46591
46672
47124
47274
48062
48548
48707
48725
48852
49031
49553
49588
49697
49847
50102
50734
50953
51006
51138
51207
51844
52394
52506
52993
53285
53411
53487
54085
54185
54280
54477
54612
54796
54929
54968
55014
55180
55316
55368
56489
56920
57190
57227
57617
57765
57813
57963
58107
59095
59365
59504
59510
68060
68171
68271
68293
68352
69104
69370
69481
70086
70571
70867
71261
71345
72279
74019
74634
74952
75328
78872
79296
79772
79849
80011
259
260
597
1633
11580
11911
12416
12467
13377
13934
13971
14040
14090
14098
14161
14507
15091
15147
15153
15745
16072
16789
17334
17359
17371
17517
35206
35695
36011
36586
37100
37884
38054
39035
39880
40172
40213
40798
41062
41160
41364
41552
42183
42271
42523
42526
43053
43143
43363
17755
18572
20903
21364
21412
21633
21662
21792
22072
22171
22323
22378
22893
24430
25290
25307
25336
25558
26009
26439
26467
26490
80378
80575
80675
82891
82899
83998
84907
85493
85578
85783
27066
27277
27419
27540
27675
28034
28268
28436
30606
30612
30693
30918
31365
31431
31547
31656
31772
32591
32597
32980
34512
34681
59711
59982
60044
60171
60531
61508
61839
61926
62061
62189
62291
62305
63450
63546
63993
64048
64686
65288
65710
66177
66202
66627
67020
67422
67519
67898
60161
60176
60214
60291
60718
60999
61191
61943
62111
62364
62718
62932
63005
63570
63780
64013
64441
64662
66392
66419
66549
66577
66667
66844
66985
67526
35384
35392
36091
36494
36931
36936
37254
37780
40188
40814
40990
41173
42060
42345
43107
43377
68234
68810
69215
69958
71135
71308
71348
71551
72143
72404
72611
72687
72960
72961
73340
74429
74652
78190
78494
78720
79226
79386
79459
79645
79653
79654
79834
80098
80178
43911
43943
44097
44355
44457
44898
44964
45046
45185
45477
45592
46091
46163
46172
46452
46618
46717
46843
46907
47322
48116
48396
48519
48595
48825
48949
49147
49295
50481
50657
50999
52086
52175
52599
52652
53116
53136
53373
54088
54250
54283
55549
55912
56103
56537
56859
57008
57038
57510
57627
57718
58075
58129
59312
59449
11614
12523
13119
13270
13622
14064
14196
14302
14565
14781
15138
15540
15606
16691
17111
27236
27513
27600
29003
29406
29850
30832
31376
31682
33604
34213
34762
18935
19286
19918
19921
20094
20781
20957
21214
21641
21678
22170
22909
23233
23298
23336
23412
23455
23473
24355
24360
25113
25437
25798
25943
80474
80723
80725
80755
81987
82125
82340
82352
82524
82563
82647
82844
83353
83809
84270
84428
84543
85178
85477
85517
85800
85942
83155
84004
84346
84444
51701
52067
52371
52730
53587
53626
54444
54973
55139
55847
55985
56034
56383
56395
56637
57193
57202
57545
57608
57675
57832
58571
58785
58820
59106
59567
68032
68125
69429
69542
69705
70239
70255
70309
70320
70550
70729
71591
72094
72320
73496
73607
74570
75338
78231
78401
79111
79167
79665
79776
59688
59775
59794
60145
60506
61257
61412
61452
61454
61709
61778
62711
63301
63627
63699
63705
63745
64109
64423
64552
64718
64723
64734
64792
64967
65624
65908
66056
66409
66785
66851
66854
67053
67180
67450
67502
35701
36060
36804
37538
37705
38302
38414
39692
39931
40074
40205
41829
41935
41962
42886
43154
43201
43222
43329
43588
43792
43900
44058
44100
45231
45282
45303
45990
46086
46315
46412
46428
46457
46620
46773
46911
46959
48081
48575
48655
49198
49496
50394
50428
50609
50914
51204
51400
51407
51640
20561
20902
21288
21370
21542
21658
21711
21929
21975
22581
22917
23011
23065
24521
24563
24678
24834
25074
26064
12511
15073
15095
15339
15467
15719
15801
16748
17083
17643
27131
27411
27566
27617
27684
27893
28073
28208
28416
28842
29371
29413
29879
30381
31153
31183
31701
31761
33633
34561
34683
27658
28095
29014
29945
30331
30502
30735
30935
31315
31490
31689
32502
33927
35283
35702
36054
36805
36867
38419
39306
41970
42003
42010
42516
42994
67981
68251
68273
68895
69744
69836
70597
70711
71873
72612
73407
77241
78448
78868
79087
79322
79667
80027
80163
80488
82031
82188
82960
83081
83465
83562
83574
85059
85476
52083
52763
53279
53533
53756
53896
54354
54531
54599
54959
55029
55340
55465
55545
55761
56232
56419
56659
57262
57281
57283
57600
57604
57907
58002
58046
58530
58835
59211
59914
60113
60211
60423
60703
60925
61251
61438
62028
62156
62266
62550
62892
63311
64124
64579
64847
64975
66135
66594
67014
67426
67547
67677
67897
67906
67911
261
262
263
305
12406
13329
13343
13537
14519
15055
15181
15452
15463
15465
15891
15963
16093
16300
16508
16652
16749
16758
16984
17009
17201
17357
17531
17562
44289
45048
45096
45144
45599
45630
45985
46118
46411
46871
48094
48144
48667
49075
49137
49854
50654
17814
18338
18795
20477
20624
21178
21280
21394
21728
22446
22919
24546
24629
24878
25217
25833
26619
18993
19485
19942
22133
22187
22302
22372
22492
22854
23093
24408
24591
24667
25754
52533
52542
52835
53811
54272
54778
55087
55333
55683
55925
56332
56524
56970
57110
57526
58227
58245
58291
58594
68183
68919
69667
70041
70750
72854
72898
73255
74260
78626
78879
79196
79343
79406
79554
79687
79688
79818
80182
26728
26790
26922
26996
27198
27329
27441
27577
27704
28795
30387
31156
31700
31769
32471
32494
34184
34188
34489
34668
34870
35692
35698
35851
36876
36979
37115
38854
39371
40103
40182
40255
40329
40800
40896
41299
41521
41800
42713
42945
43307
43561
80301
80657
81540
81990
82718
82864
82874
82944
83540
83636
84340
84967
85156
85278
85410
85879
43689
43806
43852
44067
44883
44948
45478
45483
45560
45739
45958
46632
46700
47505
48022
48197
49293
50055
50808
50828
50952
51042
51314
59686
59789
59840
60103
60156
60505
60525
60725
60787
60904
61672
62502
62626
62878
62913
62975
63194
63347
63394
64293
64400
64431
64535
64849
65275
65778
65940
66357
66415
66573
66922
67512
564
565
12173
12483
13400
13407
13485
13648
13832
13985
14000
14339
14654
14826
14847
15635
15797
15977
12223
12469
12619
12906
13481
13568
13853
14262
14591
14905
15081
16086
16476
16894
17222
17362
35032
36096
36525
36702
36704
37125
37766
37984
38228
38415
38435
38486
38877
39206
39310
40049
40197
40222
40758
41288
41493
42316
42687
43046
68360
68625
68642
69219
69231
69501
71016
71170
71335
71360
71537
72113
72552
72735
73051
74279
74393
75368
77949
78227
78485
78504
78922
79330
79442
17719
19310
19317
19444
19493
19622
19997
20182
20204
20368
20575
20639
21608
21873
22646
22662
22801
22970
24862
26090
26259
51852
52377
52436
52624
53015
53032
53353
53940
53951
54080
54363
54433
54618
54873
55276
56121
56148
56558
56588
56746
57549
57652
57830
58091
58181
58318
59494
59566
59576
26942
27629
28153
29018
30283
30412
30642
30683
30717
30949
31233
31777
32908
33406
33440
33597
60244
60511
60526
60593
60640
60756
60892
60914
60988
61808
61881
62018
62517
63021
63419
63459
63941
63950
64131
64404
64697
64779
65072
65981
66214
66333
66411
67236
67480
82120
82174
83016
83213
83250
83727
84537
85285
85819
43811
44122
44206
44211
44451
45001
45631
45766
46057
46184
46282
46373
46708
46892
47289
47581
48137
48353
48450
48997
49155
49222
49287
49590
49824
50443
50686
50732
50843
51115
51565
43969
43989
44381
44762
45761
46045
46748
46876
46940
47006
48047
48059
48204
48550
48654
48822
48913
48986
49717
49835
50097
50512
50579
50647
51114
51367
51405
51898
51931
52021
52052
52726
53041
53291
53458
53507
53720
53914
53915
53929
54163
54357
54564
54666
54734
54753
55312
55313
55901
56262
57378
57603
58012
59000
59082
59403
68310
68738
69990
70830
70928
71174
71337
72091
73089
73584
77122
77127
77987
78407
78521
79992
80088
583
628
12463
12638
13056
13374
13593
13844
13862
15430
15798
16439
16507
16515
17497
35699
35923
36282
36861
37027
38232
38343
39511
39773
40310
41987
42069
42123
42279
42550
42612
17718
19210
19598
20055
20077
20164
20173
20288
20363
21398
21816
22305
22512
24512
26285
26423
80288
81003
81032
81231
81436
81767
82137
82895
83047
83135
83684
83893
27261
27316
27366
27403
27436
27859
28970
29185
29750
30434
30523
30758
30882
31056
31223
31436
31586
33448
33812
33939
34249
34359
34672
34707
34742
60000
60091
60159
60180
60590
61279
61309
61557
62043
63019
63253
64390
64585
65000
65526
66298
66348
66375
67264
67767
59667
59922
60906
61114
61321
62164
62432
62624
63197
63458
63493
63516
63626
63817
64515
65700
65941
66865
67071
67491
67600
67709
67828
35133
36030
36082
37372
37402
37975
38453
38906
39529
39686
40104
40180
40362
40692
41148
41450
41532
41762
41974
42023
42869
42908
67953
68192
68295
68354
68711
68750
69049
69138
69252
69549
70087
70280
70846
70970
71052
74314
74510
74688
75202
77889
78778
78891
79375
79494
79881
80119
43714
43907
43995
44166
44290
44517
44564
45041
45054
45809
46078
46543
47248
47452
47612
48159
48633
48681
48897
49046
49129
49485
49625
49712
49997
50547
50554
50621
51040
51106
51638
52007
52112
52291
52465
52604
52985
54070
54146
54559
55205
55420
55675
56242
56433
56777
57347
57398
57955
58405
58564
58654
58683
58719
58745
59029
59104
11466
12930
12992
13165
13517
14295
14443
14750
15344
15947
16881
17040
17080
17199
17259
17277
17394
17456
26939
27346
27410
27598
27708
30635
30726
31206
31208
31615
31939
32729
33422
33439
34226
34640
18765
19140
19655
20194
20429
20479
21487
21964
22071
22368
22647
22673
25374
25758
26231
26548
80322
80469
80518
80734
82400
84721
80771
80791
81651
81911
82269
82343
82488
82769
82860
82865
85252
85437
85464
85496
51973
52037
52142
52851
52878
53402
53427
53967
54367
55197
55378
55995
56320
56494
56515
56771
56800
57217
57394
57651
58768
58971
59026
59181
59234
59321
59553
68052
68329
68467
68927
69405
69730
70301
70470
70676
71536
71910
73960
74413
74765
75426
79029
79088
79161
79718
79751
79899
80195
59896
60219
60582
61437
61580
61698
61907
62153
62860
63182
64197
64632
64806
65113
65294
66124
66393
66518
67204
67523
67633
34938
35697
35703
35712
35725
36206
36630
37352
38169
38312
38687
38874
40356
41253
42137
42959
42964
43134
43290
43381
43646
43974
45403
45443
46157
46472
47158
47528
47596
47623
47624
48505
48551
48758
49057
49133
49237
49584
49711
49827
50497
50535
51321
17717
18486
19098
19217
19756
21390
22555
23070
23331
23368
23586
24294
24414
24502
24508
24564
24582
25201
25346
25357
306
1631
11434
11979
12591
13034
13671
13765
13954
14421
14534
14836
15143
16845
17037
17254
26949
27399
27519
28510
29859
30374
30611
31297
31374
31497
31788
32150
32289
32950
33546
33986
34531
34629
34737
34874
27293
27697
27875
28037
30280
30663
30700
31279
31696
31985
32238
33408
33490
34062
34160
34501
34573
34711
35415
35704
35706
35932
36012
36089
36151
36216
36475
36872
37313
38436
38459
40518
40624
40833
41571
41900
42606
42632
69056
69157
70005
70017
70283
70487
70674
70843
70891
71011
71797
71959
72269
72300
72884
72903
73012
77155
77231
78042
78096
78427
79544
79678
79736
79828
79902
79968
80097
80650
80941
82091
82345
82365
82402
82592
85067
85113
85446
85799
52527
52651
53112
53268
53605
53820
54121
54145
54162
54364
54431
55223
55419
55598
56104
57223
57355
57944
58313
58406
58991
59070
59326
59965
60386
60448
60691
61166
61221
61224
61553
61695
61735
61884
61924
62131
62331
63376
63421
63571
63641
64076
64226
64626
64656
64802
65052
65066
65599
65788
67527
67763
264
265
11612
12351
13291
13822
14381
14726
14888
15256
15547
16409
16666
16740
16869
17693
43736
44118
44178
44264
44830
45570
45659
45668
46022
46209
46272
47182
47273
47749
47900
48277
48609
48698
49228
50065
51124
18345
18402
19567
19605
19641
19661
19732
19833
19998
20166
20258
20265
20336
20340
20537
20558
20666
20885
21150
21274
21755
22076
22275
22576
22750
24633
24729
24820
24885
25095
25135
25300
26126
26496
19559
20963
21620
22131
22150
22226
22429
22568
22988
24356
24437
24485
25289
26301
26501
51952
52234
52722
52725
52895
53209
53336
53456
53623
53876
54241
56748
56827
57010
57601
57801
58077
58159
58508
58964
59116
59195
59245
68080
68517
69233
69634
69660
70712
71575
76983
77806
79104
79517
79631
79846
26743
26791
26835
27073
27155
27369
27765
28215
28607
29221
30395
31038
31452
32510
32768
33933
34480
34650
34798
34900
36842
37094
37831
37843
39029
39254
40176
41050
41862
42288
43029
80496
80659
81988
83194
83197
43813
44260
44519
44638
44950
46108
46275
46376
46455
46751
47719
48460
48705
49062
49329
49537
49608
49633
49808
49904
50149
50242
50431
50856
51545
60108
60422
60458
60645
60873
61045
61582
61965
62023
62045
62178
62328
62585
63508
64664
64698
64716
65686
65692
65720
66463
67474
12020
12548
14172
14644
15002
15623
16446
16487
17017
17035
17075
17128
17397
17676
573
1630
12026
12065
12067
13804
14206
14453
15011
15220
15901
16838
17324
17524
17584
17685
34979
35700
36460
36511
36633
36889
37452
38295
38778
39293
40209
40858
40912
41038
41738
41817
41892
42689
42971
43064
43433
43463
68247
69170
69211
69581
70403
71122
71981
72885
73134
74531
74638
74877
75435
76108
77844
78539
78607
79593
80095
80191
19549
19627
19658
20116
20157
20698
20784
20952
20993
21250
21894
22177
22450
22614
22829
24859
25702
25830
25884
26127
52162
52278
52367
52416
52549
52653
53017
53308
55439
55554
55586
55830
55894
56804
57088
57906
58650
58824
59033
59071
59533
27119
27705
28191
28227
28269
28859
29875
30657
30708
31293
33290
33527
33966
33972
34193
34433
34692
34845
59645
59827
60409
60459
60580
60808
61052
61417
61482
61662
61977
62069
63590
64260
64428
64865
65144
65350
65423
65878
65932
66102
66142
66162
66888
66893
67054
67106
67169
67226
67268
67385
67650
67674
67816
82172
82368
82516
82765
83084
83221
83342
84467
85262
85417
44676
44895
45062
46469
47775
47808
47980
48178
48229
48474
49742
50062
50131
50483
50954
51359
51538
51563
43871
44107
44304
44396
44406
44938
45162
45507
46001
46585
46605
47264
47335
48553
49048
49097
49104
49613
49837
50074
50220
51326
51553
51573
51623
51864
51940
52341
52412
52596
53286
53668
54391
55166
55366
55811
55929
55950
55962
56129
56267
56278
56304
56378
56828
56854
57265
59292
68005
68370
69588
70493
71098
71747
72476
74032
74208
74556
74676
74810
75098
75195
78286
78910
79060
79079
79239
79888
80201
12621
12834
13521
13771
14077
14106
14124
14256
14573
14892
15133
17126
17442
17559
35696
36246
36779
37154
37757
37827
38546
38619
38818
39169
39858
41746
42077
42216
42551
43368
43421
20874
21611
22188
22947
23911
24813
25415
25961
26222
26348
26579
26587
80839
83013
83938
83992
84538
84795
84969
85020
85032
85079
85114
85487
85700
26935
27149
27425
27905
27976
29431
30292
30355
31406
31459
32260
33300
33588
34166
34231
34259
34800
59630
60577
60776
60879
60992
61220
61608
61674
62206
62365
62529
63132
63149
63622
64170
64558
65134
65162
65277
65476
65914
65923
65992
66986
60081
60100
60296
60953
61015
61028
61461
61796
61974
62793
62980
63387
64241
64736
65661
65669
66207
67253
34889
36741
36856
37070
37132
38894
39766
39867
40137
40393
41549
41758
42072
42094
42196
42302
42799
43401
43494
68775
68852
69082
69348
69733
69819
70534
70652
70855
70958
71138
71327
73081
74098
74361
74857
75264
75269
77323
79007
79177
79187
79268
79359
79489
79503
79521
79811
43752
45033
45176
45357
46249
46254
46524
46698
47213
47562
47789
48002
48243
48646
48733
48999
49411
49878
50003
50391
51629
51744
51974
52586
52664
53170
53570
53799
54524
56694
57127
57570
57724
58630
58686
266
267
566
567
568
569
570
571
1988
1989
2006
2007
12435
13074
13112
13214
13351
14230
14270
14793
15338
15478
15504
15629
16235
16497
16632
17308
17661
17707
26828
27833
28406
30359
30752
31100
31378
32291
32558
32995
33185
34305
17777
18060
18823
19166
19285
19422
19473
19685
20032
20043
20115
20345
20778
21055
21286
21700
22249
22604
25272
25902
26086
26169
26204
26589
80241
80353
80433
81443
81713
82011
82268
82296
82350
82464
82600
82678
82983
83455
83638
83718
84973
85022
85297
85392
85914
80218
80551
80916
83094
83097
83315
83503
83999
84325
84591
85176
85200
85227
85260
85490
51808
51991
51998
52010
52016
52055
52319
52571
52807
53488
53531
53746
53828
54565
54710
54897
56301
56520
56563
56690
56747
56919
56991
57043
57243
57492
57825
59479
68576
68656
68720
68823
68950
69243
69345
69381
69750
70056
70590
71129
71486
71838
72128
72539
72943
73213
74045
74257
74319
75420
77899
78408
78731
79032
79194
79679
79972
80114
80175
80189
59759
59912
60088
60437
60591
61900
62096
62467
62796
62936
63544
63596
64034
64162
64422
64576
64708
64896
65153
65529
65896
66096
66611
67867
35730
35735
37460
38045
39312
39798
39882
40041
41648
41999
42390
42489
42619
42659
43047
43292
44233
44481
44534
44900
45428
45439
46436
46660
47117
47139
47175
47181
47511
48354
48732
49294
50687
50872
51109
17853
19116
19393
20539
21295
21349
24534
24559
24858
24961
25200
25447
25759
26329
26364
26429
268
1629
12112
12352
12821
13965
14356
14384
15158
15205
15615
15728
17345
27714
28130
31412
32101
32993
33003
33606
34549
34772
26700
26998
27048
27420
28361
30459
31058
33280
33461
33783
34684
35340
35767
36210
36242
37193
37197
37256
37390
37765
38600
39202
39329
39572
39671
39763
39806
39884
39991
41070
41257
42117
42451
42712
42868
42937
42940
67995
68333
68630
69434
70276
70566
70773
70792
70924
70945
71096
72165
73069
74070
74353
74519
74613
78294
78319
78680
78965
79627
79644
79907
80162
80717
80784
81451
82012
83140
83523
83852
85312
85322
85888
51745
52388
52458
52941
53078
53241
54328
54544
54706
55153
55325
55723
55859
56127
56247
56388
56518
56539
57199
57353
57674
57727
58289
58306
58497
58663
58997
59134
59169
59247
59399
60120
60275
61046
62210
62431
62741
63515
63536
63823
63994
64460
64493
64503
65086
65494
65591
65955
66043
66734
67214
67532
11403
12426
13213
13402
14242
14301
14908
15360
15422
15825
16922
17257
43661
43770
44317
44465
44537
44797
45520
45685
45712
46063
46487
46866
47216
47799
49722
50002
50005
50314
50405
50729
50840
51547
18347
19898
20273
20283
21360
21435
22147
23288
23304
23505
25952
25964
25980
26374
17830
19000
19739
20474
20621
21249
21983
22537
22904
24363
26645
51886
52130
52612
52988
54032
54177
54954
55794
57411
57429
57913
58032
58770
58965
59186
68634
68755
69177
69317
69945
70175
70784
71139
71421
71430
71906
72575
74724
76126
77167
77575
77597
79115
79367
79447
79763
80056
27127
27548
27611
27613
31691
31865
33004
33548
33953
34087
35169
36558
37121
37373
40138
40246
40960
41156
42259
42714
42975
43057
80405
80960
82382
82881
82882
84081
85327
85554
85898
44140
44566
44937
45000
45328
45878
45946
45976
46513
46570
46681
46691
46760
46829
47514
47655
48034
48259
48430
48610
49193
49371
50577
50975
51260
51549
59907
60056
60109
60179
60249
60266
60835
61432
61487
61531
61787
63089
63128
63213
63689
63970
64067
65664
66160
66205
66287
66451
66772
67341
67415
11348
13372
14021
14387
14610
14862
15568
15594
15956
17052
17270
269
574
575
12466
12491
12810
13445
13570
14586
14634
14652
15176
15267
15786
15972
16895
17328
17382
17504
36850
36877
36995
37649
38928
39724
40002
40131
40929
41221
42679
42922
43030
43187
43412
68888
69685
69995
70140
70253
71046
71883
72517
73236
74465
74663
74830
76102
77915
78545
78788
78951
78975
79358
79479
79528
79661
79982
17722
19309
20003
20045
20098
20319
20382
20444
20637
20670
21158
22221
25130
25298
25689
25736
25817
25854
25951
26020
26023
26168
53252
54953
55095
55425
55458
55999
56076
56190
57458
57664
58272
59112
59185
59433
59458
59481
59560
26807
26841
26889
27908
28272
28634
29402
30309
31764
31768
31814
32209
32412
32965
33607
33946
34729
59843
60216
60254
60566
61656
62030
62102
63435
63487
63555
63933
63991
65232
65415
65853
65953
66143
66662
66665
80247
80271
81388
82376
82420
82466
82511
82821
83052
83563
85866
43933
44127
44387
44439
44547
44562
45571
46060
46244
46600
46769
47033
47269
47572
48320
48378
48993
50291
50681
50716
50719
50938
51389
43823
43963
44237
44249
44316
44328
44672
44917
45101
45388
45447
45450
45707
45944
46276
47383
47544
47697
47874
48148
50619
50912
51004
51401
51664
52008
52699
52870
53034
53096
53260
54984
55260
55414
55923
56132
56734
57178
57460
57779
58255
58907
59476
68539
68543
69323
69410
69936
70083
70265
70432
70809
71087
71187
71620
74170
74973
77098
77457
77991
78033
78601
79063
79356
80115
11935
12597
13061
13499
14202
15096
15207
15785
16001
16962
17321
17627
35087
36258
36454
36640
37066
37280
37399
37616
37786
38099
38133
38898
39726
41361
41657
42059
42222
42421
42496
43058
18500
19297
20123
21510
21875
22056
22088
22252
24493
25098
26431
81676
82242
82534
82664
82668
82890
83208
84417
85001
85006
85474
26854
26866
27187
27381
27535
27677
27719
27888
27920
28381
29024
29343
29426
29829
30062
30135
31604
31710
34303
34513
60320
60443
60659
61364
62428
62486
62815
63676
63687
63731
64001
64281
64326
64417
64813
65401
65794
65972
66232
66479
67004
59809
60011
60297
60954
61107
61474
61605
61661
61984
62861
63112
64060
64294
65393
65627
66760
66828
67117
67231
67691
34927
35321
35787
35986
36594
37598
37690
38915
40111
40194
40529
41189
41293
41871
42700
43550
68174
69900
70016
70127
70272
71440
71725
72942
73537
73539
74962
77564
77667
79037
79257
79876
43696
43788
44177
44354
44635
45116
45205
45781
46323
46421
47716
47750
47837
48541
48579
48615
50047
50121
50749
50867
51290
52638
52672
53182
53444
54269
55283
56048
56710
56755
56822
57150
58172
58982
11590
11898
12322
12759
12797
13158
14022
14078
14386
15622
15776
16325
16511
17370
17374
17399
17448
17463
26916
27003
27416
27422
27733
28390
30553
31138
31154
31230
31295
31419
31715
33447
33451
34657
19811
19866
20052
20181
20516
21465
21596
21679
21727
21765
22719
22923
25372
25406
25983
26003
26139
26582
80277
80720
80835
81896
82218
82264
82571
82789
82846
84184
84379
85787
80309
80466
80789
80859
81053
81086
81224
81617
81677
83201
83229
84443
84473
84763
84925
85253
85319
85764
53244
53555
53647
53980
54333
54667
54928
55237
55729
55924
56411
56666
56797
56923
57176
57286
57410
57453
57693
58342
59438
70857
70866
71172
72905
72993
74158
74367
78994
79771
79799
80123
59770
60114
60449
60675
60763
61355
61363
62123
62570
62919
63207
63649
64028
64051
64223
64863
65081
65243
65245
65756
65810
66869
67261
67499
67717
67808
36298
36736
36748
37711
38028
38300
38450
38979
39072
39275
39546
41604
41978
42437
42628
42862
42965
43542
43670
44392
44476
44682
44813
44862
44952
45479
45612
46395
47090
47723
48028
48215
49053
49924
50340
50433
17732
17775
19937
19958
20410
21298
21626
21690
22388
22981
24293
24537
24809
11448
11546
12038
12735
12927
12946
13647
13959
14467
14856
15240
15260
15811
16108
16282
16848
16911
26746
27298
27351
27456
27514
27690
27847
27909
27928
28000
28239
28403
29636
30324
30370
31426
31635
31728
31740
33819
34504
26816
27950
28232
28399
29485
29848
30673
30799
30872
31449
32042
34222
34365
34387
35694
36034
36207
37807
37858
38318
38518
39061
39734
39863
40476
41819
41967
42270
42542
42925
43101
68988
69497
70586
71140
72864
73071
73578
74797
75336
76145
76997
77350
78157
79165
79258
79520
79623
80751
81621
81708
82014
82015
82096
82316
83121
83203
83565
84230
85467
51699
51901
51981
52197
53021
54655
54681
54944
55747
55755
55784
55991
56101
56447
56471
56652
56712
56884
57343
57642
58344
58428
58474
59320
59490
59760
60122
60338
60350
60419
61431
61972
62712
62916
63230
63437
64002
64700
65338
12219
12465
13152
13318
13792
15394
15610
15971
16540
16609
16750
16825
17141
17198
17283
17656
43705
43763
43769
44284
44573
44722
46723
46995
47545
47674
47827
48097
48115
48231
48463
48630
49929
50395
50669
51235
17770
19172
19635
19963
19981
20028
20441
20487
20572
20608
20672
20800
20888
21101
21285
21516
21518
22074
22227
24805
25111
25358
25388
25419
19274
19700
21330
21436
21769
22903
23314
23378
23445
24488
24491
24624
25132
25675
25683
25917
25999
26416
51688
51727
52499
52982
53730
54332
54755
54800
55037
55092
55265
56081
56417
56453
57047
57177
57404
58113
58685
58732
58775
58914
67937
68011
68753
69374
69691
69844
70848
71223
71453
71756
75198
77331
78163
78181
78600
78939
26707
26738
26799
27302
27484
27564
28338
29428
30285
31133
31538
31592
33934
34309
34724
34849
35036
35629
36836
36928
37357
38897
39225
39695
40577
41543
42034
42112
42357
42998
43040
43407
80214
80752
80777
81533
81593
82036
82849
82938
84962
85225
43764
44197
44358
44507
44772
44823
45025
45775
45805
46687
46749
48397
48407
48742
49143
50673
50955
51291
61187
61195
61697
62160
62356
63020
63043
63931
64430
67321
67529
589
602
11643
11766
14363
14418
14910
14974
15020
15414
15965
16151
16856
17155
17400
17629
11573
12345
12757
13147
13386
13428
14111
14118
14337
14444
14460
14807
14960
15120
16606
16621
17408
36604
36797
37191
37319
37322
37771
38219
40014
40118
40844
41682
42515
42648
43383
43458
68048
68452
68638
69135
69620
69670
69978
71092
71249
71439
71556
72758
73148
77469
78700
79280
80054
80059
80193
18980
19691
20777
21194
21501
21605
22575
23049
24965
25141
25712
26289
26448
26454
51957
52201
52216
52227
52322
52345
52433
52645
53113
53159
53328
54640
55040
56194
56540
57186
57548
57996
58155
59096
59110
26954
26968
27255
27944
28222
28499
28856
29989
30018
30476
30739
31269
31444
31639
32947
33518
33955
34451
60150
60650
61140
61443
61525
62056
62883
63252
63673
63808
63975
64137
64301
64373
64473
64767
64981
65323
65439
65963
66233
66593
66674
66834
67773
80347
80730
82451
82812
82932
83253
84437
85349
85780
43682
44070
44154
44422
44503
44777
44822
45146
45257
45401
45494
46030
46859
46926
47397
47407
48025
48152
48175
48547
48960
49375
49922
49966
50795
51061
43615
43824
43984
44959
44963
45143
45288
45959
46213
46612
46813
47726
47877
48499
50747
51679
52170
53621
55900
55906
56266
56376
56901
56998
57136
57555
57905
58556
58959
58973
68619
68923
69008
69242
69304
69403
69678
71145
71441
75015
78331
79091
79619
79649
270
12965
13176
13922
16432
16592
17523
35020
35040
36468
36671
37127
38325
38677
38852
39146
40588
40612
41842
42855
42966
43130
43286
17784
21752
21809
24070
24312
24836
25351
25719
26050
26112
26150
26580
80409
80448
80959
81434
81642
81969
82041
82069
82294
82471
83729
84206
84351
84840
84921
85289
27089
27218
27312
27774
28175
28287
29851
30390
30570
32050
33859
34143
59680
59820
60004
60102
60137
60384
60872
61502
61922
62988
63082
63566
63608
64082
65179
65898
66082
66988
67555
67592
67641
60583
60874
61083
61673
62853
63167
63302
64206
64557
65108
65167
66022
66378
66547
66613
66683
67470
35050
35304
35759
36175
36716
36882
38222
38893
39575
40090
40106
40274
40431
40634
41146
41262
41281
41640
42109
42821
43174
43395
68353
68793
68932
69012
69970
69989
70090
70232
71132
71501
72477
72840
73065
73483
73657
74115
74177
75453
77873
78660
79202
79605
79739
79752
80028
44570
44942
45142
45551
45717
46464
47331
47390
47701
47820
48572
48657
49279
49495
50465
50678
50717
50920
52025
52661
52759
53594
54498
55407
56684
56774
56778
57932
58056
58179
58236
58335
58403
58929
59076
598
12244
12872
14716
14868
15767
16279
16380
16890
17187
17229
17395
17604
27077
27491
28464
29480
30051
30446
30655
30920
31107
31866
31967
32213
32484
33583
34318
34588
34862
18884
19423
19763
20062
20140
20548
21071
21670
21680
22643
22729
22950
23889
24387
24702
24781
25257
25526
26131
80552
81427
81583
81765
81897
81936
82062
82189
83049
83106
84460
84778
84890
85034
85420
82953
83233
83326
83929
84514
84776
85210
85550
51880
52200
52611
52975
53449
54278
54626
56270
56595
56846
56897
57503
57655
57785
57933
58384
58446
59286
59350
68410
69635
70675
71288
71816
74983
76879
76945
78520
78741
80137
59915
60157
60694
61010
61213
61494
63362
64007
65259
65299
65300
65670
65803
66036
66429
66546
67097
67234
35063
35737
35926
37300
37801
38063
39408
39438
40261
40282
40620
40642
41235
41697
41832
42755
43074
43185
43284
43469
43475
43583
43729
43962
44616
44941
45461
45817
45999
46485
46610
46783
48406
48581
48866
49172
49203
49478
50090
50137
20694
21270
21553
21967
22468
22695
24621
25691
26151
26215
26679
11636
13296
14158
14570
14684
14757
15525
16347
16661
17133
17640
26927
27647
28220
28363
28471
29197
31596
32589
32835
26862
26948
27019
27853
28753
29030
29038
30278
30464
31441
31973
32054
32115
32461
33525
33765
34037
34152
35083
35260
35412
35853
36840
37360
38304
38364
38490
39289
40300
40525
40667
40738
40922
41162
41773
41997
42365
42803
43044
43246
68279
68617
68691
68831
70064
70214
70620
70684
70813
72676
72764
73641
73729
74711
76941
78818
79213
79369
79493
80177
80361
80366
80857
82181
83021
83964
84064
84584
84863
85021
85082
85254
85317
85515
85765
51950
52121
52512
52574
52757
53727
53824
54117
54174
54402
54692
54918
55236
55337
55357
55646
55705
55736
56627
57133
57181
57284
57474
58400
58453
58758
58994
59358
59792
60377
60631
61660
62058
62100
62154
63612
65045
65228
65474
65733
67168
67241
67420
67560
11548
12576
12935
13138
13253
13735
14633
15100
15282
15598
16205
16532
17265
17513
17703
43738
44196
45709
46303
46425
46433
46850
47521
48043
48223
48345
48563
49256
49481
49800
51100
51172
51413
18335
20818
22341
22565
24464
25771
26122
26245
26641
18985
19713
22179
22905
24734
25960
26096
26327
26508
26517
52042
52544
53050
53347
55684
56174
56397
56486
57520
68470
68545
68811
68869
69016
70096
71222
71520
72919
73321
75071
75268
76989
77118
78647
79335
79617
79850
26695
27262
28167
30228
32335
34110
34577
34611
35548
36774
36997
38984
39256
39355
41313
42209
42545
42572
42885
43082
80463
80511
80967
81312
81377
81980
83448
83449
83462
84539
85081
85105
85143
85283
85321
85516
43650
44086
44093
44229
44353
44673
44690
44945
45578
45835
46676
46841
47240
48527
48680
48718
48832
49501
49558
49709
50536
50564
50566
50763
51639
60823
61519
61962
62001
63310
63981
64037
64282
64433
64887
64971
65588
65732
65738
65856
66473
66668
67504
67622
67629
67824
271
307
11438
11446
12569
12659
13463
13543
13661
13731
13737
13955
14010
14076
14445
14679
14731
15063
15520
16186
17117
17235
17285
17352
17424
12343
12526
13080
13280
13554
13698
13937
13967
14505
14738
15046
15112
15368
16118
16359
16810
16811
17388
35720
35960
36514
36806
37311
37490
38850
38986
39509
39618
40707
40842
41895
42139
42336
42514
42643
43167
69699
71543
71852
72850
74754
74849
74970
75141
76845
77735
78001
78301
78624
78953
79106
79114
79173
80093
19351
19664
19675
19828
19845
19993
20095
20124
20831
20838
20962
21118
21269
21540
21594
21736
22331
22550
22606
23265
23437
24649
25778
26326
51799
52953
53210
53972
54468
54629
54719
55304
55521
56839
56935
58492
58495
59514
27130
27161
27260
27430
28055
28145
28211
28212
28545
29387
29869
30431
31418
32284
32286
33475
33610
33769
60233
60581
60743
61048
61554
61651
62557
62768
62828
62838
63908
63909
64569
65554
66131
66360
66531
67329
67561
80408
82001
82284
82455
82493
82602
82727
83255
83577
84350
84905
85288
85659
85880
43921
44125
44145
44176
44209
44302
44500
44827
44875
45125
45179
45224
45500
45511
46650
49038
49310
49686
49812
50064
50333
50427
51026
45725
45900
47308
47357
47578
47582
47786
48112
48255
48480
48768
49789
50630
50677
50992
51063
51763
51807
52809
53253
53532
54533
54852
55137
57511
57572
57680
58778
58844
59098
68145
68623
69074
70702
71217
73917
75310
75352
78459
78479
79105
79439
79535
79894
79940
584
595
1638
12835
12890
13192
13503
14389
14423
15317
15558
15799
15855
15990
17634
35525
36589
36858
37923
38353
38417
40228
40444
41154
41556
42653
42935
42957
43062
43436
20211
21304
21473
21762
24577
24654
25737
26351
80319
80512
81903
82213
82759
83557
83876
83879
83944
84376
84734
84986
27022
27092
27464
28133
28513
29498
30234
30386
30500
30610
31528
31687
31737
31873
32505
33421
34070
34186
34430
34521
59709
59757
59815
60635
60880
61041
61184
61609
61720
61761
61836
61944
63029
63166
63965
64696
64961
65059
65363
65382
65472
66347
66495
67247
67609
60160
60567
60779
60789
61748
61794
62310
62522
63003
63059
63170
63578
64033
64450
64996
65160
65398
66016
66939
67467
35355
35530
36085
36775
37929
38713
39304
39367
40085
40641
40934
40970
42410
42669
43560
68724
68752
69176
69512
69578
69865
70007
70065
71192
71349
71357
71413
71428
73375
74450
74821
75127
75432
75879
77768
78094
79581
79682
79974
43699
43882
44807
45632
45708
45938
46579
47065
47818
47924
48305
50591
51466
51631
51987
52528
53537
53738
53937
54143
55691
56263
57101
58240
58314
19
272
1635
11542
12973
13015
13151
14441
14497
15026
16713
16991
17398
27166
27191
27803
27812
28085
28195
28258
28587
29370
29384
30424
30859
31318
34058
34368
18912
19169
21226
21252
21921
22151
22790
24883
25225
25816
82082
82334
83439
83534
83640
84345
85539
85762
80285
80903
81068
81083
81477
81976
82872
82877
83110
83190
83350
84435
84472
84575
84601
84779
84933
85214
51936
52061
52812
53574
53590
53659
53984
54545
55715
55779
55945
56130
57099
58989
59508
68023
68127
68817
68912
69160
70227
70284
70565
71190
71365
71663
71949
72699
72976
73101
73606
74031
78044
78242
78528
78651
78828
79144
79740
79804
59861
60469
61129
61303
61528
61664
61918
62171
62261
62558
63368
63500
64440
64620
64823
64874
65548
65656
65735
66085
67202
67875
36563
36566
38301
38833
39208
39616
39919
40579
40885
41927
42172
42317
42533
42640
42934
43014
43276
43807
44263
44280
44362
44825
44910
45252
45285
45513
46150
47202
47424
48057
48184
48195
48221
49591
49603
49743
50272
50589
51222
51517
17836
18181
20159
21665
21944
25566
25807
26665
40
273
590
1634
1637
12298
13012
13393
13455
14231
14660
14843
15211
16768
17034
17612
17635
26770
26783
27035
27104
30531
31104
31207
31633
32138
34195
34665
34682
27338
27542
28760
30282
31059
31175
33190
33562
34239
34265
34538
35191
35733
36905
37865
38253
38652
39211
40347
40650
40755
41242
42350
42352
42371
42618
42926
43066
43464
67962
68301
68338
71103
72736
73158
74432
74614
74785
77262
78007
79450
79547
80019
80318
80324
81219
81789
82313
82414
83066
84024
84600
85005
85900
52020
52407
52620
53190
53658
55381
55400
55797
55878
57096
57124
57294
57307
58184
58701
59291
59443
59643
61422
62542
63046
63127
64668
64740
64788
64982
65088
65486
65978
66058
67028
3
10
16
18
21
22
23
24
25
26
27
28
29
30
31
32
33
34
35
36
37
41
45
46
274
275
576
577
578
579
580
581
921
922
923
924
925
926
1636
1639
1640
1641
1642
1643
1644
1645
1646
1647
1648
1649
1650
1651
1652
1653
1654
1655
1656
1657
1658
1926
1927
1992
1993
11495
11497
13069
13355
13509
13770
13798
14011
14186
15125
15433
15521
15636
16579
44109
44321
44345
45243
46556
46727
47024
47341
47589
47968
48408
50294
50367
50626
51250
19039
19323
19764
19977
20416
20585
20916
20981
21076
21378
21454
21802
22230
22427
22511
22684
23019
23082
24449
25304
25353
25379
26511
26584
17746
19250
19478
20303
20862
21601
21919
22436
22649
51953
52575
53358
53832
54288
54453
55290
55538
56108
56116
56463
56693
57222
57689
57816
58150
58214
58754
59199
59585
68041
68343
68907
69520
70516
73049
73547
74488
77358
77578
77601
77788
79059
79698
26717
26764
27487
29412
29762
29980
30687
30745
30784
31181
31301
31386
31494
31738
31795
31812
33594
33814
34207
34407
35201
36803
37900
38347
38871
39728
39832
40403
41357
42053
42113
42413
42433
42472
42647
42786
80456
81166
81201
83450
84818
85208
85224
85324
85429
85458
85798
43880
43901
43972
44217
45010
45122
45714
45936
46277
46563
47208
47677
48077
48375
48427
48465
48526
48948
49247
49615
50903
51324
51336
51431
59752
59921
60101
60472
61367
61960
62145
62288
62371
62629
63560
64111
64701
65093
66370
66458
66474
66490
66917
67032
67136
67280
67414
67703
67799
11610
14683
14713
15192
15196
15634
15754
16181
16199
16208
16530
16865
17460
605
927
12056
12312
13027
14823
14950
15486
15761
16134
16729
16893
16976
17444
17449
35680
36502
37179
37528
39606
40046
41411
41558
41566
41570
41831
42328
42337
43339
68261
68469
69369
70393
70823
71025
71482
71576
78649
79198
79244
79326
79833
79949
80200
17802
18779
18987
21876
22162
22320
24448
24636
25144
25472
25645
26577
51892
52013
52146
52349
52424
52567
52607
53651
53736
53927
54042
54754
56281
56711
56824
56945
57579
57702
57956
58414
58470
58787
59012
26976
27887
30256
30371
30430
30558
30563
31046
31187
31356
33283
34158
34218
34601
59699
59934
60391
61147
63160
64288
64303
65690
66074
66079
66825
67132
67392
67567
80441
80566
81638
81663
82548
82558
83169
83650
83657
84352
85116
85245
85331
85635
43713
44306
44849
45629
46039
46196
46461
46745
46984
47077
47465
47672
48891
50925
50965
43743
43914
44390
44482
44487
44520
45307
45641
45789
45876
45915
46210
46316
46557
46977
47236
47491
47549
48373
49058
49894
49957
50762
51419
52959
53175
53208
53656
54489
54945
56421
56888
57714
57754
57891
58074
58103
58284
58797
59282
67989
68116
68782
69592
70719
70778
71005
71136
71423
74021
77552
77728
78454
79127
79916
80017
80091
585
586
603
12484
13306
13768
14053
14216
14520
14608
15444
16498
16769
17706
35322
36709
37727
37815
38754
39052
39649
41039
41196
42427
42558
42896
43170
43209
18836
20177
20374
20375
20808
21647
21956
22916
23457
23515
24845
26567
80412
81372
83614
83728
83768
84819
85171
85286
85396
85881
27259
29976
30357
31219
31313
31388
31868
61164
61733
62301
62563
62591
62628
64890
64915
64935
65014
65679
67178
59858
60039
60518
60594
61682
61961
62217
62225
62702
62866
63053
63136
65226
65520
66432
66700
66721
67239
67379
34982
36115
36595
36866
37603
37744
39685
40760
41110
41164
41524
41982
43514
68095
68292
69038
69447
69453
69797
69818
70278
70776
70810
71324
73543
75242
75335
77116
77391
77595
77731
78570
78920
79217
79282
79299
79507
80142
43722
43745
44495
44670
45326
45939
46474
46814
47310
47395
48153
48429
48943
49163
49830
50110
51127
51564
51829
52149
52719
54316
54634
55394
56495
56742
56913
57586
58460
59345
276
587
588
14710
14962
16148
16204
16588
27081
28878
28964
29182
29868
29897
29910
30436
32248
33482
34261
34380
34436
19025
19634
19672
19892
20386
21387
21735
21782
22946
23018
24509
24691
25172
25243
25820
80601
82026
82144
82561
83639
85217
85231
85352
85512
85538
83188
85018
85038
85586
85599
51930
52517
52847
53333
53681
54201
55544
55668
55708
56475
56930
56958
57960
58188
58189
58734
58782
58960
59411
59472
67977
68229
69187
69526
70259
72035
74398
77609
78036
78940
79563
59727
62582
63011
63638
64466
65533
65666
66280
66494
67514
67517
67681
35154
35810
36061
38933
38987
39190
39410
39589
39943
41287
41870
42307
44216
44334
44655
44714
44773
44885
45394
46812
46999
47052
47184
47860
47930
48457
48635
48737
49047
49414
49766
49780
50211
51635
18119
18325
19270
20685
21581
24841
25054
26358
629
11927
12998
13123
14708
14872
15411
15900
16225
16747
16957
17046
17477
27068
27615
28157
28200
28207
29405
29439
30682
31273
31664
31706
31718
31918
33419
33919
33956
34000
34117
26729
26884
27220
27536
27557
28059
28265
28907
30366
30393
30400
31568
31628
32478
33002
33825
34535
34612
35292
39214
39303
39454
39822
40780
41187
41484
41882
41957
42038
42300
42720
42866
43133
43406
69064
69430
69595
70321
72489
74642
75278
75342
77346
78815
79518
80228
80304
82224
82317
82470
82478
83012
83715
84353
85292
52480
52501
53202
53913
54126
55090
56250
56452
57611
58707
58793
58832
59413
59416
59505
60547
61419
61724
62458
62886
63026
63992
64489
64918
65340
66632
67305
67707
591
11821
12987
13389
13773
14866
15448
16334
17436
17624
44134
44459
44815
45352
45475
45681
46239
46531
46542
46978
47469
47534
47692
48198
48242
48405
49718
49974
50023
50607
50968
51003
51262
18662
19073
19115
19488
21207
21934
21970
22205
22645
24438
25542
26203
18735
21223
22259
24421
25890
26225
26627
52198
52496
52532
52614
52780
53075
53093
53110
53935
53954
55243
55297
55844
56199
56480
57179
57909
58163
58479
58974
59018
59471
68434
68855
69589
70271
70277
71078
73615
79047
79484
79710
79770
27233
27450
28018
28292
28857
29865
29932
31224
31590
32402
33067
34140
34851
34997
36042
36653
37488
38561
38709
38940
41022
41241
41506
42204
43316
80468
81610
82133
82998
83972
84796
84946
85532
85733
43925
44470
44583
44856
44972
45023
45130
45376
46006
46943
47740
48015
48366
48801
48854
50943
51110
51145
59720
59806
59979
60273
60903
61866
62119
63969
64144
64983
66179
67704
13079
13563
13745
13802
13805
14540
14545
14725
14727
15820
16021
16074
16585
16687
16718
16928
17549
12472
13673
13876
15261
15289
16105
16111
16135
16584
16883
17210
17576
35390
36023
36925
37029
37748
38705
40064
40120
40290
41179
42283
43265
68929
69346
69393
70111
71371
72917
73249
73773
74179
74472
74762
79197
79600
18301
19577
20324
20350
20664
20754
20968
21114
21254
21697
21778
22639
22762
22983
23090
24593
25169
25477
25967
52128
52205
52277
52478
52639
53297
54005
54436
55828
56509
56751
57058
57184
57250
57837
58180
58264
58586
59300
26720
26812
27355
27641
29366
29423
31385
31463
33492
33563
34024
61358
62346
62603
63602
63720
64385
64420
64705
64746
65083
65489
66583
67631
67847
80942
82166
82235
82256
83717
83746
84807
84848
85513
44087
44645
45385
45576
46414
46460
46679
46846
47071
47406
47526
47754
48968
49207
49213
49459
49492
50713
50887
51168
51355
51435
51655
43890
43915
44240
44598
45066
45274
45742
45864
45894
46068
46346
47275
48161
49115
50009
50356
50479
50606
51438
51508
51541
52143
52815
54417
54920
55323
56654
56661
56857
57183
57203
57839
58382
58728
59167
68699
68941
69514
70339
70598
71091
71478
72261
72510
74385
76885
77329
78383
79278
606
12213
12675
12787
13057
13353
13728
13923
14429
14846
14919
15062
15423
15859
16281
16545
17441
35290
35749
36910
37954
38798
38832
39093
39809
40733
41403
41651
41776
41983
42746
43477
18970
20066
20839
20935
21292
21306
21569
22030
24456
25209
25381
26659
80224
80671
82621
82741
83322
83680
84996
85073
85120
85308
85546
85555
85746
26874
27836
28185
28270
29561
29900
30428
30638
31505
32212
32280
32459
34686
59899
60243
60484
60499
60598
62221
63588
63752
64488
64677
65250
65443
66428
66511
66777
67907
59685
60982
61773
62715
62909
63100
63203
63314
63583
64211
64237
64239
64261
64318
64561
64775
65261
65497
65706
66806
67657
67665
34972
35855
39228
40015
40225
40394
40924
41388
41505
41950
42036
42130
42148
42692
68560
69334
69839
71039
75234
77453
77878
78851
79118
79460
79586
44126
44612
44761
45071
46423
46944
47897
48401
48470
50100
51144
51150
51693
52311
52340
53602
55117
56445
57040
58510
58588
58614
59372
277
592
12204
12450
13196
13523
13534
13881
14279
15406
15703
15824
16187
16792
17045
17048
17346
28801
30575
30694
31012
31470
31508
32182
32442
32542
33104
17747
18270
18991
19254
19389
21533
21807
22075
22289
23267
23312
23318
23380
23422
25252
25996
26316
26442
81529
81543
81694
82123
82438
82930
83128
83903
82251
82670
83459
84815
85923
51924
52153
53313
53459
54196
54318
56385
56662
56727
56947
57479
58199
58521
68257
68756
68776
68866
70318
70740
73529
76975
77928
78632
79214
79491
59783
60049
60770
61575
61710
62280
62995
63285
63288
63318
64100
65202
65882
66196
66396
66592
66977
67265
35509
37146
37269
38180
38578
39479
39755
41561
41938
42151
42428
42641
43309
43525
43545
43593
44515
44944
45031
45951
45980
46339
46512
46597
46976
47036
47486
47489
47943
47998
48019
48304
49677
50537
51019
51175
51505
51574
19299
19886
20526
24004
24882
25676
25886
308
593
609
11897
12109
12448
12646
13160
13784
14218
14582
14709
15409
16803
16967
17347
17495
26739
26766
26877
26879
27177
27646
27732
28529
28849
29369
30452
31191
31786
33119
34107
27050
27203
27614
28177
28759
30895
31310
31462
31560
34660
35728
36474
36577
37271
37389
37869
38191
38385
42165
43220
68389
68451
68594
69764
70537
70613
70814
72714
74183
74405
75068
75190
76865
77386
78003
78216
78564
79639
80112
81378
82517
82642
82790
84372
85711
85715
52481
52621
53108
53644
54901
55914
56530
56556
57358
57465
57770
57992
58182
59161
59540
60668
60857
60958
61874
62633
63788
65149
66152
66212
66215
66510
66762
67464
67489
278
599
12612
13095
13387
13697
13801
14878
15312
15576
15713
16353
16820
17387
17514
43674
43762
43894
44455
45040
45137
45139
45149
45152
45156
45164
45167
45171
45175
45184
45187
45189
45201
45204
45211
45214
45221
45239
45242
45247
45251
45256
45259
45262
45267
45269
45272
45275
45278
45281
45284
45287
45290
45293
45296
45299
45302
45305
45309
45312
45315
45318
45320
45324
45327
45330
45333
45336
45340
45343
45346
45349
45353
45356
45359
45362
45365
45368
45371
45374
45377
45380
45383
45387
45390
45397
45399
46529
47450
47779
48087
48669
48850
49574
50461
50572
50737
51060
51306
18433
19045
19062
19482
19815
19911
20696
20701
21372
21576
22751
24062
24719
25184
25528
25541
26121
26212
17765
18563
19820
20521
21797
24643
25438
26123
26687
51712
52831
54460
54686
56680
57784
57798
58186
58436
59192
59213
59322
68403
68572
68761
69845
70641
73977
76961
78188
78838
79016
79040
79720
79800
27132
27327
27348
30039
30785
31159
31171
31226
31688
31875
32351
32625
34297
34506
35251
35306
36189
37262
37620
39067
40468
41317
41473
41838
42285
43365
81259
81923
82377
83569
83597
84070
84079
84491
84728
85373
85501
85760
44467
45496
45865
47639
47890
48441
48744
48869
49458
49472
49640
49799
50146
50437
50871
51266
51292
60951
61060
61504
61545
61963
62234
64196
65154
65496
65659
65667
65909
596
11538
12728
13361
14212
14753
15030
15390
15736
16664
17003
17589
279
610
13687
14219
14455
14559
14685
14749
15127
15922
16011
16229
16800
17007
17318
35303
36740
36974
37140
39075
39416
40247
40440
41525
41642
42176
42244
42354
42951
43422
68267
68636
68649
68721
69027
69622
69864
71204
71819
72414
72467
75063
79361
79663
18400
19965
20067
20240
21025
22714
26024
26239
26278
26417
52213
52275
52282
52577
52729
52811
54170
54919
54926
55699
55720
55802
56625
57277
57679
57757
57872
59507
27237
27319
27474
27588
28702
29752
30734
30985
32184
32493
34744
59624
61094
61258
61895
61970
62650
63471
63670
64637
65055
66265
66714
67270
67442
67508
67590
82531
82645
83875
85019
85382
85471
85637
43684
44003
44718
44894
44994
46021
47859
47991
48100
48222
49395
50135
50931
43909
43949
44168
44466
45437
45868
46931
47412
47616
48261
48627
49544
50412
50776
51215
51247
51445
51736
51810
52966
53247
53331
53400
53442
55224
56231
57413
58083
58123
58545
58753
59271
68643
68677
69316
69585
71515
71868
73703
75385
77962
78957
600
13975
14031
14481
14640
15032
16470
16526
36634
37031
38104
39599
39786
41379
41441
41797
42706
43102
43385
43488
17723
19338
21225
21558
21585
21644
21827
22354
22968
25639
26553
80520
80851
81004
81123
81227
81634
82087
82776
83045
83289
83518
83883
85031
85056
26718
27138
27350
27809
27943
30978
34113
34131
34452
59985
60481
61306
61975
63585
63880
64894
66174
66208
66741
66798
61728
61774
63381
63744
64096
64372
64529
64722
64866
65025
65188
67240
35028
36650
37643
37799
37992
39881
40517
41715
41716
42363
42790
69746
69847
70345
70569
70878
71056
72384
73140
74168
75197
77200
77317
79203
79209
79755
79794
79821
44276
44512
44633
44936
44992
45005
45369
45373
45489
45682
45875
46025
46321
46532
47085
47251
47262
47456
48101
49881
49947
52180
52410
53441
53941
54048
54553
54623
54934
55751
55796
55956
56079
56296
56337
56561
56917
56977
58024
59448
604
11608
13088
14957
15638
15642
15659
15982
16373
16774
17445
27494
27521
27725
30373
30505
31324
18278
19224
19347
19462
19565
20033
20082
20120
20169
20482
20594
20708
21322
21388
22053
22215
22257
22651
25122
25180
25428
25442
26196
82199
82252
82291
82347
82614
84446
84918
85241
85797
85891
80354
80718
80739
80814
80832
81389
81478
81482
81875
81907
82259
82897
84038
84574
84901
85291
85378
85394
85488
51714
51819
52120
52859
52974
53091
53106
53239
54373
54952
55105
55464
55583
55664
56850
56910
57173
57731
57795
58218
58612
59183
59382
67929
68562
69396
70367
71461
72693
78112
78769
78832
80072
59924
59968
61069
65130
65324
65888
65999
66423
66932
67764
36567
37677
38934
40008
40044
40917
41341
42903
43197
43270
43741
43768
43781
43874
44184
44419
45254
45446
45700
46202
46665
46935
47230
48714
48764
49218
50218
50508
50671
50913
51086
51416
17771
19789
19927
20175
21193
21264
21562
21634
23274
23338
23426
25305
25963
25990
26109
26162
26487
12714
13086
13617
14517
15876
16051
16211
16968
26987
27059
28996
29633
30560
30858
31140
32052
26882
27328
27866
28181
29873
30900
30987
31221
31991
32365
34209
34453
35075
35089
37278
39240
39682
40095
40456
40705
40869
42623
42892
43139
43397
68305
69222
69302
71583
72605
73097
73639
75081
75093
75210
77147
77327
77888
78351
78835
79219
80334
81401
82786
84087
84506
85832
51707
51713
52156
52397
54359
55008
55067
56258
56718
57211
57518
58258
59713
60014
60657
62800
63069
63420
64421
65313
65483
66684
67661
12317
12486
13274
13417
13652
15401
15865
15867
15870
17538
43927
44271
44867
44922
45136
45923
46146
46498
46608
46806
47670
47686
47743
47756
48625
48703
49959
50161
50274
51067
51437
51586
19126
20402
21750
22752
22984
24864
25697
25915
26118
26436
17818
18306
18875
20918
21513
21909
22298
23084
25891
26616
52093
52467
53267
53992
54443
55615
55726
55831
56324
57436
58045
58484
58779
58926
59148
59215
59371
59589
68958
69444
69509
70511
71717
72499
74655
74994
77217
77235
79562
79747
27578
29521
29841
29896
31050
31394
31468
31594
33431
33692
33887
33915
34552
34606
35288
35338
35852
35854
36104
36124
36980
37004
37059
37822
38342
38346
39037
39600
39677
40610
41001
41041
41509
43552
80742
80746
82152
82506
84005
84251
84502
85520
85648
85801
43854
43856
44933
45351
46418
46710
47461
48664
49556
49737
49778
50070
50944
51137
60047
60241
60433
60444
61269
61328
62707
62779
63188
63400
63629
63644
64045
65951
67749
12401
12429
14200
16233
16915
17358
17532
309
11588
13031
13477
13482
13747
14585
14678
15042
16682
16804
16980
17158
35565
36676
37139
38938
40083
40566
41639
41735
41805
42395
42844
43002
43238
43319
43350
43603
68661
69425
69692
71081
71698
72596
72825
72938
73338
74492
77880
78119
78155
78759
79652
17839
18118
19686
20752
21504
22433
25227
25265
25509
25658
25668
25953
26337
52396
54168
54482
54511
54608
55429
58202
59525
27747
27775
28618
29019
29152
30405
31234
32216
34350
61552
62296
62423
62512
63065
63286
64210
64299
65351
65487
67271
67578
67762
81723
81986
82358
82454
82762
83231
84887
85274
85786
45962
46307
47016
47510
48487
48954
49320
50560
50563
50947
51089
44409
44624
45526
46149
46655
46661
46774
47067
48749
49784
49895
50307
51107
51312
51776
52325
52507
52573
53722
54020
55592
55907
56497
57406
57694
58053
59055
59092
70168
70670
72871
72907
74192
77163
78557
78902
79068
79300
79339
79422
607
608
611
11566
14047
14088
14237
14380
15844
15975
16317
16327
16836
16877
35247
38168
38670
40608
41248
43360
18740
21635
22265
22539
26272
26427
80374
80653
80761
82480
85776
85822
26762
27024
30814
30946
31186
31460
32763
33469
33513
34250
34424
34525
34624
59869
60127
60825
61312
61446
63057
63984
64178
64651
64838
64853
64854
65374
65633
65966
66384
60060
60777
60786
61657
62378
63056
63739
63928
64582
65010
65605
66028
66341
66417
66434
66450
67160
35327
35919
36275
37309
38290
38567
38935
39812
39940
40072
41400
41575
41706
42744
42751
42842
67992
68394
69625
70312
70505
71468
73498
73579
74334
74473
77903
79714
79896
43634
44745
44953
45459
45812
45952
45956
45984
46566
47423
47767
47885
48120
49250
49962
50403
50409
50798
52257
52354
52470
53963
54718
54937
55179
55319
55764
56865
57287
57722
13710
13854
14146
14191
14252
14496
14622
16027
27272
27364
27633
28229
29177
30489
31290
31384
31707
31730
33027
33888
34089
17947
19986
20480
21786
21986
22002
22018
22913
80913
81775
81836
81945
82970
83317
83811
84477
84811
84833
85092
85251
80995
81772
81876
83102
85346
85567
85583
53556
54108
55244
55590
56291
56887
56952
59107
59333
68598
69118
69376
69399
69675
69927
70129
72480
72704
72992
73850
79166
61349
61499
61589
61798
62685
65696
66121
66222
35002
35899
37021
37326
37327
37332
38171
38605
39064
39109
40163
41487
42058
42071
42178
42369
42667
44637
45379
45745
46388
46677
46695
46755
47706
47988
49173
49377
50112
50438
50603
50831
18244
18499
19229
22803
24635
25726
26644
280
11972
12889
13787
13800
14383
15573
16429
16437
16673
17221
17681
26843
26853
27452
27755
29000
29011
29158
29527
30035
31152
32173
33797
34363
34410
28285
29937
30964
31003
31098
31609
31993
33015
33476
34586
34782
35721
35941
38296
38382
38411
38548
39538
39577
40039
40340
40416
40930
41703
42513
42608
71572
71682
71739
72073
72099
72324
73845
74795
75010
77776
80048
80708
81330
81714
82615
82746
82861
83466
84061
85000
85609
52038
53019
53171
53196
53416
53735
55217
55463
55851
55905
56156
56883
56974
56986
57381
57433
57856
57981
58850
60237
61274
62546
62662
62740
63610
64014
65976
66294
67189
67591
67893
13337
13491
15119
17591
43636
44000
44036
44133
44189
44292
44504
44620
45557
46061
46245
46653
46784
47442
47540
48559
48991
49770
51515
19475
19502
19561
19582
19589
20013
20748
20766
21219
21511
22003
22281
22558
23222
23316
23497
25071
25187
25314
25465
26174
17832
19151
19278
21228
22239
22584
22689
23404
24553
24801
26208
51825
53863
53948
54125
56726
56759
56807
57578
58515
58932
59260
59392
68713
69341
69460
69489
69736
70992
71372
72733
73000
77033
77276
77354
77932
78912
79910
26901
26917
26950
31481
31495
31498
31524
31714
33402
33938
33988
35684
36986
38052
40116
40677
40955
41184
41692
42051
43099
43426
43508
80585
81636
82129
84310
85414
44202
44803
45093
45998
47771
49073
49170
49190
50862
51446
51567
60213
60784
61090
61435
61484
61547
61817
61981
62501
62716
62876
62922
64214
64225
67879
281
1902
1903
1944
1945
2050
2051
12859
13016
13143
13727
13894
14882
15137
16710
17411
17621
13357
13515
14046
14728
15836
15973
16596
16679
34891
34925
37148
38952
41709
41904
42015
42039
42320
42495
42854
42914
43144
43166
43320
43402
68937
70174
71567
73010
73209
74435
74537
76867
77089
78967
79510
79995
20068
21429
21978
22400
22912
24397
25321
25721
25805
26014
52849
53158
53584
54083
54381
54497
55098
55433
56585
58760
26798
27234
27238
28290
28784
30023
31047
31103
31105
31351
32347
32466
33307
33678
34014
34696
34778
59712
60245
60382
60980
61341
61642
64078
64877
65748
66578
66815
67894
80558
81010
81627
81649
81921
82434
82603
82705
83470
84374
85692
43618
44035
44301
44339
44925
45140
45419
48942
49121
49205
49278
49534
49809
51287
43672
43948
43954
46168
46260
47996
48835
49022
49802
49888
51122
51190
51500
52704
53381
53971
55152
55535
55704
56030
56451
56823
57131
57310
58048
58377
58713
58933
70392
70698
72448
72822
79218
79403
79467
79582
13931
14250
16826
16970
34984
35198
35366
35800
38261
38406
40840
41170
41841
41863
42393
42709
43021
43255
43266
43364
43602
17787
17880
19795
21804
22047
22825
24474
24566
26546
80882
81801
82555
83939
85037
26795
27583
27718
29967
30281
30796
31049
31807
31969
32269
33742
34006
34735
61152
61480
61571
62987
63083
63115
63355
63695
64011
64591
66582
67063
67624
61902
62253
62450
62742
62880
62914
63334
63460
65379
67089
67761
35135
35621
37292
39137
41194
41609
42282
43471
68499
69282
69567
69758
70061
70482
72087
72400
74808
76999
77368
77657
78779
43748
44200
46114
46375
46595
46805
47937
48853
49039
49337
49362
49503
50213
51099
51925
52208
52969
53496
54191
54362
54775
55453
55663
56063
57139
57414
57614
58116
58766
59024
59175
13708
13865
14597
15113
15228
17241
17340
17507
27440
29042
29935
30462
30473
31578
31754
33932
34214
34351
34459
17841
18155
18733
19145
19397
19429
19687
19852
20719
21877
22260
24523
25215
25266
80479
81840
81943
81959
82057
82469
83074
83679
84388
84588
84924
80453
80892
80929
81018
81043
81071
81202
81203
82122
83772
84741
84805
51869
52114
53352
53508
53650
55767
56349
58323
58359
58723
59177
68637
70233
71234
72030
73083
77960
78430
78859
79234
79453
79577
60900
61117
63228
67219
35463
36478
37065
37124
38078
39670
40243
41125
43638
45416
46466
47074
47665
47751
47894
48361
49877
50052
50499
50870
51436
17829
18922
19501
20948
22083
22085
22108
22387
25361
26324
630
12686
12943
12958
13411
14095
14777
16172
16549
17327
17582
26923
27015
27653
27667
28206
29416
29487
30266
31111
31150
31381
31480
32343
33169
34082
34135
34337
26906
27189
27561
27655
28884
30906
31432
31569
32200
33487
33522
33959
34280
34315
36067
36680
40549
40878
41732
41734
42236
68274
68978
70567
70874
71154
73635
74623
77514
78665
79816
79921
79973
81522
81524
81752
81868
82545
84829
85350
85358
85465
85878
51992
52158
52426
52965
53638
54376
54748
54947
54963
56124
56987
57226
57500
57552
59084
61936
61940
63260
63294
63587
63827
64273
64355
64699
65097
65247
65460
13172
13987
14154
14415
15554
15771
16354
16455
16871
16944
17697
43828
44135
44795
46326
46343
46476
46736
47062
47868
47928
50371
51198
51656
18257
19696
19903
21597
22682
24487
24651
26120
18272
18600
21331
22280
22815
23359
23398
24381
24622
26504
52048
53525
53543
54646
55140
55201
56410
56479
56564
56973
57170
57829
57867
58441
59047
69229
69680
71241
71850
72843
74262
74710
77822
78340
79438
80035
28477
29517
30360
30421
30804
31021
31151
31302
31325
33818
34357
34517
34550
34584
34876
36862
37257
41662
41766
41809
43427
43605
80961
82240
82691
85612
85893
43987
44234
44817
44919
46207
46818
47593
47865
48485
48824
49032
49168
49821
59799
60112
60128
61956
63289
63451
64778
65327
65924
66576
67095
67807
282
11824
12571
12929
13246
13293
13605
13892
14562
14758
15034
15494
15567
16157
17644
612
613
12601
13185
14438
14858
15388
16374
16689
17070
17172
17501
17615
36526
37532
37540
40621
42460
42518
43297
43453
68922
72656
72830
73820
74826
75290
78018
78194
79100
18491
19619
19624
19835
20118
20365
21014
21674
22340
25202
25460
25784
26254
26491
52098
52435
53184
54411
54502
56004
57426
57448
57629
57826
57964
58025
58027
58040
58055
27386
27651
28357
29222
29497
29822
30012
31218
31387
31400
31745
31915
32411
59975
60054
61601
62933
63872
64307
64772
65807
66228
66282
67444
80226
82205
82366
82659
82754
82791
83134
83525
84775
85189
85271
44632
44733
44826
45677
45740
46037
46161
46573
47446
47971
48213
48310
48456
48713
48969
50079
50616
50970
51183
43835
44343
45381
46281
46368
46486
46576
47648
48001
49265
51070
51537
52530
53177
53869
54232
55188
55692
55780
55860
57106
57676
59310
71346
72376
72748
73604
74743
74811
75357
77337
80076
80086
11773
12360
12421
14593
15052
15333
16994
17344
35134
35301
37556
38195
39033
39541
39968
40025
40058
40475
41655
42984
18058
18731
20131
20456
20603
21391
22132
26158
80560
82957
83242
84229
85144
85264
85407
85806
85831
26754
27291
27462
27799
28349
29010
29391
29494
29504
29833
30413
30478
31205
31322
31513
33262
34051
60189
61455
62092
62186
62752
63422
64089
65412
65446
66278
67448
67454
67643
60129
60875
61524
62464
64815
65124
67256
67855
34895
34902
36073
36718
38771
39453
39715
41445
41519
42686
42753
43237
69390
69445
69479
69580
69640
70130
70186
72075
72789
72954
74082
74254
79095
44180
44193
44649
45104
45354
46365
48425
48710
48837
48882
49089
49152
50232
50334
51725
52679
53676
55440
56803
56936
57720
58117
59363
13289
13878
14019
14724
15066
15732
15816
16813
17018
17396
17494
26796
27942
27980
28318
28391
29151
29400
29500
29516
29747
29965
30248
30409
30937
31095
31669
31879
34032
34627
21321
24442
24476
25197
25765
26235
26484
26529
80943
82384
83059
83867
85051
85727
80278
80380
82948
83219
84716
85325
85379
52126
53577
53810
55470
55478
56240
56356
56589
56612
57033
58049
58656
58676
58752
59023
68004
68432
68762
69253
69494
71110
71296
73798
73958
77532
78553
79738
60077
60403
61566
63763
64117
64317
64856
65986
65993
67292
35330
35402
36019
36738
38158
40075
40086
40224
40548
40860
41067
41667
41920
44288
44446
44836
45995
46117
47609
47933
47935
48717
49021
50199
50918
51295
51604
17729
22937
25773
26076
26331
615
11946
12164
12470
12749
13032
14240
14707
15498
16840
17295
17364
17500
17536
27417
27599
27931
29427
29863
30465
30786
31204
31461
33612
27213
27221
27250
28156
28331
29231
29802
30472
30666
30777
31051
31115
31335
31338
31370
32955
33579
34273
34618
34780
35048
35094
35693
37221
37584
37783
39448
39450
40914
68330
68455
69236
69272
70097
70521
71200
71634
72759
73079
74128
77429
79516
80203
80422
81924
82017
82206
82385
82497
83343
83887
84979
52099
52902
53792
54314
55832
56708
57018
58372
58487
59117
59829
60752
60901
61044
61523
61533
62674
63297
63357
64184
64363
64541
64984
66047
66229
66925
67432
614
11942
12817
13817
14457
14493
15614
15726
17305
17705
43756
44490
44599
44845
45410
45769
46052
47042
47150
47610
47828
48135
48270
48413
50010
17749
19239
19463
19527
19970
19979
20373
20939
21244
26052
26220
17831
19520
21057
21164
21753
26016
51764
52144
53079
53226
53345
53830
54566
54581
55016
55178
55376
55899
59535
69590
70190
71168
72576
75319
77364
78612
27711
29374
29440
30603
30876
31361
31613
31695
31727
32004
33925
34245
34958
36273
39446
39708
39984
40877
41152
41618
42833
43155
80386
81398
82297
84080
44251
45743
49528
49759
51504
62313
62418
62514
62934
62970
63110
63321
63799
65054
66269
67059
14694
14876
16467
17468
17603
11530
12604
13161
13226
14015
14864
16226
16874
36045
36651
36860
37238
38485
40306
40542
41888
42415
42494
43227
43236
43439
67930
68210
68239
70429
71062
72981
75280
77175
78238
78272
78795
79288
18086
18154
19802
20145
21494
21524
23269
23349
24412
24848
25539
26116
51703
51792
52165
53679
55509
55557
57149
57703
57903
58109
27001
28273
28352
28576
29515
30377
31308
31608
32780
33838
34595
61521
64319
64988
65318
66363
80397
81511
81606
82261
82299
83367
84497
85756
85883
44064
44494
44602
45073
46296
46351
46383
46504
48784
48881
49307
49598
50142
50877
43848
43941
44138
44162
44254
44533
45906
46268
46709
49209
49384
50040
50625
51390
51820
52138
53724
54589
55259
55359
55501
56040
56102
56233
57039
57663
57721
57766
58531
68731
72311
77131
78985
79840
12178
13860
14527
15780
16217
16561
17598
35090
35202
36194
36469
37247
38592
39000
39878
40686
41157
42022
42435
43298
43452
43584
18280
25224
25431
80389
80555
80797
81379
81425
82737
82835
83073
83175
85174
28466
29228
29542
30496
31733
31763
31983
33570
34605
59785
60623
60798
61298
61829
61894
62257
62574
62862
64038
65057
65285
66251
66508
66557
67286
67814
60188
60653
60817
61163
61249
61345
62097
63607
63966
65938
66498
66533
66738
35870
37367
37772
38822
40317
42090
42096
42379
42698
43189
43194
68149
68970
69115
71197
71325
72054
72771
73678
74074
74461
76881
77814
78491
78697
79408
43836
43997
44581
45207
46212
47460
48496
48683
49389
49409
51232
51726
52531
52552
53214
54267
55493
56406
57163
57616
57683
57873
634
13235
13979
14103
14177
15438
26772
27322
27873
30335
30380
30549
30809
30812
31320
31466
31844
32397
32805
34402
17793
17801
19011
19069
19071
19136
19526
19769
20379
22236
25393
80346
81176
82106
82124
82692
82984
83031
84373
84862
84883
84929
85108
85722
80360
81527
81575
83239
85363
85768
85769
51677
52308
53603
53793
55317
56401
56516
59068
59614
68070
68248
72643
73562
77486
78031
78323
78742
59625
59976
59983
59986
60153
60832
61622
61959
62637
62758
63829
64126
64992
65749
66488
67154
38590
40097
40589
40940
41119
41275
42347
43124
44153
46129
46629
47223
47454
47912
49101
50216
51072
51644
18251
19932
21209
24688
26565
11444
11554
11556
12385
13146
13520
13961
14944
15060
15412
16594
17106
17287
17350
27531
28791
29448
30321
30327
30584
30680
31433
31600
32303
27746
28502
29212
29246
29442
29934
29948
31199
31215
31410
31421
31464
34838
34857
35100
35967
37338
37578
37722
39286
40698
40775
42041
42810
42859
42974
43042
43123
68071
69942
72137
73941
81254
81565
81793
82688
83866
85479
85901
53428
53852
53999
54345
54374
54516
54622
55084
55257
55968
57105
57522
60349
60571
60732
61380
61603
62395
62649
63272
64138
64396
64820
66724
67041
310
12330
13017
14485
14835
16633
17581
17618
44096
44657
45103
46312
46631
47843
48403
48787
49094
49327
50498
50648
51423
51531
18857
19441
19999
22635
25210
25492
26514
19070
21168
22060
22534
25313
26012
26044
51894
52231
52256
52745
53258
53551
53874
54541
54705
56622
56832
57324
57505
57698
57968
58098
69265
70037
71495
72214
72526
72743
73986
77104
78422
79830
80043
27105
28288
28320
29435
30226
30332
30720
30941
31037
31369
31796
31888
32522
32524
32669
34084
34235
35847
37211
38812
40105
40807
42162
42622
42707
43004
80947
81199
81200
83874
84185
85258
43931
45055
45151
45177
45723
46387
46763
46862
47105
47212
47451
48234
48464
49191
50128
60017
60520
61614
61802
63395
63727
64185
64275
65171
66307
66445
67176
647
12616
12651
13360
13574
13688
14141
14489
16369
16403
17005
17060
283
13024
14096
14320
14844
16361
16514
17457
36530
37952
40338
40372
40963
41310
42110
68515
69140
69690
69703
74200
79725
79935
19402
19494
19778
19976
20330
20651
20697
21610
22200
23915
24321
24609
52791
52962
53036
53710
55575
55682
55895
56220
56283
56322
56492
56531
56903
57248
58791
58817
27363
27626
28172
30215
30534
30951
30962
31062
31577
31734
32909
59653
60028
60374
60431
60639
61549
61568
61602
61714
63399
64058
65422
65922
67252
82383
82665
82693
82782
82800
83661
83940
85747
45651
46762
47130
48219
49266
50545
44398
44578
44594
44800
45280
45425
46437
46506
47794
48947
49029
49634
50321
50360
52431
52909
52950
53070
53179
55709
55816
56413
57051
68449
68951
69079
69087
70708
70858
76150
78900
79277
79410
631
11494
12865
13700
14131
14373
14923
16700
16797
16989
35294
36655
36742
37298
37381
39092
40234
42351
43077
43105
43447
43546
18867
19272
20976
23245
23284
24863
26055
26102
26395
80459
80834
81655
83813
85380
28241
28872
29939
30588
31070
31614
31709
31720
32130
32727
33620
34124
60402
60407
61064
63630
64827
65336
65477
65959
62610
63581
64366
64899
65201
35497
37114
37244
37844
38861
39399
40114
41390
42629
43086
69053
71394
79020
79077
43992
44261
45295
47703
47878
48016
48416
49263
50644
50712
51412
51497
51702
51891
51968
52409
53368
53550
54917
55083
55198
55967
55977
56762
56908
57644
57776
59257
13516
15898
16082
16599
16947
17026
17304
17620
17658
27263
29390
29404
29698
30276
30863
30892
30938
31053
31330
31500
31637
31713
32305
34856
18269
19167
19212
20037
20388
21544
24353
25814
26325
26428
80248
81408
81691
82520
83038
83348
83648
85096
85835
81832
82443
83061
84510
85196
52012
53053
53174
53682
54182
54265
54977
55211
55677
57208
58518
58945
59163
68062
68176
69518
71280
72606
75287
77707
78040
79884
80026
60021
60504
60854
62606
62977
64201
66569
67853
35186
35342
36000
37401
37661
38192
38824
39958
40237
40508
40863
41027
41826
41928
42749
44593
46844
47083
47800
48224
48421
49183
49708
51179
19292
19924
23092
23129
25063
25941
26136
617
12286
12524
12989
13435
13582
14935
15715
16006
17142
17472
27202
28367
29219
30590
30744
30771
31097
31595
32024
32916
34458
34771
26821
27182
27636
29414
29819
30147
30661
31563
31640
31785
32018
33496
33741
33963
34625
35108
35465
36100
36991
37092
37417
37561
37856
39525
40899
41728
42253
42331
42429
42448
42565
42609
67946
68981
69267
69322
69888
70228
71465
72659
72794
72902
74155
74430
75421
77112
78151
78982
79096
79898
85445
51674
53615
54526
55514
58399
60991
61013
61180
62766
62935
63448
63846
66256
67212
67873
616
11973
12097
13262
13281
13314
13519
13601
14065
14308
14995
15166
15937
15953
17105
17393
17597
17695
43735
44039
44978
45145
45656
46081
46240
48432
48895
49024
51093
19322
19383
19558
20506
21686
22820
24501
25154
25455
25992
26005
26672
22813
25080
26257
52058
53030
53223
53490
56157
56687
58301
58542
68197
68880
69465
71004
72621
75473
27368
27479
28401
31427
31545
32450
32538
34138
37826
37935
39720
40302
41238
42042
42119
43114
43181
43389
43608
82439
82777
83034
83043
83616
83899
44880
45719
45947
46384
46897
47189
48708
48872
49606
51208
60253
60480
61818
62872
63081
63861
63904
64175
64741
64742
12477
13073
14894
15341
16757
16930
16999
17157
17569
618
619
620
621
622
623
624
625
626
627
1954
1955
2022
2023
12188
13806
13963
14092
15829
15903
15983
17024
17607
35527
37337
37896
38204
40258
40264
41167
41329
42668
43409
68296
69850
72715
73122
73411
75370
77743
79670
19366
20565
21183
21240
23919
51769
52254
54317
55973
57057
57412
57733
58065
59111
27903
30441
30631
31031
31395
33019
33657
34118
60168
60606
61994
62062
62754
63353
63892
63952
65214
65428
65504
65960
66527
66754
67262
67791
81546
83620
84577
84940
85568
85589
44781
45277
45646
47035
47408
47768
49300
50469
50881
44128
44344
44776
44865
46141
46291
46929
46992
49357
49596
49920
49943
50076
50406
50940
51542
54266
55162
57042
57958
58275
68592
69116
69412
70563
71319
72602
75323
76121
77319
78065
79329
80118
14009
14164
14351
14369
15920
16152
17001
35566
35776
37860
38644
39566
40233
40242
41637
41650
42087
17727
20401
24812
25070
25540
25693
81322
83065
83726
84897
85246
85433
85897
27228
27736
27892
30662
30894
31758
59943
60178
60620
60644
61719
62128
62169
63889
64834
65498
65560
65594
65840
60527
60849
61587
61848
62013
62508
62638
63308
63845
64099
64867
65223
65473
66031
66051
35265
36456
36713
36727
39337
39596
40694
41326
41905
42750
42958
43037
43435
68955
70077
70481
70657
70900
71410
74500
74667
78450
79744
80143
43658
43829
44819
44999
45155
45948
46386
47364
48752
48945
49522
50001
50567
50571
50935
51153
52535
53046
54691
55221
56624
57647
59149
59166
59375
12049
13149
13715
14746
15826
17197
17630
17637
28834
31501
32336
32695
33311
33582
34860
18248
18850
19127
19214
19564
19610
19867
20485
20847
21157
21338
21855
21918
22285
22308
22498
23280
23333
23571
24349
80306
80727
80741
80781
80860
80989
82515
82818
83366
80211
82528
82738
83269
83829
84386
84449
84490
85207
85543
85825
52721
52979
53120
53493
55289
55760
55778
55922
56416
57156
58141
58209
58252
68387
68399
68589
68607
72041
73886
75163
79281
79788
60366
62583
63345
63365
64335
66175
66470
66774
67172
67173
67840
38368
40273
41343
41418
41542
42180
42381
43906
46186
46648
48666
50344
19091
21710
22244
22254
25427
25903
12921
13248
13729
14842
15877
15892
16084
16307
16397
17422
28271
29203
29491
29791
30501
31342
31652
32329
32891
32981
34097
34732
26953
28224
30401
30959
31348
31409
31551
32033
33608
33875
34009
36010
36376
36657
36915
39794
40460
40986
41033
41483
41945
42247
42547
68681
69081
69295
70106
70720
71477
72234
72447
72738
72966
78950
79416
79759
80215
82000
84082
84209
53394
53796
53829
54006
54285
54394
56424
57089
57690
58396
60124
60528
62039
63162
64628
65373
67716
11793
13201
13458
13608
13957
14880
15681
15723
16002
16251
16368
16449
16690
17302
17315
43656
44435
45358
45799
46217
46607
48462
48775
48908
48963
49400
49541
49656
49917
49987
50883
50885
18630
18791
21154
22724
22794
24379
25133
26273
17713
17783
19421
21424
22933
23907
25165
25709
26334
26630
52949
55516
56655
56938
69903
74791
77006
78918
79058
79132
79591
79660
26964
27688
28303
28870
29861
30665
31987
36672
37138
37273
38386
38479
39207
39831
39907
41689
42539
42705
42931
83656
83674
43957
44018
44038
44522
44565
44931
45436
46171
46569
47586
47600
47664
48147
48701
48711
48873
49816
51242
61123
62252
63134
63172
63603
64202
64477
64485
65367
65780
311
312
313
314
12050
12288
12984
13266
14070
17478
17542
11752
11866
12027
12980
13867
14345
15997
16050
17088
17450
17476
35183
35289
35628
35860
36497
36726
36763
37990
38765
39025
40363
40730
42046
42102
67966
68464
69009
69614
72079
72288
72808
75046
77380
77810
78167
19639
19956
20108
21615
21683
21738
22796
25478
26561
51921
52235
52578
53217
53562
54000
57904
58615
58855
28869
30886
31197
34534
61100
61517
62087
62403
62554
62991
64035
64102
64614
64617
64621
64624
64627
64630
64633
64635
64638
64641
64644
64647
64650
64653
64660
64666
64669
64672
64676
64679
65750
65864
82585
84102
85238
43886
44048
44407
44716
45113
46863
47676
48119
48241
48278
48376
50810
51347
51657
44719
47187
49149
49342
49719
49777
50261
50697
51024
51120
51975
55045
55239
55879
56155
56309
56562
57975
58507
59296
59623
68672
75318
77659
78098
78445
78993
79181
79604
11956
12693
13367
13495
14788
15044
15169
15273
15428
15585
15994
16702
16788
35012
36425
38973
39017
39245
40101
40139
40942
41015
41382
42189
42942
19104
19608
23103
24968
25670
25806
25939
26057
26343
80944
81060
81407
84777
84951
85340
29160
30129
30411
34423
60323
60397
61850
63453
63838
65069
65620
60246
61359
62192
62755
64141
64209
67827
36119
37414
37687
37981
38225
38602
40504
40796
41040
41193
42355
43330
69015
70332
71507
74783
78343
79513
43660
44188
44506
44693
44855
44927
44989
46297
47601
47882
48516
48684
48936
49639
49823
50380
51456
51471
57359
58362
58394
58941
59450
11949
12558
12902
13283
13439
13441
14754
14801
17689
26832
26836
29189
30426
30767
31562
32236
33568
34075
34809
34841
18979
20967
22509
22737
26269
82084
84950
85028
80820
81736
82311
83041
84076
85071
51668
52313
52348
53515
53633
55036
55765
56259
57713
59318
68733
69498
69507
69967
70401
70611
73593
74317
74616
74936
75039
78987
79529
59867
60790
61592
61726
61949
63000
63088
63340
64075
66007
66461
67352
35114
35761
36503
37039
37917
38190
38847
38866
38943
39115
39220
40007
40155
41910
42289
42459
42586
42921
42962
43303
43857
44208
44336
44384
45200
47629
48151
49600
50324
50842
18488
19626
19857
23905
12493
12754
13014
13636
13755
13891
15566
16424
16693
16958
27014
27280
27729
29445
31623
32422
32423
27661
28217
28370
30036
30674
31148
31177
31511
31512
31878
32413
32581
36923
38862
38936
40217
40405
42066
42099
42240
42501
42857
43510
68896
69766
70731
78672
79291
82114
83125
83224
84790
85330
55596
55629
56626
56660
57063
58030
58679
58884
60368
60550
61280
64086
64207
66059
67331
632
11975
12688
12968
13242
14463
14638
16149
17579
43928
44567
44592
45038
45147
45375
46002
46337
46462
46958
48256
48561
50086
50750
50945
51102
17730
20017
20153
20389
23902
26537
26664
17712
18250
18760
20435
21764
21951
22268
22772
26412
52239
52346
53523
56775
56899
57817
58581
68363
69156
69431
70337
70421
71143
78875
79715
29744
30279
30926
31684
32884
33048
35255
35280
36120
36146
37944
38922
39374
40943
41470
41877
42536
43031
43587
80514
82816
82828
83662
85004
85169
44046
44313
44909
45015
45064
45180
46680
46683
46927
47013
47705
48641
50123
50452
50478
50576
59648
60012
60119
60649
60969
61116
64295
64350
64657
66098
67131
635
12071
13618
14181
14607
14786
15842
16195
16835
16940
17096
17159
17316
11483
11504
11589
12475
13254
13507
14735
15756
16371
17537
35273
35871
35934
36122
36573
39073
40207
40981
41075
41778
41960
42715
43491
43530
68603
69047
69841
71108
71124
71201
72349
74011
74022
74523
74912
75214
79496
17710
18383
19321
21574
22345
25282
25810
51760
52451
52785
52822
53790
54555
55680
56070
56483
56893
29537
30031
30759
33710
33866
60024
60450
61011
61775
62002
66067
66882
81950
82956
82964
84851
43844
44872
44988
45087
45482
46765
47569
47742
50343
51148
51228
43676
45692
46088
47149
47176
47435
49323
51055
51263
51304
51518
51722
52566
52797
53932
54034
54503
54573
55418
59150
59381
59459
69281
69483
70152
71036
71219
72253
75281
75289
75391
79501
633
11374
11440
13336
14220
16379
16778
16920
16934
17573
17636
17665
35239
35442
36759
39583
39949
40344
41569
43254
21206
22006
22353
25082
26690
81321
81463
82038
82076
83173
84425
85170
85282
27435
28457
28845
28992
30417
30439
32377
32381
33506
33771
34187
60726
63192
64891
65899
66590
66889
60026
60347
60354
60672
61305
61532
61754
61812
61849
63177
63339
64762
67257
35343
37410
40830
40950
41155
41518
42924
70951
71292
76933
77110
77681
79883
43760
43994
44786
44961
45085
47271
48372
49914
51018
51233
52006
52361
52971
53270
54043
54071
54779
54969
56033
56576
56798
13345
15142
15506
15931
17200
17498
26769
27134
27225
27284
27644
27823
28041
28163
29511
29871
29985
30367
30514
30562
30840
32361
34023
20171
22013
22434
22711
25323
26449
82055
82065
82671
82723
83570
84342
85072
85924
80658
81753
83101
84954
84987
85519
85732
52551
52732
53356
53511
55010
56150
58417
58956
58968
59408
68680
79138
79164
60924
60985
61301
61896
61921
62244
62271
62645
63106
63152
63201
63879
64832
65074
66009
35913
36008
40230
40236
40399
41353
41858
42722
43020
43146
43648
45704
46120
46548
47947
48157
17807
17875
19196
19468
23258
25378
26346
11484
12233
12858
13409
13511
13928
15323
15343
15564
16751
16790
17205
27449
29460
29784
30231
30860
31125
32447
32449
32451
32453
32938
33981
34049
34050
34497
27115
28246
31364
31771
31995
34636
34666
34861
35284
36052
39595
40410
41020
41072
41751
42097
42124
42510
68715
70466
70517
76977
78057
78311
78667
78834
78956
79125
79701
80340
81571
81797
82557
84268
85237
52701
52942
56289
58431
59672
61891
64005
64325
65046
65759
65849
65884
12665
13403
13440
13683
14244
15357
15714
44543
45679
47073
47110
47638
49052
49186
49363
49648
49941
50084
50192
51317
18586
18764
21336
21427
22911
23594
24670
25970
20165
20927
21315
21485
24539
24826
24876
25946
26252
26440
53611
53946
54049
54344
55969
57773
59541
68624
68735
69687
71586
72048
78498
79061
27659
27662
29812
29971
31288
31398
32878
33642
36046
38725
38823
38827
39113
39888
40974
41082
42274
42455
82725
82794
85197
85344
43761
43816
45664
46407
46530
47087
47557
47590
49259
50693
50740
50963
59788
61019
61023
61071
61260
61411
61450
63209
63726
64098
66460
66981
11433
12881
13391
13722
13742
15538
17153
12622
12978
13927
14210
14577
15054
15887
16899
17225
17447
36916
37502
37569
37583
38286
41016
41311
41399
41672
42192
42826
42827
42963
68013
70031
72751
73018
73221
73816
74798
75112
79984
19636
20580
21012
21218
21904
22300
22656
24662
25255
25295
25469
52927
53573
53780
54298
55826
26869
27201
27247
28755
29746
30353
30582
30585
30619
30691
30722
31026
60908
61904
64158
65420
66526
66871
67171
82003
82326
83032
84366
85430
44548
45619
45815
46790
46854
47120
47668
47958
49465
50014
50331
46124
46286
46875
47011
47476
48113
49657
50289
52584
53648
54229
55052
55731
56162
56476
56876
57016
72950
73169
76835
78469
315
636
648
13660
13761
14102
15277
15748
16109
16481
17022
17058
17406
17520
17548
36414
37196
37231
37579
39764
40453
41745
42138
42255
43095
19012
19727
19874
20825
21399
21527
21609
22116
22898
24419
24731
25262
25713
26544
82830
83076
84993
85112
85165
27159
27334
28262
28455
30823
30991
31048
31646
32116
34438
59910
61477
62553
62612
64554
65225
65467
65724
67698
60070
60926
61434
61678
64053
64208
66134
66185
66311
66930
35097
35287
35915
36408
36871
37218
37642
39139
40088
40375
40648
42528
43199
69022
69414
72956
78229
78683
78709
43831
44712
44828
46100
48417
48747
49049
49655
49738
50267
51846
52541
53957
56434
58357
2008
2009
2046
2047
12677
13924
17481
27214
27772
29794
30165
30298
30788
31061
31826
31954
32043
32045
32188
32190
32356
32358
33045
34094
34319
20235
23920
25119
25955
80293
81595
83338
83828
85603
80234
80867
81025
81173
81841
83901
52830
53452
54512
54762
55360
56697
59369
69185
69785
69906
71401
74735
77196
77820
78740
79753
60107
60413
60587
62491
62996
63296
63971
65410
35445
35646
36075
36372
39043
39071
39180
39296
39319
40226
40538
40848
41454
41513
41665
42895
43506
43533
45024
46093
46264
47898
50243
51051
51178
51511
18094
19231
19273
21166
21484
21517
22799
12961
15404
16019
17025
17249
28360
29044
29912
30646
30868
31583
32560
26993
27857
28469
30319
30429
31170
31999
33559
34216
34669
35483
37379
39941
41979
42159
43250
43418
69440
70414
73735
74375
74854
77252
78929
79255
79448
79823
80516
80747
82911
84041
84047
52784
53374
53468
53854
55271
55475
55487
57137
57493
58558
58904
59065
59254
59558
60610
60707
60824
60867
61993
62750
62761
63520
63547
63830
65649
66493
66572
11713
12967
13592
13676
14007
15372
15410
17243
44376
45049
48070
48546
48582
49257
49758
50244
50929
51057
51136
51362
17912
19427
19453
25454
25850
19931
21589
21870
23226
23578
25948
52395
53167
53640
54892
56365
58814
58905
74555
75377
76873
77001
77047
79785
26698
31321
31982
31984
31986
32057
32059
32108
32110
32170
32172
32174
32176
32288
32290
32292
32766
35010
37155
37591
38431
38684
40723
40835
41124
41514
41812
41947
42012
42386
42532
42569
43116
84394
84812
43732
44348
45759
46271
46622
47778
48146
51171
51372
51411
51619
51646
59888
62031
62120
63631
64845
66053
66352
66412
67655
12378
13324
13868
15595
16569
16932
17014
17174
17183
637
12508
13042
13650
13659
14924
15012
15528
16047
17231
17475
17650
35349
35421
35435
36799
37072
38356
39047
39626
40042
40149
42115
42601
68111
68368
69136
70606
70853
71042
72509
73661
73870
74092
77014
77607
79999
18485
21376
22111
22507
25795
26101
26154
52554
53831
54199
56303
58241
59280
27318
27442
29711
31013
31425
31493
31699
31874
32659
60656
62515
64015
64171
66006
81009
81442
81984
82779
82798
84569
84868
44357
44767
45070
46203
46349
47757
49623
49994
50037
50659
50949
51212
51216
51310
44083
44563
46181
47495
48344
48676
48720
48868
49980
50015
50303
51334
51469
53100
53492
53841
54377
54905
55343
56603
56965
56988
57336
58296
59477
68577
69299
71460
71539
79666
80146
11540
12956
13475
14763
14873
15730
16645
17251
34951
36418
36575
37702
38581
41304
42703
43039
19216
19947
25716
26518
81704
81871
83543
84011
84752
85761
28140
29767
29876
30451
30466
30488
32371
32812
32919
32941
59892
60309
60375
60612
61860
62051
62687
63338
64979
66831
59900
62068
62484
63791
63914
65600
65808
67569
67781
34952
35311
35976
36165
39497
39772
40150
40696
41276
41727
42242
42284
42333
42577
43083
43536
67926
67994
72745
72990
73372
76861
76871
77214
78487
78699
79103
79962
80197
43710
44726
46225
46334
46740
49373
50179
50664
53084
53996
55395
55647
55947
58697
284
638
11798
11988
13536
13998
14680
16005
16423
17050
17578
26892
27349
29395
29845
29888
30479
30948
31584
32299
34391
34758
18305
18606
19360
19519
20392
21162
22618
25413
25972
80950
81031
81453
81669
82496
84358
84368
85421
85134
85247
85412
52004
52659
54178
55783
56153
57052
57449
69107
69151
69547
70291
72872
78393
79967
80165
61354
62993
63663
65582
66049
67164
35302
35452
37329
37762
38115
38482
40656
40717
41402
41736
42161
43472
44077
44101
44930
45561
48262
49765
51279
51473
24361
24370
24958
25091
26067
26270
316
13363
14492
15126
16833
17247
17337
27178
28372
29377
30211
31144
32119
32533
32725
33154
33462
34114
34301
26741
27069
30136
30361
30533
30795
31094
31158
31719
31726
31867
32315
32318
32321
32338
32341
32344
32346
32348
32350
32352
33617
34394
34406
34644
36059
37007
37219
37914
38678
39645
40383
40749
42091
42359
43244
68829
69246
71396
79168
79247
79401
79713
82840
85215
85334
85565
52553
53608
56623
57134
57145
57219
59484
59755
60915
61217
62652
62837
64805
67682
13610
14552
15939
16522
16766
44847
46237
47168
48971
49234
50231
50608
51220
51534
18162
19909
20400
20757
21259
24623
26279
17798
20514
22248
52697
53768
53920
55089
56043
59346
68894
69495
71306
74916
77137
77169
27841
29979
30053
30864
30977
31535
31813
35271
35859
36098
36793
38757
39119
40200
40841
41540
41616
41824
42580
43408
82521
84054
84272
84463
45827
47957
48205
49269
51071
61053
61154
61167
62747
66413
639
640
13075
14101
14764
15154
15307
15590
15658
15987
16978
17171
285
11855
12954
12972
13774
14043
14522
14783
15384
15849
17692
39530
39890
39955
41003
42432
42583
43547
68491
75332
78114
78646
79431
17767
18541
19318
19678
19914
20443
21356
21709
22301
23334
23399
25084
25147
25373
25959
26360
52389
53081
55100
55976
56191
56569
57469
57471
59207
29768
29952
30408
30597
31517
31558
31949
31951
32036
32039
32041
32483
34185
34422
60613
60772
60896
63226
64933
65219
65816
81320
82007
84545
85579
45655
47643
48471
49123
50196
50682
51341
43801
44220
44429
46646
47059
47350
50683
50796
52290
54865
55753
56443
56685
56703
57506
68303
70692
72522
72541
73292
73368
77540
13139
13949
14249
17054
17384
17412
35240
35371
35756
36948
37095
37685
38432
39277
39663
40295
41208
41820
41847
42076
19899
21203
23063
24620
24755
25734
25813
25829
26268
26478
82327
83590
83708
85179
28138
29508
29749
29770
30453
30555
30757
32817
33306
33831
33984
34425
59746
61091
61638
63131
63371
64892
65009
67581
60284
60341
60434
61966
63439
65229
65885
35423
40380
40553
40874
41481
42342
42649
42831
43340
43354
67924
68386
68390
69763
74355
74620
74817
78381
78681
79267
44241
44325
44556
44571
45926
46478
46714
46781
47654
47908
48597
48715
48834
49319
50188
51133
51585
52323
52756
53729
54390
54930
57400
57438
58262
58861
11417
12250
14993
15431
15760
16725
29864
29953
30834
30936
31136
31182
31291
31305
31337
31344
31741
34848
18381
19446
20133
21163
25089
25386
82342
83902
80667
82819
83171
52171
53235
54094
55943
56689
57276
57341
57371
57780
68914
70861
71142
72327
77288
77973
60641
61262
61466
61705
62481
63306
64607
65190
35021
37483
37526
38756
39535
39676
40123
40269
41857
42108
42306
42403
43596
43950
45548
46008
46426
47487
49333
49739
50408
18032
22258
25232
26332
26635
11481
12029
12030
13338
13473
14067
14762
16794
16956
17209
27215
28873
30648
30931
31086
31564
32575
34527
28322
28632
29665
29977
30706
30913
32038
33464
35863
35920
38164
38537
39807
40167
40388
41946
42050
42920
68972
69055
69264
69315
72451
73059
73354
74143
77673
78513
82211
84989
85387
85927
54974
55149
55286
55560
55645
56765
56891
57221
59267
59465
59590
60045
60709
61036
61098
61948
62579
62735
64304
65465
66596
66666
13572
14636
14770
15445
16247
17038
17102
17439
44658
44911
45516
45978
46329
46830
47711
48347
48566
49040
49776
50639
17731
18457
19523
19578
19780
19933
19995
20413
21369
21599
22232
24603
25206
25439
26108
18099
18123
18556
19139
19219
21907
25667
25900
51778
52668
52691
55974
56352
56450
58260
58539
69598
72286
77651
79094
27685
29496
30625
31317
31717
32324
32859
33110
33457
35263
36087
36353
39902
40862
42154
42497
42579
42789
80680
80877
80974
81635
81877
82024
83006
83544
83687
83840
84511
44576
45699
47029
48170
51240
62441
62641
64271
64693
64977
64999
65218
65877
11682
12532
13746
15271
16147
16153
16304
16483
17214
17298
17564
12544
13261
13680
13900
15675
17335
17453
17669
35069
35436
37943
38370
39148
39989
40279
41256
42032
69800
70748
78254
79305
79424
79628
19092
19949
24685
25422
25479
25991
51945
52873
57128
57631
58469
27428
28637
29472
30557
30851
30939
31805
31959
31961
31964
31966
31978
31980
32049
32051
32055
32104
32106
32166
32168
32460
62671
63683
63920
65043
65320
80563
81481
84735
44899
45109
45212
45317
47317
48697
44662
46034
46503
47666
47737
48660
48699
50239
51774
52294
52460
52961
53329
53646
53703
55703
56464
56546
59523
68204
68709
70811
71361
71566
72226
74320
78028
78810
79469
79693
11940
12191
12214
12669
13051
14152
14759
15251
15699
15762
16464
35368
36790
37362
38689
39249
39746
40725
40812
41370
17813
17827
18169
18407
19131
23310
23329
23420
23424
23590
25079
26452
26547
80830
80928
83204
83632
27303
27938
29779
30544
31068
32984
33683
33749
61089
61747
64116
66381
66389
67550
67839
61049
62923
65248
66481
67667
35209
35279
37655
39123
39181
40819
40822
41186
41760
41922
41936
42846
43026
43061
43521
68796
70998
71688
73008
75885
77066
78240
45563
45896
46031
46133
47987
49996
50133
50175
51319
52022
54470
56050
58698
59031
11818
12438
12581
14449
14711
16905
17415
28371
28959
29022
31455
31541
32088
32094
32096
32098
32153
32155
32162
32164
32556
33757
34449
19659
19704
20186
20497
21552
25354
25498
25611
80910
82234
82458
82574
82630
82745
82905
83086
84894
81074
81469
82724
85313
52152
52392
53439
54900
57024
57485
57562
68336
71546
74025
74336
77342
79041
60264
60719
61080
61470
62400
63866
35102
35204
35353
36335
36569
37913
38607
41439
41653
42615
42946
44756
47277
47634
47813
48189
48364
50586
51045
17816
18183
18895
19342
20311
21268
21302
21515
21526
24966
26593
12510
12671
12723
13626
27074
27245
27475
27558
28446
29524
29536
31217
31442
31515
31931
32481
32564
33655
27516
29031
29955
29968
32230
33299
33910
33969
34956
35337
36467
36859
37768
37778
38357
39188
40160
40998
41755
41799
42329
42366
43294
43468
69641
69709
70062
75279
77335
78015
78424
81311
82131
84464
84518
85016
85110
85699
85847
54139
54540
60260
12923
14017
14780
16017
16669
44742
46241
46514
47419
48000
22157
25175
25275
25710
26007
26187
17835
19262
20713
22998
52390
52466
52951
53059
53166
55203
55669
55673
56173
56943
59389
68578
72586
74597
27013
29321
29368
29456
29788
31981
34420
34621
34899
37223
38237
39118
39360
40011
40330
40406
40923
41158
41368
41891
42484
81673
81796
83681
83688
85287
44006
44679
45512
46205
46398
47832
48778
49797
50396
50711
51243
51249
60009
60454
60971
61786
62295
63016
63915
66197
66405
66534
17071
17530
11375
12019
12600
13850
14331
14439
15495
16299
16867
16981
34959
35479
35947
39462
39668
40901
41094
42976
43204
43315
68184
69466
71679
72671
72941
75305
79449
79451
80140
17805
18156
18854
19504
19628
19736
19766
20006
22712
24618
26190
26318
52333
55412
56164
57842
58724
27208
29441
30824
31169
32398
32845
34390
34560
60293
61085
61476
63885
64921
65319
81331
82460
84952
44275
44445
45090
45128
45639
46116
48358
49754
50008
50114
50546
50597
45338
48362
48532
50574
51111
52509
52858
54242
56141
56639
56799
57547
59100
70085
78693
78812
79377
649
652
11646
11660
12013
13781
14120
15040
17271
35812
41893
42155
42949
17823
18548
21319
21705
21725
22935
26206
81466
81949
84341
84992
85405
85558
26750
29774
29931
30029
30620
30765
30854
30961
31082
31172
32386
34311
60569
60585
60697
61520
62925
63810
65971
66625
59895
60866
61115
64654
65818
34989
34991
35709
35715
36390
38023
38810
38875
39192
39270
40429
40902
42197
42788
75159
77149
77603
78309
79301
79775
47017
49627
49852
50755
51441
51540
51933
52167
52905
54154
57022
11451
13341
13493
13783
14114
14494
17002
17297
27029
27901
28537
31243
31898
33623
34702
17825
18889
21486
22014
23220
23353
25434
25801
25821
80382
81671
82453
82768
83307
84949
81319
83633
83652
84451
85354
85556
54246
55235
55294
55902
57224
74037
74482
75327
76104
77556
79308
60548
60551
60663
61206
61952
63251
63765
63986
64458
64931
65040
35397
36024
36244
37442
38240
38309
38780
39656
40102
41941
43820
44784
44868
47824
48089
49264
50262
50312
50592
51039
51050
51658
17991
19456
20385
21888
21981
23005
11513
11516
11787
12361
12933
12939
12950
16597
16816
17583
26898
29447
29798
29803
29975
30747
31240
31589
31778
33268
27212
27580
29483
29825
30540
30750
31314
31429
33823
35246
35738
38185
38693
39086
39343
40783
40927
41112
41592
42375
42634
42737
42739
74451
75130
78758
78921
79284
79575
82370
82755
85454
51918
52911
52935
53155
55641
55993
56527
56715
57530
58019
60307
62335
64008
65204
65475
11905
11990
13359
16775
17342
43793
44142
44472
47154
47414
50108
19613
20064
22453
26091
26457
17840
18267
19452
19757
22005
22143
22431
25256
25899
51751
54322
56016
56577
59080
59622
74433
78814
31783
35118
35184
35380
36213
36498
39194
39707
42238
42511
42684
42983
43068
81917
83489
85182
85199
85338
44421
45057
46500
47864
49398
49690
50113
50692
50773
59953
60239
60299
60543
61198
61819
63625
64160
65527
66359
317
11800
12553
15800
13721
15082
15600
16954
17586
17626
36609
37522
38374
40972
41028
41334
41685
41914
42456
42683
68550
70319
72123
72887
74033
76967
79380
79482
17824
18476
19510
19838
19983
21271
22833
23906
26649
52472
52914
53135
53933
56031
56851
58369
28409
30227
31002
31306
31750
32553
60256
60998
61265
61861
63502
65457
66283
66628
67367
80365
81952
84400
84855
85402
43690
44551
44665
46837
47470
47854
48883
49468
49529
49936
50459
51568
44974
45882
48050
51489
52846
55889
57317
58281
58699
71704
72663
76154
77812
77923
659
11368
11559
12349
12422
14013
15768
17264
36937
39510
40305
41092
41108
18483
18717
19495
21749
22114
24399
80537
80783
80817
81000
83816
84049
84893
85138
27333
31467
31478
31521
31548
31607
31703
31766
31808
61124
61325
65317
65326
66249
66653
61721
62701
64470
35347
37276
39945
41425
42198
42839
42861
42873
43132
68807
71116
71340
72588
72969
74617
77433
78809
45604
45722
47282
47862
49072
49462
51346
51381
51409
52302
52593
55125
56389
57937
58160
286
287
288
641
642
643
644
645
646
1928
1929
1946
1947
1994
1995
2012
2013
11717
12389
12853
13068
14983
15787
17675
28840
29614
29813
30578
31005
31792
31940
32480
32815
34818
19207
19461
19555
19972
22346
22615
26124
26299
82156
82598
83524
85263
85469
80737
80749
82575
83118
85048
85257
52148
52314
52331
52468
52508
52747
53641
56340
56437
58880
68202
68832
69223
70067
70887
72488
61353
61399
62470
62619
62778
62960
63973
64427
66447
34918
35066
35374
37672
38587
38932
40752
40785
41492
41635
41700
42027
44001
44442
45435
47950
48183
48350
48517
50205
17733
18328
19387
20255
21355
21682
23278
23306
23453
23599
25998
26037
13369
14539
14626
14809
16339
17020
17312
17687
17704
26903
26986
27004
27751
30893
30903
31660
32215
32217
32220
32221
32223
32225
32227
32229
32231
32233
32235
32266
32268
32270
32272
32274
32276
32278
32282
32388
26765
27078
27253
28841
30005
30532
30898
30922
32337
32756
34199
35099
35531
35551
37317
39276
41264
41325
42575
42910
43018
43180
43230
68787
69225
72848
73180
78894
81059
85009
85413
55269
56120
57230
57878
59864
62699
67225
67754
11943
12339
12779
16425
16951
17203
44412
44980
46643
47880
47952
48637
49925
50190
17768
19386
21413
21834
22070
22314
22817
25657
26160
18164
21161
25112
52417
53164
57122
57196
57649
69337
70436
79504
26936
27307
28443
28882
30507
30667
30761
32134
33671
34904
35261
35293
37656
38090
39138
39848
40241
41140
42682
42836
42870
43157
81417
83226
84066
84729
43737
45650
46761
48273
49232
49273
49394
49562
49695
50447
62743
62939
63681
12070
12194
12799
13228
14803
17483
11987
13002
13762
13776
15015
15549
15910
16817
35401
37588
39101
39185
39833
40838
41217
42729
43054
43113
43465
68282
68736
69555
71350
71744
73362
76927
79374
18614
25328
26004
26312
26344
53934
56736
59303
27509
28315
29538
29862
29929
29963
30598
31174
31908
32546
60250
61500
61594
62972
64534
82150
83168
83187
84453
85064
44235
44728
46712
46770
47517
50696
51582
44541
44614
46179
47254
47841
49367
50780
50874
51373
51507
51570
52033
52136
53287
53472
53994
54878
54966
55856
57445
58052
58620
71126
71137
75187
77947
78761
79048
79735
11564
11696
13232
15698
17526
39654
41088
41536
41710
42193
43096
43306
17742
19978
21305
24339
25331
26063
26227
81114
82859
83689
85775
26779
28433
30020
30658
32030
32171
32911
32973
34325
34705
61070
62012
63146
63233
65023
66416
67672
61113
63956
64910
65175
65575
65722
38118
38217
68789
72897
73443
73680
74091
78844
79842
79937
44045
44119
44420
44973
45182
45190
45687
45715
46231
46685
46867
48759
48929
49561
49573
50053
50556
50620
50781
52740
53734
58299
58452
11722
12377
16209
16889
29394
29828
31162
31366
31724
18170
18495
21385
22228
22561
25785
26246
84178
80370
82644
82649
82685
83738
84773
51910
55837
57148
57166
57443
57789
58726
59269
68900
69144
70171
74933
77295
77865
77917
78372
60794
60883
61025
61278
61332
61744
61777
62737
62943
64957
35226
35300
35958
35981
36038
38298
38796
40415
41645
42293
43225
43947
44324
44372
44430
44528
45188
50096
50581
50739
51079
51363
51495
20578
20870
21233
21407
24592
26199
13292
13613
14955
15090
16468
16854
26885
28429
29860
30002
30449
30731
30776
31756
32438
32501
32515
26727
27421
27861
28190
29878
30807
33943
34884
35348
35363
36637
38831
39970
40345
72192
72558
75248
78756
79411
80707
80840
83869
84009
85046
52255
58653
59390
59419
59532
59923
61871
63473
64333
64514
65325
65813
66300
67886
13265
15374
15480
17165
44052
44281
49374
50439
51008
51157
51181
51335
18220
19155
20296
20858
22965
23917
24727
25188
25630
26656
18020
19153
20529
20986
22975
53152
54766
55883
59276
59517
69336
72861
74052
74123
74869
26827
27016
29591
29800
30438
35939
40154
41089
43403
43483
81392
81564
84496
44489
45138
46200
46538
48722
49127
50268
51080
61868
62682
63703
64583
64615
66602
650
12088
12369
12784
14305
14657
14688
15985
17700
13279
15237
16329
16846
17293
17323
34911
35543
37017
37577
39279
40590
42808
42898
43459
70908
71674
72095
73520
73984
75018
75255
77077
77689
18598
19096
20910
24135
25506
25835
52723
53232
53642
56179
59221
27573
30001
30007
31030
31690
32544
32545
33505
59842
60475
61076
63217
63386
65015
65903
67128
67919
82025
43723
43938
44082
45347
46024
47210
50212
50420
44256
45276
45538
46055
46077
46996
47032
48121
50890
51116
52147
52665
55605
55742
56010
56298
57671
59323
67944
71657
76902
77619
78825
13632
15293
17673
35241
37159
37351
37750
40140
40731
41113
41564
41581
41596
41607
41636
41835
41902
42552
18666
21663
22235
81410
82126
83810
83838
84208
85573
28332
29032
29502
31382
31617
60029
63218
63449
64640
59635
62664
62985
63317
63801
65238
66259
36163
36387
38467
39261
40289
42358
43119
43287
71156
73686
75182
77311
80099
45043
45260
45667
46496
46918
47143
52698
52842
53248
53567
55744
55933
57374
58642
58729
11426
11615
12200
12694
13206
14140
14248
14703
15309
15530
15618
16521
16903
29539
30022
30394
30772
31190
31367
31853
33775
33937
34819
18462
19341
19352
19960
22997
26357
84896
85440
82281
83556
83610
83868
85098
85594
54627
55711
57591
68039
68227
68886
72564
73531
74874
77455
62622
64743
35827
39550
40452
40824
42021
42387
43767
45325
45737
46658
47252
51167
51428
18507
19326
21936
21940
22272
22792
25700
26002
318
651
11517
11799
17600
17690
26992
29187
29530
29957
31743
32924
34146
34157
34754
30050
30520
31448
32848
34102
34642
35197
39234
41081
41183
41585
42604
42778
43051
69406
70395
71522
76925
83870
52226
55886
56812
57833
57946
58147
59661
60378
60395
60575
64314
65231
66217
66765
67748
12201
12825
13464
13973
14975
15772
17193
17336
45270
45434
45764
45928
46705
47129
48799
49138
50020
50531
51023
51576
17925
17963
20158
20972
24707
25051
26013
23130
25287
25790
26534
51840
51926
52011
55589
55679
55799
56886
56949
70616
72429
74431
74892
77627
26857
27744
29464
29512
29898
29987
30420
30844
31593
31742
32827
34409
34590
34954
36123
36221
36770
37462
37587
39779
40597
40956
42633
42950
42954
43601
80769
82657
85826
85894
44050
44492
45088
45645
46167
47172
47436
48985
49783
50353
50815
50819
59768
59870
61360
62055
63601
64388
64959
65159
66509
67047
67273
11746
13541
13696
14535
15851
15928
16258
17608
676
11361
11756
11828
12235
12861
13107
14465
14541
17372
17611
35961
36004
40266
40490
41042
41351
41443
41448
41568
41880
42344
42961
73698
73793
78579
79107
17990
18634
20535
26058
26401
26686
52434
52456
53395
53398
53698
56743
27192
27501
29759
29808
29826
30457
30634
31212
31416
31876
31894
32979
33544
34322
61640
62509
62528
64306
81165
81526
81619
81885
83180
84369
84377
85045
85057
85684
43665
43862
46588
46666
46795
48743
48912
50101
50185
50777
51225
43795
44349
44779
45691
45702
46262
47102
49093
50115
51296
52493
54372
55279
57325
58666
68867
78530
11637
14575
15087
15396
16885
17429
35189
35654
37371
37626
39413
39795
40326
41625
42075
18307
18633
24332
25704
26114
83212
83624
84355
84590
85367
85646
27846
29245
29773
29920
30061
31088
31253
31559
31603
32252
32355
32446
32457
33921
33961
34593
34609
65180
65200
60552
63093
63467
35726
36710
38534
39719
40883
41098
43032
69194
71298
71535
77705
44078
44314
47349
47373
48254
48816
49464
51227
51410
52592
54856
55005
55050
56868
56957
58229
58409
58424
59094
11550
14028
14406
14778
16375
16447
17533
27341
29984
29990
30678
31282
32148
32592
33918
17778
18046
22722
26586
84932
85766
85863
81014
81603
83691
52684
55848
57229
58940
73760
79108
80107
59749
60941
62190
63949
66398
67858
35345
35361
36236
37054
37409
37850
38392
39893
41177
41345
41488
41520
41619
41803
42262
42504
42595
42740
42917
43337
45873
47204
47981
49570
50126
51001
51339
21380
26472
13808
15074
15285
27896
29838
29959
30480
31440
32093
29159
29756
29772
30671
30960
30992
31041
31383
34217
35467
37097
38929
40823
70110
70852
72925
72967
74542
75104
78726
79158
81615
81916
81998
84389
85047
52269
54336
54588
54600
54949
56514
57808
57874
58561
60327
60343
60364
60831
61383
61912
62836
64504
64511
64519
64531
64540
64543
677
11401
11912
11952
13627
14933
16852
17431
17588
44438
45021
45767
46637
50422
50792
51270
19188
19349
19660
19705
19784
24650
17751
19047
19068
20681
22318
22380
23104
25126
25685
52457
53131
57524
71181
77934
78011
79323
79780
27084
27116
29380
29409
29804
30867
31157
31213
32247
32529
36106
36277
36420
36432
38421
39502
40142
40515
41101
41849
80577
80642
82873
82915
84085
84762
84816
84939
85119
85130
43955
44902
48594
49100
51090
61281
61459
61982
63036
63363
65033
65413
66845
13113
13437
14723
15455
15584
16092
660
678
12169
15389
15872
17570
34950
34964
35082
37113
37612
41810
42132
42832
70671
71905
74135
75251
78436
78499
79839
17721
18023
18264
21745
22069
22686
25062
25496
53775
55792
27018
27709
29020
29467
30000
30778
30793
31670
32250
32273
33964
33982
62228
62539
67463
67836
83641
83908
83930
84226
85042
85541
43953
44183
47188
50960
51097
44782
44979
50281
50859
52141
53029
53593
55518
55996
57327
69063
69556
70287
70397
72298
72867
653
11545
17459
17593
35378
35396
43341
17820
18228
18493
24742
81667
82310
83088
85395
29916
31336
31910
32267
33064
33906
60234
60768
60822
61743
62525
64010
64601
61869
64491
64568
65931
66383
35046
36926
37330
37331
37557
37821
39031
39554
41163
41182
41491
41523
41533
42136
42385
43470
73298
75173
47640
50876
51276
53663
53672
54849
56705
57497
58368
59248
12482
15284
17332
17557
29998
30060
31439
32113
33079
33977
34680
18379
19554
20014
21116
22184
24967
80806
81432
82140
85651
82233
82809
83701
84267
55253
56181
57360
72449
74693
79053
59942
66933
35182
37174
38425
40936
45297
49807
50044
50790
18676
21277
24669
26085
26525
679
11806
13532
15209
15718
16165
16830
17299
17667
26824
27147
27216
29763
29793
30003
30027
30817
31254
31708
31855
31944
32146
32503
34191
34338
27034
29513
29807
30064
30763
31479
31510
31820
32378
35842
36794
38594
40703
40713
40779
41197
41387
42467
75213
78502
79249
80168
80738
81548
84498
84875
52173
52315
53921
55165
57612
58870
59701
62402
62681
63446
66829
66971
14393
15608
16184
17485
17550
47915
48867
50355
51011
51288
51398
18110
22969
20524
21445
21974
22107
23014
23116
24346
26634
55461
56567
57278
59223
69385
72293
77106
78567
79437
80204
27062
29443
29532
30045
30069
31958
34907
35520
36336
39379
40183
41677
43293
80811
81022
45585
46508
48409
49314
49417
50187
60996
61933
63247
680
12208
16068
16256
16309
17461
681
12327
12431
13133
13500
13901
14949
15667
16113
16608
17292
35903
39961
40966
41220
41864
41889
41975
42143
42454
42871
68573
68872
72921
74041
74112
78133
17764
19848
20364
21539
21672
22745
25157
51805
52034
53423
54464
55486
55772
55845
57916
57978
26825
29831
29936
30813
31747
32455
32523
33241
34004
59945
60893
61034
62093
62760
64953
66201
66744
67850
80899
81891
82046
82074
82136
82491
83347
44408
48031
49441
50799
51624
43635
44401
46589
46910
47675
48556
50721
50969
51845
51929
52786
52981
54478
56367
56478
59194
11437
13889
15024
15161
35194
35259
35683
36588
38205
39151
39154
39978
40122
40637
42417
17776
19753
20997
21760
22830
23085
23459
23471
23476
80709
80754
82667
82958
83514
85183
85725
27278
29725
29902
31397
31757
32074
32245
62307
64146
60800
63010
63707
64830
39633
40203
41199
42657
51812
52329
53950
54252
54617
55841
55862
56702
58265
73683
73818
77081
78688
79798
44268
45097
45757
47918
48453
48558
49424
50105
51366
654
655
656
657
658
682
683
12002
15777
15885
16478
29199
29528
29893
31017
32429
33738
34370
17883
17936
18022
18203
21432
22882
24326
25302
26297
26576
81613
83284
83549
85104
85557
81479
85428
43968
45706
46827
53867
56315
60194
61693
62480
63064
64937
66093
66206
66703
34913
34940
37067
42006
71162
75542
77492
79350
17774
18174
19720
21231
22978
25156
26578
12174
13405
13446
14971
16139
28803
29495
29743
29745
29757
29777
29783
29906
30210
30512
30670
31112
31163
32301
32730
32745
32782
34635
29797
31784
32788
34714
35462
37645
38352
40967
41165
42660
42912
53776
54832
55790
55959
58013
58478
84916
44844
45018
45124
46357
47437
47911
51149
51194
63541
64512
65381
65676
65824
319
11672
11732
12415
13041
13725
15784
15917
16332
17454
70196
71449
75288
75331
75341
78086
79182
17799
18323
18459
19883
20768
19734
19987
23106
43755
44516
45843
46715
55528
56423
57027
58267
58867
26789
27117
27345
27972
28972
29753
29789
32263
32536
32743
34036
34169
34373
34922
36835
39291
40089
42409
42985
80673
81955
85017
85406
68534
68985
73692
59779
60435
60715
61002
61095
61816
63492
11427
11819
13198
15168
15752
16015
16173
11382
12180
14433
16040
17511
17647
37574
39014
40177
41084
41348
41460
42237
42938
54098
55810
56366
18804
22596
24447
26030
26262
44028
45703
47630
48970
49103
49284
49466
49594
50201
51155
29769
29992
30028
30732
31057
31401
31683
31739
32498
59897
60806
61149
62362
63102
65101
66107
67099
83916
84880
68664
70710
71037
72804
73093
75052
75137
74118
77305
79932
43757
46084
47234
50989
53764
54791
57594
58266
59289
59519
13063
13275
13940
14105
16392
17149
35505
36593
37395
37614
38695
40053
41548
41948
42149
17741
18134
18580
19312
21326
21840
25459
82912
84317
28170
29475
29540
29764
29880
30469
30704
31946
32008
32976
34543
34803
60734
63098
59698
60201
60217
61897
67445
35203
36114
36135
36762
37763
38626
41413
41565
42194
42537
42677
51849
53455
54427
55671
74062
74140
74213
43825
45063
45613
47702
50095
50127
50724
51002
51229
11369
11795
15690
27157
27721
28392
28758
29760
29941
29949
30011
30017
31200
31776
31829
32748
32958
33128
34466
18240
19535
20063
20931
21046
22470
23374
25101
25254
25768
81608
82823
84330
84782
85383
80703
83832
84204
84941
85899
44110
44835
45778
47286
47531
50875
51016
52510
53341
53624
54056
57990
59673
59678
61335
63470
63605
35162
36109
36195
37013
39348
39466
42272
70801
78368
79179
19412
684
12082
13029
13751
14997
15516
16506
26849
26894
29156
29484
29790
29890
30004
33901
29433
29741
29904
31581
32826
32970
33043
33344
35245
41479
41816
41850
41854
42157
42434
42853
52281
55184
55636
57155
57919
59162
80281
85146
44331
45095
46682
47198
47691
47893
49011
49336
50742
60470
60749
60804
63923
67295
12185
12645
13216
14598
15830
17546
70040
70717
71849
78591
79525
80073
18385
19022
19203
21893
22392
22440
25174
25283
26403
18138
19403
19684
22351
22423
44068
44341
44736
47219
48694
50411
50446
50593
54982
55468
56534
59089
29817
29927
30033
30379
31032
32359
34970
37267
39085
40223
40373
41118
42718
73994
77942
59776
60495
63573
661
11991
13116
13443
14343
16818
17506
11951
13039
15162
15226
15295
15741
17666
17701
27855
29751
30769
30953
31015
32111
32326
32489
33968
34340
34690
52046
52090
56228
56621
58004
19293
19540
22827
24406
25932
45593
45726
45730
46369
48141
48252
48258
49188
49810
51173
81008
82134
82319
83748
84375
84499
85191
59882
61413
62135
62449
62775
63023
64243
64264
37212
37333
37421
37960
37985
38539
40382
43006
68859
69897
70243
70373
72290
72616
72818
74087
77593
71210
74668
78145
78337
44161
44923
45765
47183
47606
50305
50645
51047
56049
59250
11888
12048
12324
13125
13826
13835
13913
13929
13988
15247
27211
27604
29928
29981
30019
30043
30652
31142
31437
31675
31891
32853
33333
33726
34414
18293
22087
24261
26305
26320
26430
34943
35178
35744
36110
39533
39771
40776
41105
41717
42013
43578
80905
80909
81030
81162
81163
82713
83085
84354
84581
60055
60383
63961
64744
66130
61409
65030
66443
67175
27595
29922
30607
31889
32469
33082
53199
53725
56696
59010
69165
78763
79238
79455
44426
46458
47054
50746
11384
11735
15462
16259
16891
17363
80606
81942
82570
83982
85498
19581
22310
26036
35078
36660
38559
38565
40521
42105
43109
35034
35052
35393
35529
37103
38858
39428
40240
41365
43272
43776
44514
45870
46308
46444
46468
46904
46924
47618
49005
49449
54102
56525
57272
57569
57922
59521
61509
62968
65469
27028
29505
29696
29986
30416
32954
34104
68973
78710
79539
79728
18605
22079
22126
23121
23302
23340
23467
23517
26506
11759
12623
13077
14179
15671
16389
84861
85085
81562
81657
84597
85695
27009
30497
30822
31372
31553
31837
31927
32487
34720
51915
54156
57062
39163
41589
41852
48125
49848
50612
59954
61788
65449
662
11945
13333
13347
14915
15796
16196
17541
72554
77737
79572
17934
18802
21011
25109
26624
17929
18726
18732
19865
24972
26516
44277
46439
46873
47684
47753
49439
52035
52039
52437
53931
54075
55043
57392
57499
80724
82675
83818
85372
27743
29541
29877
29940
30471
31354
31762
32261
33023
33954
34008
34272
34491
35027
35157
35187
35417
37639
40418
41087
41633
43007
68943
74446
78333
79370
60269
61138
61795
62165
66637
685
11349
12568
12613
13174
14920
15807
16311
17420
27575
28176
29157
29434
29943
30070
31287
31668
31702
31791
32179
33118
33654
54461
55044
55064
55362
57595
59384
21147
24601
25094
44139
46014
47299
47956
50453
81333
82257
83906
84705
84884
60359
60588
64419
65291
65874
34947
35166
35174
35309
37275
37446
38140
40348
40975
41467
41674
42201
42211
42298
43496
70333
73982
74924
78594
78807
79607
68297
77020
79608
43643
43850
43935
44265
45432
45880
45969
48196
50088
50605
51613
52404
53300
53742
56078
56535
56582
56802
56821
663
15050
15152
15258
17234
17401
17671
27257
29454
29738
30025
30047
30623
30828
31222
31375
31881
32393
33297
34022
18107
24450
35991
39340
39590
40867
41115
41747
42286
42562
42840
81015
82314
82686
83720
85218
85581
62433
63685
65876
65954
26982
29490
30014
32277
33144
33736
52441
53910
54090
55157
59376
69044
73885
77425
43702
43985
45047
46764
47372
48399
49311
50764
11689
12183
12656
12990
13200
14142
14817
14821
17452
80240
80924
81966
83820
83960
19994
22432
24345
24368
25183
34966
35269
35324
36394
36895
38036
38639
39813
40739
41750
35346
39837
41175
41366
41369
41372
41377
41386
41389
41392
41395
41398
41401
41404
41408
41412
41415
41420
41423
41427
41429
41432
42693
44319
44631
48898
49721
49727
49732
49740
49978
50046
54682
57084
58432
58722
61756
62071
65220
65265
65481
26961
27707
29782
30187
30193
30221
30402
31155
32197
32547
34454
34814
68670
71384
73535
75003
77229
77804
79271
19015
25092
26099
11802
12118
13423
13733
14122
14902
17079
17291
17560
14469
16036
16770
27434
29037
29181
30660
30787
30958
31284
32056
33360
34435
34545
54658
56306
56549
57025
57399
34948
35042
41226
42672
46817
49585
51308
61103
62666
62684
65925
21303
21874
22631
23320
77179
77441
79362
83351
84343
84403
81058
44239
44897
45791
46481
49506
49705
49798
50703
58738
15967
16129
17282
17331
29137
29457
29795
29894
29908
30352
30790
33555
34237
35315
35333
36504
39585
39870
40173
40884
41740
42605
69200
74838
77536
78958
79201
60046
60125
60134
61292
63243
66972
17797
18247
21959
25022
17959
18362
19105
20097
22102
22591
22805
23002
25142
29820
30762
30837
31188
31861
31862
32185
33018
52161
52940
54419
54877
56581
83896
84985
85518
44523
45932
47023
47886
48426
49302
289
686
12760
13419
15164
61855
67076
67593
36485
39761
42376
42723
42897
70765
72537
74487
77053
77233
77760
79022
68049
69762
70358
74059
78718
78913
79640
79895
43842
44929
44951
45517
46645
48090
48140
50830
51832
52562
53387
53873
56044
56126
56143
56268
56682
57289
57883
59032
59067
59133
59293
59572
18422
20069
20550
21780
24680
32222
33130
34369
34620
34812
34826
36437
39345
39896
41806
42476
42664
320
14643
15353
16547
59877
59941
60262
61055
62644
63690
64128
64486
65726
65825
61266
61913
63067
64142
66566
17772
18814
22733
24519
25218
51738
53255
55791
55869
56177
56533
56784
56931
57002
59452
72862
77223
44580
45186
46222
48937
50544
51519
82016
82494
82700
83932
85216
85393
85591
11694
12111
12454
12975
14581
14739
16407
16952
17466
29507
29765
29806
29809
29942
30016
30032
30048
30055
30203
31106
31210
31557
31759
32193
32541
33240
33293
33545
33750
34963
35104
35443
35521
35538
36107
36439
38787
39963
42701
35023
35902
36572
40051
44205
45286
46011
48124
48479
49961
49967
52041
53489
55635
55749
57844
61488
61955
63713
63755
66983
22044
24484
70241
71617
72321
73985
28235
29493
29778
29930
29974
30008
30152
30647
30672
31804
31839
32491
34840
34878
81023
81188
82757
13202
15603
321
12884
14080
15578
16054
16175
16197
16541
17594
17654
19745
19975
21756
25748
52243
53359
54406
56110
57926
57986
58565
59165
35221
37152
37939
38376
40019
40272
40815
41064
41714
42250
46195
46704
47932
50705
51395
61137
62734
66386
81739
81746
81904
82267
82646
72533
29926
29950
30559
31004
31438
31532
31823
34805
27046
28966
29444
29786
29837
30223
30229
31245
31904
32467
32554
33163
34047
34292
45892
46617
50824
50838
51345
51790
52115
53173
53563
53745
54233
56276
57300
59588
14848
15620
16421
16518
17944
35437
35588
38399
42062
70188
71855
73348
77758
59957
63636
64811
80782
80872
81252
85432
83881
84471
22761
22952
25494
52824
54538
55058
56572
57684
57706
29815
30156
30433
31027
31272
32320
32382
32895
33022
33156
34455
46742
47163
49204
50445
12309
13330
17487
17575
63189
63295
64966
65493
65773
66914
34897
35106
35143
36141
37149
38033
39702
40851
41052
42073
42704
72601
74478
74925
75531
76993
78179
79655
74255
78937
79889
44380
46187
48207
55752
56019
56418
56866
57204
84872
85431
18348
21256
27306
29422
29924
30056
30798
31858
32900
35285
35359
35945
37009
37150
38221
38387
39354
41989
42436
12966
13140
15649
17015
17253
60038
63843
64003
65774
60034
60097
61428
65711
17957
18492
18622
19464
20461
22105
25420
26081
26372
57729
58224
69774
79081
79388
79487
80110
46718
47287
48738
50035
50093
50386
51021
51078
82596
687
14266
14285
17169
17595
17605
27407
30447
30975
31945
31947
32375
32473
32496
33001
33132
33288
34875
37044
37682
38777
41145
43504
37726
39526
39634
41147
42438
42883
45150
46417
48180
49277
50899
51731
55918
56027
56042
61105
61197
61406
61873
62281
66605
67031
19721
25855
26078
26250
26609
69383
70218
70399
78813
29482
29662
30486
30627
30811
31102
31681
31781
31852
32082
32507
33017
33124
34883
84845
85484
688
689
12024
13349
14014
16079
11720
13258
14646
15076
16183
18261
20436
25263
52854
53500
54965
57705
35225
35357
40081
42008
43112
43565
43623
46737
47396
48014
48289
48394
50484
51320
51342
62657
62790
65544
80223
80831
69584
74088
29781
29846
30030
30163
30871
32136
32504
32552
32839
33160
33947
34400
27285
28837
29520
29796
30041
31173
31616
32006
32578
32807
34811
46102
47449
48051
48095
48858
49139
49988
50423
51521
52474
52630
11675
12043
13238
16625
18424
18700
22927
25476
26134
38006
41025
42348
42800
43478
69677
69751
59808
61264
62235
82715
85861
81777
81974
83148
84859
85691
18333
18858
19614
19809
23433
24433
24551
25782
54136
56002
29481
29519
29973
30218
31622
31854
33193
34154
34713
47764
48370
48827
49734
50155
690
13611
14874
15418
16250
16288
17674
60092
61634
63591
64269
64714
65360
35109
35419
40684
41059
41944
42035
42074
43115
70013
70948
77004
68089
70479
77057
77591
46434
48321
52635
52641
54309
55803
82875
18303
20344
21267
22945
24411
28862
28885
30589
31648
33991
34336
35267
35388
36187
37500
38004
40996
41292
12221
13644
15224
17505
60912
65545
67509
19038
19234
19515
20250
20881
22055
22153
24403
25219
25796
52816
53868
55801
58747
58840
70981
72061
74987
75028
79636
44095
44106
45431
46454
48995
49369
50440
50833
51188
82461
82553
11861
11964
12748
12878
13525
15961
29748
29966
29994
31134
31257
32363
32897
33034
34057
34059
34099
36543
39015
39125
40638
40643
40836
41821
42047
35193
36429
39059
40985
43640
45499
46808
51781
52432
55490
57094
59379
61139
61541
61852
61914
64731
64869
65945
23079
24881
25293
26319
68445
70682
29325
29785
29799
29830
29964
30066
31523
31869
32258
32997
34779
80547
85536
12277
17237
17479
692
12362
13186
13766
13794
15171
15382
15490
18378
18513
18693
18786
19457
19882
20056
21152
25148
25182
25267
26489
52310
53088
53105
53788
54101
55039
55219
59428
35159
35663
37663
38105
39574
39769
41091
41840
42185
43523
44477
44848
47018
47304
48706
49860
50786
50946
51648
60258
61825
83137
83604
84926
85886
75184
76953
29489
29503
30006
30046
30054
30212
31469
31896
32586
33073
26840
28889
30024
30037
30586
30950
31760
32579
32843
33251
34042
34836
43663
44588
44852
45573
45810
46593
46730
49382
51530
51729
322
13285
14751
15592
15738
19114
21282
24637
37270
38993
40216
40298
41031
42809
69560
71938
75270
77243
78426
79178
60871
62478
81027
81119
81328
85033
81653
85351
18235
19236
19538
21184
25181
25329
26029
54038
56147
56154
56458
56528
56950
58185
59009
26758
28897
29758
30539
31863
31871
32829
32860
33509
34021
34833
45392
46382
50896
50981
13764
14074
14760
16071
16378
17679
35405
35570
36105
36607
36992
38330
41260
41477
41601
41730
43342
43574
68758
69515
74248
78598
76829
78071
80181
43885
44044
44530
46261
47283
47553
47633
57001
57021
57440
59152
80824
81449
85305
22330
23376
25954
25994
26399
28967
29486
30741
30838
31332
31349
32064
32516
32962
33074
35141
35369
35831
39398
40987
41030
41225
41757
60328
60611
63854
64253
64429
67566
13067
13760
14082
14779
16290
16798
12983
13083
13612
13977
15774
16232
16782
17269
17791
17870
20873
21908
24524
51996
52777
53706
55096
55251
58600
70775
74124
75433
77290
79126
80176
45568
45942
46027
48319
50908
51607
80774
82550
82650
85892
60471
60632
61342
61978
63028
65775
66989
28481
28863
30604
31029
31371
31803
31965
32191
32559
33062
33084
33951
34012
34460
34582
35112
35323
35373
38002
40030
40219
40563
40609
40988
35076
35433
39797
40026
40421
40873
41823
46311
50319
51254
51311
52454
54179
56730
58016
59237
59304
11599
11843
15110
18812
19191
69362
75383
29477
29533
29816
29827
30040
30049
30214
30690
30802
30878
30927
31072
31309
32046
32514
32759
32975
33101
34007
81326
82687
60041
63223
66664
67861
17898
18939
22164
25652
52556
55892
58813
34920
36584
37996
38130
40653
42530
43404
44004
44969
45168
46917
48072
49826
50254
51369
691
11515
14852
14977
15378
80722
82191
85205
69511
70591
72437
74043
74991
29761
29780
29951
31184
31263
31434
31632
32016
32281
32285
33065
34045
34404
26995
29499
29787
29982
30164
30196
30213
30751
31671
32012
33286
44904
46047
46144
46402
47280
47478
50761
52461
54456
57871
58339
63606
18166
18318
20430
21785
22160
22240
24359
25164
25930
34930
35054
35632
39474
41331
41416
72469
75165
1956
1957
2062
2063
14800
81609
82935
85301
81332
83225
85142
18087
25445
26497
55648
56085
57749
26931
29449
29766
29814
29818
30034
30044
30933
31242
31261
31389
32463
32821
32898
33195
33264
33759
34801
34824
43753
44434
48114
48965
63628
67793
11796
12059
13396
15014
15303
17433
35211
35469
35786
38429
67959
72064
72205
72769
80049
69446
77560
78175
78772
44329
46256
47858
48108
48981
49746
50578
50860
50957
51092
57640
85336
19652
19744
20112
20377
25259
27968
29461
31678
32271
32824
32907
32982
33337
37448
39327
41478
41787
43295
60850
60945
61670
62284
63667
63776
63851
65839
11994
12676
13006
13381
14579
15346
17227
17648
693
14214
16357
16415
18133
18566
19534
22609
23232
23286
25058
25680
25986
53339
53900
68969
77439
78638
44098
44810
44887
44918
45720
46801
49614
50715
81730
81914
82712
61282
64302
64348
64442
65029
65768
28892
29775
29991
30052
31080
31835
31877
32842
33167
33295
34119
34224
35234
38961
40001
40259
41047
41230
42081
43243
35377
35382
35816
38899
39026
39690
41489
41926
42508
44258
49349
51289
52065
52251
59336
12937
13059
15337
15439
15871
16536
16550
17738
23096
69091
73790
77558
78829
79610
79726
26696
28302
29264
29771
29858
30026
30216
30908
31654
32563
32570
32771
33122
82781
84218
61692
62877
63013
65087
67494
60022
18081
24320
25920
26032
53038
53501
54082
54147
55121
56456
35151
35511
35844
36851
40187
40299
41544
41678
42560
44462
44702
45963
46155
46490
46828
47547
49248
12575
16023
16207
17313
17467
17516
82952
83055
83890
85434
69452
77723
79142
27862
28379
29453
30009
30198
30217
30504
30743
31794
32218
32228
32312
32590
33051
33093
26829
27025
28813
29270
29918
30617
31677
31884
33318
33321
46446
48958
50398
50858
51464
53055
55564
56066
59778
60274
66060
18691
19849
25741
35172
36893
39793
40500
41497
42080
42507
43135
43417
68085
73652
73855
79345
12750
13339
16167
16762
17380
17652
81325
81696
85530
81313
82157
85226
18442
20088
25865
53363
56436
27589
29823
29962
30573
32330
33134
33208
44498
45886
48757
49442
49563
49731
50915
61271
63939
64105
64187
64926
13269
15257
34942
34976
34995
41305
68446
68848
72767
74627
75292
78024
68327
68745
70781
72196
77313
78505
44363
45661
47892
48076
50250
55873
80973
18524
18661
25294
26397
29250
29933
30153
32353
33135
33301
34385
34988
37109
37328
39486
42280
42818
43215
43217
60362
12295
14674
16544
13456
13982
16901
17670
18151
18940
19161
19697
19710
25213
68609
74827
77691
77956
45567
46050
46211
46243
47233
47290
48287
51294
51459
81374
84014
59849
60303
61022
64524
64537
64547
64549
64550
64553
64574
64580
64584
64587
64590
64593
64596
64602
64605
64608
64611
28797
29312
29501
29856
30177
30594
30989
31392
31680
31856
32109
32207
32433
32440
32465
32566
32819
32923
34844
35074
35440
37034
37345
43052
43398
43569
35207
35441
35643
40535
41153
42904
43073
44744
45518
46067
46743
46860
48139
17842
51696
51928
57114
58958
59115
59327
11671
11864
13047
17090
17551
73748
75276
77037
26745
29459
29468
30186
30527
30981
31135
31435
31485
32058
32279
32340
32889
32987
33178
33186
34822
80661
82044
62136
65609
60803
12037
13131
15450
15852
24879
25104
26089
34960
35223
35515
39020
40113
41998
42292
42416
42509
42900
44123
44557
47148
49322
49973
52222
52717
53502
57171
82832
83298
84344
84849
85941
73908
78473
27365
29452
30820
30846
31147
31391
32066
32369
32389
32416
32986
33005
33138
33230
33256
33716
34886
29155
29365
29740
29944
29970
30038
31900
32561
32598
32802
32953
34850
45824
49081
50377
19055
19546
60491
62099
67649
12129
17490
35130
35215
37824
40186
42040
43517
67984
77413
79975
59442
81585
83063
84800
81130
81946
82215
84395
15214
16443
17464
17860
18880
29267
29737
30058
30191
30192
30596
31203
31239
31339
31912
31942
32037
32746
32787
32857
32865
33157
33189
34334
34411
34770
34828
44546
44727
46284
47782
49068
50857
51043
60199
63967
64320
51678
51720
52263
55713
57747
34978
34993
35065
37411
37595
37615
38058
40706
41349
42219
43080
70189
75256
77757
75313
76137
79294
79761
46427
46820
47319
47366
48466
17754
19354
24672
26629
81318
81456
83653
85836
11993
12534
13190
15239
16556
17443
28427
28641
29534
29801
29954
29960
30185
30205
30909
30914
31130
31950
32010
33053
33096
33162
33188
33226
33346
33348
34371
34447
34872
34929
35004
37076
38441
38902
39938
40492
67905
59058
59261
52317
54224
13004
14871
19057
19643
22008
22422
24985
25352
25751
68362
71532
74686
43799
44601
46257
47241
59826
60483
60714
62927
63054
29522
31114
31327
31665
32585
32779
33039
33102
33136
33244
33265
33473
33602
35044
35124
35394
35427
38544
40285
41622
42662
35425
37310
37997
40545
41759
78687
79039
18941
21414
21824
51834
55048
694
695
12269
13218
13983
14790
15683
17469
81600
81632
29755
30161
31020
31692
31872
32177
33085
33180
33206
33272
33276
33294
33325
43926
46258
60152
64283
65032
67067
60788
63307
66167
11931
13684
13836
16169
16562
18756
19954
20449
20476
21238
21757
25161
26249
35488
39464
40322
40335
40486
40908
41129
68521
71404
72924
74221
78972
51823
53127
55267
57491
59550
44084
44582
50122
50855
82113
83309
84902
85212
85222
29733
29892
30013
30199
30508
32156
32181
32307
32850
33123
33236
33302
34807
29251
29742
29843
30144
30208
31902
32126
32234
32319
33139
33183
34091
79240
80021
80064
61027
63052
67476
12371
12557
14314
14521
16431
35450
35537
37696
38114
39898
40635
40846
41606
42814
43410
82492
82733
83643
83841
85204
51814
52339
52739
52801
56555
58670
44677
47056
47369
50511
45029
46590
47471
47635
50078
50332
11419
12098
12590
14435
14475
16261
75442
78605
19768
21036
22930
23552
24632
25160
25339
26376
29462
29824
29874
30167
30220
30601
30711
31198
32577
32754
32936
33011
33098
33252
62885
65365
66408
53880
55240
55392
56136
56158
57151
37289
39661
40527
42208
42418
82111
82825
84964
85242
85486
80772
81426
81728
83645
83943
85126
29847
30577
30921
31074
32211
32232
32454
32511
32551
32574
32789
32957
33205
33218
33267
34330
67991
68996
69568
74166
43977
47140
49255
50442
11363
12165
13093
13788
14126
14665
15532
16571
17160
18519
20299
35038
35061
37937
37941
41215
41744
42452
43011
43531
60868
63346
65590
65872
67638
57077
58807
53251
55963
57169
57605
13303
15562
16029
16998
68458
69395
71090
73922
74786
78776
79598
79766
83259
29318
29739
30021
30151
30162
30595
30869
32509
32856
32869
32967
32996
33127
33238
33275
33805
45625
47959
49885
51600
60522
64110
65678
67714
19390
20464
26040
35018
35137
37940
42760
35399
35500
39883
39932
28421
29275
29397
29811
29839
29884
29996
30154
30158
30189
30349
30957
31276
31316
31892
32791
32880
32893
33026
33044
33069
33081
33087
33278
71480
73505
76995
79204
52259
52671
53961
54255
54260
56407
56412
12478
13175
15122
16224
17660
80628
80768
81727
81939
82371
84222
85397
21606
47576
49023
49897
51527
51561
61408
61838
65034
61876
64222
64598
67777
12182
70880
72761
35517
36167
40412
41729
41737
42717
42909
43594
28976
29997
30042
30207
30443
30816
31185
31507
31686
32830
32960
33071
33173
33225
33263
33266
33291
33342
51728
52491
57421
59611
44769
47708
48651
84459
17782
22679
17856
18194
18835
19556
21767
23114
25059
29810
29988
30145
30506
31352
32474
32486
32804
32818
32872
32985
32988
33146
33234
33751
68492
68952
69449
72136
73545
76139
77782
78063
78130
60333
61302
61628
61666
66502
11506
11917
12991
15544
16391
17471
34893
35475
36483
38794
40021
40126
40991
41913
42405
43449
80712
84854
52040
55026
55264
56997
43797
44671
45647
48045
48814
50879
44012
44015
44020
47807
50490
50865
664
665
666
667
668
696
1996
1997
11944
13028
14513
15235
17356
17404
72620
74761
75075
75322
17759
18109
18234
19148
22798
22816
23066
25179
25301
25728
28327
29469
29866
30172
30970
32103
32458
32548
32580
32803
32820
32883
32910
32943
33000
33024
33243
33249
61121
62979
66358
52518
53265
53276
55639
57118
59545
35411
35414
35591
35774
37425
39237
39823
40275
40845
41006
43192
43441
81324
83361
83441
83555
85164
84111
29249
29293
29471
29972
30454
32431
32573
32974
33077
33117
33152
33172
33181
33187
78935
79545
44090
49037
50450
50486
50788
51364
323
16239
17539
17691
18775
18957
19275
21339
35834
40735
41422
43049
43526
51687
55690
56729
56032
67940
78983
79524
81993
85377
27219
27529
30160
30201
30202
30487
31474
32219
32518
32595
32781
32799
33199
33221
33259
33920
34631
43904
46085
48803
49972
51526
34908
35147
35155
35422
37281
38289
39482
39962
40871
40980
63936
18539
22356
25857
26062
17734
18027
18125
22891
25687
25852
28962
29299
29437
29509
29821
30180
31860
32420
32526
32836
33103
33150
33216
33235
34602
34842
72445
79743
11595
12035
12215
13410
16355
17341
52414
83731
85181
85615
61478
45032
45034
47512
50852
35176
35244
35351
41046
41117
41661
43055
34916
34934
35407
35872
41695
41713
42981
43347
54220
56496
72328
78616
22760
23097
24439
24583
25822
29305
30482
31920
31923
32072
32448
32769
32806
32814
32890
33059
33168
12054
12326
14503
15093
17663
43845
46537
49240
49270
49744
50182
50632
50744
51119
82442
84821
60439
64947
60655
63048
66288
29446
29531
30178
30222
31465
31477
31502
32084
32167
32224
32242
32265
32349
32537
32772
33031
33075
33088
33270
33305
69835
74359
78246
79093
35098
39372
39800
43252
52108
56008
18184
18515
18949
19125
24127
26366
26535
82684
2048
2049
12157
14353
14616
15665
44485
48330
50109
50225
44131
44295
44342
46572
46611
48795
50206
50789
52992
54325
56548
56838
57791
58292
69179
70474
73262
60616
62329
65739
28219
29317
29379
29425
30181
30200
31847
31864
31929
32165
32187
32283
32333
32784
32989
33010
33016
33070
33179
33228
33253
33284
33860
34658
35056
35213
35409
38779
38806
38837
39321
40893
11976
15354
17489
17950
18924
20973
80812
81473
82135
85333
29262
29284
30148
30190
31096
31139
31357
32199
32345
32508
32593
32828
32852
32892
32915
32930
33089
33281
79382
52160
52215
57669
57927
59919
61008
61410
63721
17788
18601
19959
25195
35139
38383
39027
12440
14274
14963
17275
11634
12161
12210
12307
14815
15150
15482
15792
53238
54896
56541
58455
58808
59230
26699
29300
30901
31209
31277
32752
32862
32991
33038
33184
33314
33329
43734
43898
48049
48217
48529
48562
80243
82811
34980
35086
40378
41057
41452
42531
59963
60771
62080
64410
65183
22659
25841
18730
18948
18954
20109
25391
26180
43902
49595
51391
27503
29283
29465
31141
32142
32757
32921
32944
32956
33129
33165
33233
33242
33312
33335
34310
11501
12134
14941
15092
15386
15695
16583
52922
75325
79961
80870
82914
83878
85506
85676
34965
34999
43581
36590
38277
40856
42765
26776
29294
30219
30494
30550
30976
32044
32080
32169
32527
32565
32798
32816
32844
32876
32882
32894
33137
17879
18582
43958
44521
50256
11552
14805
16577
16580
84193
84500
85767
85834
61584
64119
66321
69633
72935
78414
78645
72098
72608
72860
45314
47108
49083
29303
29316
29474
29529
30155
30688
30805
31345
32972
33158
33174
33800
33962
34030
34864
56145
56805
35625
35814
38001
38569
39910
39972
40254
18961
19026
20263
25714
26650
60678
62856
63652
64330
65227
15536
16495
81175
83463
81044
83699
84280
85141
35229
38596
40669
42991
30209
31350
31602
32159
32400
32519
32568
32905
33056
33099
33131
33194
33254
33289
72548
48603
49587
50363
55741
12140
12246
13714
17606
19571
19741
20237
25868
64031
64360
48634
48871
50911
27899
28788
29754
31044
31486
31937
32132
32870
32888
32998
33213
33245
34202
80962
81919
85623
35088
35257
35496
35631
39224
39253
40100
40265
40506
42266
43442
68926
79873
17846
18550
19663
23564
55936
13921
16141
11727
12240
13127
14945
17491
35110
39499
39687
40820
40954
41323
41790
42141
26710
29258
29319
30068
30182
30204
31294
31499
31598
31989
32582
32773
32797
33047
33083
33133
33182
33207
33217
33247
33296
33316
33960
64597
44026
47121
47164
47343
49519
50169
50622
51257
82843
51888
53485
56752
58872
72435
74528
74675
75254
17709
17951
20352
21343
22397
25421
18105
18391
19689
19709
21701
22956
25969
26612
43990
44484
46175
47856
48063
49290
50558
29214
29260
29309
30169
30171
30712
30775
32576
32809
32914
32959
33145
33229
34630
11718
15687
15693
17213
35120
35231
35341
35921
35931
39352
41178
41752
41861
43532
60487
61158
61763
66061
67207
77985
79732
80274
81688
81838
83138
52178
55510
55527
56770
57111
53699
55768
57760
34974
35329
37419
37580
39258
40532
43322
29282
29518
30157
30183
31001
31483
31629
32497
32796
32840
33209
17724
19681
23929
47519
16331
17100
82061
62343
66763
74793
77459
79038
68209
70681
72370
46785
48145
48805
51323
51577
27390
29259
29263
29291
29492
29526
29872
30139
30195
31473
31824
31933
32163
32203
32373
32499
32569
32762
33111
33143
33147
33303
33315
33694
34817
52210
52937
56816
57845
36079
38841
39539
40018
40736
41465
41953
42084
42732
43271
20428
21972
22034
22370
22475
66377
11509
11723
11871
12245
12334
13076
15802
15988
85284
81423
84075
84262
35168
39744
40361
42811
29304
29382
29450
31166
31611
32099
32425
32557
32833
32952
33200
33204
33211
33219
33292
69398
77237
45898
56335
56601
11763
14333
15036
15177
15651
15951
15986
16553
18324
18553
21561
21640
25565
59855
62375
62538
60501
61259
64415
65485
46644
47448
50458
27498
29514
29835
29947
31164
32287
32456
32838
32861
32863
32945
33013
33028
33091
33282
33434
34858
85522
35171
37431
40263
41712
72846
75376
18409
18560
20019
20180
21930
52476
52514
54678
59605
12172
12280
12941
14829
16387
11684
13487
13849
15673
35507
35541
41780
41951
29255
29455
29978
30176
30806
31767
32124
32295
32549
32550
32801
33046
34599
34855
62940
64215
65843
43786
44660
45074
47193
47337
47438
80798
83608
85457
51875
53848
54814
55533
58651
19647
19677
21220
18962
24415
44775
46415
46856
48185
51022
29466
31126
31859
32534
32811
33009
33054
33287
33319
34128
34831
13642
15129
15476
16070
34986
35523
39929
40724
43429
59928
62560
63047
51681
54815
55941
56392
57454
81985
82410
83244
36071
39760
42656
29313
29463
29682
30175
30184
30572
32060
32195
32391
32758
32770
32846
32887
33107
33109
33142
34367
22263
25925
44770
48673
12866
13287
13596
14943
15720
16559
16832
17135
52768
54938
56253
59190
79140
61037
65743
64179
65655
45584
51615
29198
29257
29266
29281
29288
29295
29296
30146
32521
32971
32978
34793
35639
39300
41295
18217
18762
19799
21255
25914
26418
75235
77512
79067
79646
324
11370
13462
16381
16565
17322
53483
53571
59466
53042
55327
55568
56870
59349
35237
35510
36781
39778
40082
40853
41085
48143
48377
80483
82858
84050
84769
61225
65683
65777
29276
29458
30141
30764
30857
31806
32040
32476
32786
33203
33215
33231
33250
33261
1662
12057
12711
14798
15380
15591
16274
17946
18447
25407
68313
74559
78860
79470
68791
71549
71800
76963
77544
59676
59726
64248
64727
43932
50514
52688
57143
59359
35008
35253
39009
40675
40989
42168
43392
81490
17748
18255
18667
21175
21777
29280
29286
29311
30442
30591
32076
32189
32855
32877
32896
32922
32929
32968
33021
33076
33140
33161
33222
33239
34546
34719
1661
12066
12076
14828
16538
11631
11647
13224
13718
14401
15709
15864
16316
16704
35994
36832
41263
42399
43045
47632
48297
49033
49991
50022
75427
75883
77751
52411
53771
56144
27398
29253
29302
30150
30174
30197
31636
32000
32599
32755
32761
32994
33007
33041
33115
33121
33279
81384
81888
18966
26141
18420
18943
73235
35376
35943
40821
42134
42741
42970
43234
11982
15955
16574
16950
16986
60486
60815
65405
67036
67820
47550
48435
50595
51328
80705
80838
84508
85887
55849
26801
29273
29385
29946
30681
30994
32775
32874
32932
33086
33094
33232
33255
33269
33274
33340
27384
27780
29271
29470
29473
30057
30140
30622
31045
31492
32157
32452
32555
32572
32823
32881
32961
33032
33035
33310
34502
34663
60393
35430
35431
36601
42248
17760
17906
18503
18761
18955
19384
20137
25643
74044
79704
13820
15255
15822
16568
17522
55710
56295
58706
45154
46140
47257
80807
80813
80833
80843
80845
80861
80863
80873
80874
80876
80881
80883
80884
80885
80894
80895
80896
80925
80926
80930
80938
80939
80940
80951
80956
80958
80963
80964
80965
80972
80979
80980
80982
80997
80999
81026
81029
81037
81038
81046
81048
81052
81055
81066
81085
81090
81091
81098
81099
81101
81110
81112
81117
81125
81142
81182
81218
81616
83888
80736
85643
79110
35249
37063
37654
42820
29254
29308
29525
30168
31414
32035
32567
33258
33331
33637
60629
67243
21441
24418
26520
43827
47238
50962
51237
697
11650
13413
15890
16887
55023
56532
56679
59526
52752
53419
54757
60956
66601
35532
37962
39142
39691
40308
42330
43291
83370
85162
72947
29523
29718
30166
30529
31286
31712
32777
32831
32935
32946
33049
33052
33116
33120
33166
33271
12768
13087
14143
14631
17068
17587
18819
18951
18959
22908
23057
25242
25401
44829
46951
43711
45234
45249
49760
50768
51062
51210
51348
75514
77522
78727
35116
39669
40759
43121
53426
57431
57782
60661
61968
63417
82696
17800
18947
18950
19812
21598
24404
29956
30710
31905
31971
32851
32931
33113
33192
33198
33202
13600
17273
14602
60573
61199
66540
41032
41149
41211
41808
42294
43328
43647
43916
43980
45543
46519
47244
47281
51251
68119
75266
79337
59064
29278
29297
29408
30965
31065
32765
32841
32969
33006
33029
33350
81310
81557
18942
18960
19900
17822
18892
25107
25158
26015
69139
69485
74589
36050
36747
39975
41322
1660
16125
59793
60618
61142
49841
51566
83281
57214
58819
27805
28424
29279
29315
29478
30142
30224
30943
31922
32512
32795
32875
32966
33246
33308
34760
26867
27057
29274
30170
31231
33227
33304
33327
60053
41332
42311
18945
18952
18965
20434
23355
78403
11867
12411
13433
16243
17175
17632
53003
57055
57261
43740
44527
45616
47919
48442
51272
81256
81941
83635
81400
68212
69308
74628
78397
78733
37742
37769
38478
39860
40946
43321
29307
29479
31121
31165
31390
32120
32571
32810
32822
32913
33175
33309
17716
18431
18944
18963
25457
26549
46465
47336
49842
11765
13810
13887
14851
15279
15766
16323
17641
53101
57161
59240
27359
29261
29476
30143
32528
32747
32778
33078
33095
33155
34396
72520
78067
78771
35219
38690
39322
40466
18253
18953
25345
45364
46692
48620
49178
50292
50927
51351
44137
70859
53429
80917
80922
80927
80977
81097
83644
60683
65110
67146
27226
29301
29488
30835
31034
31845
32868
32933
34785
18075
18316
18475
19662
19826
25288
26617
11678
12115
12520
35081
35152
39588
42591
36534
38122
67408
53321
54993
59528
47354
49977
51117
79117
82928
84476
85940
16088
17217
17462
29306
29310
32021
32462
32587
32854
32886
33055
33141
33170
33220
33257
34637
18091
19051
20044
24300
25343
25883
17714
18355
18570
18635
18866
18946
18958
21924
24980
24981
71616
77139
51842
52893
53904
59610
35199
40773
41968
42129
62159
65198
66964
43839
47645
48608
50434
51217
29285
30675
31237
31679
32317
32618
32753
32867
32879
33066
33260
80875
80937
84548
290
12081
15814
11953
12270
16916
17181
61314
63751
64986
53582
18218
18281
20024
25471
77546
37123
40907
40973
41517
42538
42761
83880
45811
46796
47579
47659
49015
49901
29248
29314
30206
32089
32866
32901
32948
29272
29287
30173
30849
32928
32942
33060
33149
33177
34846
68620
75749
51771
52580
52991
53051
291
12217
14156
16422
18249
18445
21979
23069
26302
44175
44427
46044
50653
35092
40196
41818
82920
83981
84968
85527
82788
17510
17613
17677
17694
72945
26805
29290
29298
30159
30179
31599
32764
32834
33008
63137
63714
66354
53119
53958
55689
57490
36545
38791
40408
40995
18436
19152
21813
22209
23003
24375
24470
24631
25430
44700
45404
45929
46246
48199
48926
49910
46247
48061
63041
63219
73043
83924
15356
17451
27054
29268
29535
29901
31883
31907
32760
32940
33014
33072
33105
33210
25656
26229
53351
59124
38017
41019
39841
41014
43213
12540
13129
13169
15572
17435
74615
74645
47300
47583
47667
48538
85507
53680
54696
30801
30984
31605
31880
32161
32847
32871
33020
18876
19267
19469
19553
26267
26620
43946
44311
46352
46583
47291
48323
50600
51206
11924
15183
15915
39877
41044
60282
64133
67790
74777
29292
30756
31601
32408
32825
33037
33090
33114
82009
82689
83647
84718
85035
55148
55634
56109
55666
59154
64296
325
1659
11462
12605
12777
15609
18449
18564
19158
19591
21159
25281
26425
45067
46242
46890
47539
49958
40398
41065
41320
41494
81020
81390
81791
81833
69080
77647
79162
29256
31780
32751
32885
30522
30644
31979
32926
33197
34769
43611
43787
46932
49867
50051
11630
11968
15853
53697
53815
56135
62149
64715
18337
68522
75000
75751
34992
35128
35539
35595
35688
36501
38393
39058
42098
43277
85364
81327
81745
83184
83683
60530
62663
15750
29269
29610
31066
31846
32105
32800
32873
43726
44636
44731
44765
44956
46235
46898
48672
51853
53048
58735
39248
39402
39886
40235
40447
42339
18080
18159
18242
18956
19257
19288
22657
23282
23511
24317
25831
75273
77794
79433
43709
49866
50337
50652
51064
292
698
699
12632
13327
15305
16163
81749
85003
63597
64471
29265
29451
29562
30551
30897
32793
33125
33148
33323
17763
17792
25717
53731
54395
36692
40606
42742
42848
35277
35772
37658
39647
39914
41903
63868
55
293
1930
1931
1948
1949
2014
2015
2052
2053
11491
12546
69696
72726
79134
45982
50926
50932
51211
81559
81864
84171
53723
29506
29670
30541
32937
33191
25149
26166
26303
44605
45693
46173
48522
294
11922
12970
13305
13448
36656
60455
63361
78899
29688
30983
31241
31457
31827
80678
81699
52134
52550
58191
59229
53037
53566
11868
13320
17474
18660
18964
19200
19411
22168
45569
46385
46550
48105
50839
50884
35718
40013
41680
41683
42122
42491
43580
82271
84898
72410
78826
27113
29289
31077
31882
32750
32849
32920
33012
33214
33248
27438
29410
30656
32813
32864
32951
44179
45943
46069
12456
61299
61447
61501
62453
63709
63917
66480
54603
56571
57641
58988
17740
18112
19703
22924
23909
25730
25862
74084
79454
79567
40866
40897
38134
39578
41813
42093
43094
1663
12058
12725
15245
15292
15548
15701
16010
16505
17066
17437
17482
28463
28485
29252
31055
31782
32275
33164
33667
45235
45506
45653
47927
48317
48727
49480
50817
61026
65765
67437
68203
72641
17943
19447
19725
22220
24659
82929
84585
84917
85483
84307
44651
45011
45050
50745
12909
54823
56767
35642
39513
40552
41605
41764
42213
27956
28985
30973
31377
32837
32983
18179
18527
22391
22980
23126
23344
59909
61425
68068
68215
68216
79090
70818
77143
80108
36652
38079
14412
15193
17044
82209
82926
46230
47902
55507
61126
30149
31591
33080
33092
33126
19085
24844
25449
25248
45733
47669
47907
48174
295
13222
13903
14419
16241
16822
70075
39635
41150
84324
84844
30753
31725
58022
65061
60488
63333
38151
39313
40937
40959
42907
43562
11378
11883
13026
13483
13674
15831
17651
18072
18851
44510
44724
69041
56978
58700
85118
31196
31834
32520
33036
33151
34725
28260
29277
29842
30579
32903
34203
34419
34604
47683
47752
14761
17294
17590
63925
40895
41553
42445
42881
17930
19088
24400
26148
68525
70831
79750
55653
57285
52637
53895
35064
37684
37825
42184
43420
12273
13581
15048
17470
17688
31674
32794
33061
45565
47207
50193
67731
70290
74078
75012
85451
23128
24431
17864
18069
18209
18565
25727
43628
45624
46023
46062
51035
51460
14232
14692
15018
16032
17211
52223
59043
59439
39872
40578
43162
27000
29510
33914
82289
82662
85323
64367
64451
70092
73004
37284
38120
40631
42190
43043
43136
11996
12018
12063
12715
15408
15500
15514
16601
45372
48769
49605
50082
50982
51610
57862
31113
33025
33063
81508
81768
82090
82907
82959
44656
45830
45872
48020
50503
38396
40218
18874
25150
12171
12396
13144
14813
15114
15249
60048
66122
66673
62409
66858
18521
19751
24612
26300
44152
45711
46401
48959
50038
81140
83179
74230
40710
40925
42764
11830
12631
14329
15426
15711
16365
17617
27511
30995
33100
33159
34488
52194
53262
57444
54270
55004
56593
78804
43695
43923
44298
44768
45019
49020
63772
66345
18597
22166
22920
26080
37999
40190
42234
42503
11553
12011
12802
13317
13431
14063
16946
59668
66992
43671
44850
51293
52206
52473
77370
81413
81784
82429
85177
41168
42676
31662
18584
18596
19271
19094
22062
22336
71055
79207
47688
50419
51246
51269
51309
11918
16177
63584
65758
52742
56084
57065
58825
31504
33789
81228
40945
41756
37102
37282
62937
43903
45782
45934
46009
47755
50496
17780
18463
22800
24552
77272
77716
11629
11633
11829
12236
12756
14982
15809
82285
83475
57437
59393
26834
28806
33224
27541
31078
31178
74625
78670
44955
50475
50990
35039
37370
40571
43081
43559
59950
61073
61939
18646
22547
24286
54958
296
11661
12216
15306
80862
81602
83207
83642
81549
60019
63193
65540
43703
45950
46916
47693
48308
50599
30583
30794
34496
40432
40491
41867
11648
12229
15348
18232
18382
18799
24441
55388
58332
58853
56287
60508
62784
49554
50166
50553
38024
39004
40193
40465
40625
42440
11882
12514
14385
12528
14884
28276
81316
82730
85145
75354
78990
79121
53292
56292
38426
40615
18222
18396
19332
20086
24527
47294
49200
49589
51162
43889
44199
44962
47046
50886
78980
79456
30792
30870
60457
61333
61677
11767
12386
16724
85533
18815
18843
22929
25732
51758
52462
53011
56307
15392
16271
29419
30639
31246
44606
46536
46797
47884
48755
50793
68725
69450
70417
72756
79624
64920
18852
21503
22444
84422
85315
39257
39562
39664
40788
39681
39683
40119
40678
77399
26847
30291
30614
30988
51692
59453
1226
12036
13461
13925
16075
16286
44279
44493
49180
50996
81690
85248
64689
67697
23833
17927
18130
18811
18844
19980
21051
21377
25114
25720
12374
15874
16066
27795
27814
30587
35360
39440
39716
68870
73524
75308
63648
44335
45579
48158
49685
50401
51360
81309
83834
80795
83098
83734
84023
85452
36837
39598
40891
41251
41963
31016
31214
31484
31543
31836
34268
18932
19362
11537
15616
15744
16363
58776
46331
63444
60212
62332
64310
929
11778
13527
15845
30833
80757
81672
39161
40715
41687
17899
18190
25216
46182
46445
46750
47329
48760
50457
50522
50759
69537
72323
74348
78147
56302
56061
36930
42466
42673
29418
29608
31018
34190
63139
297
11729
11814
12004
12424
14912
84865
84942
69310
78745
78849
17967
18432
21563
44732
46033
46463
43697
43979
45669
45904
34123
52523
53433
53855
54568
56282
58645
38081
40009
40799
61617
63842
66650
19837
81908
83621
85240
85915
69834
71680
73901
74493
35111
38021
39294
39436
39478
39519
41093
41763
28330
30733
30821
31526
31644
31647
14840
15923
17042
17563
17642
50025
55415
55740
56398
56740
59196
81001
81782
59633
59764
62263
65734
18477
19119
20678
20704
18246
19518
46292
46832
48486
48967
49486
29333
30368
69726
79700
36540
40096
42502
43553
11533
14648
60242
60919
54635
57571
81515
81693
81947
35024
39802
41095
42052
43184
17795
24853
46409
48535
49008
50066
69201
74585
11458
11581
11680
13545
16535
17409
62834
62981
66766
64944
45042
45927
46623
50504
50811
37394
40791
42140
30737
30966
81761
82990
83126
83863
85438
18014
24393
11837
12582
14397
15502
52212
52548
52102
56992
81747
39954
41267
41410
41654
42340
44173
29421
30392
11870
12151
12695
15179
15992
18689
18718
18972
24457
26070
69075
70661
70471
70770
79285
44650
47795
81394
81488
81498
59639
53097
54467
56545
39516
18054
19772
19895
25326
25815
29690
30467
30904
30930
12220
13425
16460
17072
12110
12162
12413
16285
56629
85559
68739
70797
76131
77816
44379
46096
47570
47695
50415
59990
67689
29545
30742
31071
39170
40983
42334
42631
17756
17790
18773
18989
19138
19376
26462
44995
45476
50973
80375
81084
81492
85875
11790
11880
14483
15944
52828
54579
55665
72997
79458
35252
38174
42368
31446
31833
31193
31736
52286
54671
56286
56484
18266
18926
19089
20334
26345
46479
48953
50933
700
11902
13638
15679
40010
73872
46255
49981
50326
51494
52220
54135
55298
55887
80743
81758
31393
32686
33835
17753
18356
23386
23838
24409
38927
41866
61386
65312
11875
12664
14225
15746
298
701
702
703
12855
13654
30755
31259
31544
31634
31828
55553
55735
57319
57427
43872
45514
48507
48841
81697
83248
17806
37752
41972
36397
39523
40169
40221
42968
44337
45331
46555
48332
48467
50372
31798
11447
13512
15560
52166
53761
54207
18741
19162
19449
66245
81397
81519
82292
82591
84059
81646
326
13234
15086
15098
15522
17518
17547
47588
71741
74691
79396
79432
79502
37731
39470
40199
40477
40509
40913
30783
53114
18274
18394
18557
19156
25747
26492
26600
17896
26433
41777
42049
42223
44352
45457
46954
50662
51218
81396
81748
85401
327
12925
16062
17683
74915
56138
57742
28629
29335
30548
30749
31471
30602
30855
1668
11797
44252
45572
17884
18268
38256
38701
40805
43264
81024
81028
81120
81160
84274
85239
59319
65503
76607
76857
77187
79954
72662
78551
37085
39560
39632
40156
41670
42779
47999
51273
30836
31443
1664
11738
13479
15542
20087
25327
26310
18167
1667
11627
11863
12661
13020
15146
16453
43630
46668
46706
51378
71058
74813
40392
42404
27079
30789
30818
34122
60126
81594
81662
85086
51980
53303
59138
53969
38466
49942
50348
51379
18315
22174
26286
299
1665
1666
13182
14682
15907
16764
81404
81503
81685
82636
30637
30899
31503
32684
18198
18276
50524
54687
36999
38297
38882
40128
40965
69360
73880
81497
81520
81618
83310
14595
704
705
706
707
708
709
1669
1670
1672
1673
1674
1675
1676
1677
1678
1679
1680
1681
1682
1683
1684
1685
1686
1687
1688
1689
1958
1959
2024
2025
11499
12192
12301
13053
14979
15173
35719
39318
41668
41971
43479
44643
46347
50432
27466
29244
30521
30535
30766
31731
31793
18655
19372
19760
22795
52321
53772
58142
58391
59555
80331
81405
81424
81450
81509
81579
81706
82161
83918
84033
84266
84708
85347
85812
68103
73644
79648
61844
64545
64711
64972
65826
66852
61792
63050
67652
18041
18104
18777
24396
47825
50245
51201
12359
13852
15663
39713
41475
41802
30618
30659
31084
31779
68991
69152
73389
77268
77280
52646
52862
54430
55354
56984
81385
81421
81438
81703
36493
42309
43148
46362
17862
17981
21236
25877
14108
15160
53228
56980
57345
33837
77874
69241
18545
19036
21196
35959
39267
40737
81717
83145
45721
48765
50308
30686
31189
33223
33821
1309
12400
11728
12380
13506
16575
82295
17859
17897
18221
23366
23463
26355
59767
72399
72647
76955
79176
79722
34961
41008
41083
43512
31341
31825
34671
34825
43610
45589
46853
47326
47358
47405
47474
52843
56215
51905
53591
55584
68965
69596
78873
20009
21007
25628
12876
15287
15979
16188
17633
81186
83595
61880
46493
36057
40165
42568
43269
30831
27391
30461
30542
30676
31458
32675
18034
18294
21109
25159
25677
74000
11693
14690
41350
44016
44608
46966
47218
49653
49785
79723
30485
18173
19435
21421
25770
36547
39879
40872
43172
43376
61671
66448
13212
14969
712
15508
31328
31329
44164
44730
45748
46309
46338
50029
51672
53789
56187
60646
17910
17911
19265
25495
34901
35310
39019
40446
42133
43419
38682
38930
39522
43248
44469
45389
30636
31274
14686
14860
15210
16034
17417
17682
18552
18766
20040
53581
56308
63886
67564
66515
30925
39414
39998
43571
84906
78317
78354
79615
55643
11736
11846
16013
17803
23010
18100
18465
18642
18720
19308
23395
24386
30490
30912
31580
31774
32664
47431
37657
38576
39639
42795
43535
11811
15526
52211
53073
56122
56674
44757
45847
46370
46456
46981
21091
83504
83686
85065
65118
30810
31379
33372
11690
11969
12062
13699
13748
14509
39145
39775
41116
42089
38315
41988
19806
51777
52203
52889
56875
44051
46152
46825
82977
84495
85277
85504
12069
16000
16171
16933
30782
31250
31533
27179
27567
30538
30998
31195
50986
17882
18665
22141
63312
39854
40599
42887
56193
17279
17438
17496
84536
82797
83331
35650
40556
18043
18051
18429
18686
18842
31359
31411
33196
33521
34539
47320
11486
11850
14192
16044
69404
77867
53528
54087
55770
56015
56431
55020
29689
33820
17844
18066
20162
21823
21841
39375
39774
39835
41958
43202
60261
61563
62536
50663
11844
12719
16107
11958
40073
40828
42200
85099
51815
52741
53290
53544
54103
18044
19241
46688
48369
49216
50782
59692
62264
55804
38775
42275
31573
710
11651
12146
14167
73546
77893
78931
22648
26500
17876
18455
26363
31040
31060
31380
33948
34499
38840
39851
39911
40232
40558
42699
42972
43372
63878
57807
78717
48712
11933
12402
15419
16277
17314
12143
12346
12368
17386
17680
41316
42758
84000
44618
52360
53516
55502
78749
68646
37222
42088
18416
18994
19563
29429
30233
11786
11986
12452
12915
15400
17339
58111
45129
48343
28751
28847
31083
33743
37060
39421
40318
66960
18035
18458
18546
19220
57895
59198
83615
84359
13155
15724
17571
13870
14321
60497
61770
28838
28861
31838
33815
43944
51501
77024
40683
42485
18212
18408
18753
51876
55349
68030
12186
12293
16185
16376
60418
60869
60902
62463
65266
46778
48365
17809
21819
22103
22640
25143
82884
83178
38617
41881
39613
39721
42221
43423
43528
62510
63930
68570
27785
31167
54237
57236
11350
11777
12634
16727
17455
84466
47377
49795
18361
25239
18411
55426
69820
76096
39549
42078
42241
43520
29438
31453
49664
11609
11838
15198
81989
37681
39077
39591
39705
39785
42681
43023
57242
19258
25926
15078
16721
26851
44479
46420
48206
49649
49689
44213
46766
48631
56504
84955
69227
76534
33905
18206
19291
19334
21885
22090
26283
18734
18784
85544
43728
45360
45386
46775
49001
43025
59631
31657
31797
34628
74311
11801
12127
17596
11782
13164
40742
41212
48679
48740
50346
19708
22619
51691
68729
28419
30856
31117
33857
34299
34389
28890
30916
34479
18387
18547
18902
19090
26409
39302
39495
41535
41980
14446
84878
85294
43822
44646
78735
79152
60742
60910
61397
67765
63781
85055
85531
40239
40727
42636
19633
20710
15135
75346
79208
47430
47485
50958
47504
17843
18124
18538
19054
22176
26410
83627
84322
29546
39552
43558
711
11507
11635
12340
12538
52686
59255
31445
31645
18070
26069
45602
49099
49225
49858
50339
51344
60990
61841
85155
67951
74076
78581
35953
38207
39829
39917
40260
40655
41245
41302
39657
40600
40695
40781
40852
18517
56021
28264
30385
31285
31476
49641
77926
11776
14929
15742
81940
85552
31842
18509
39103
39457
40323
43296
14165
14264
44066
76883
77403
74054
74411
18219
25762
30477
30884
60326
64897
67718
81886
82711
51716
47447
39452
40574
42276
43387
43413
14774
16512
12218
12228
13880
17698
83891
85070
27606
28886
30516
77064
17762
22140
25394
37890
39768
40321
41214
48461
50315
44402
44545
48878
49861
50851
69739
11881
12075
13099
82867
38601
18558
18594
23416
23569
22944
25982
12064
13559
14653
14811
17377
73887
73992
27289
27526
31109
48940
49030
49116
49693
61146
63662
39864
41576
51818
53479
56856
44011
46012
46393
46459
48504
70577
22977
15366
15818
29339
34575
37760
40484
40526
42391
42691
43070
82070
83571
12207
15156
16411
78586
79825
54861
46336
46840
17984
19249
21165
37898
41244
41921
41939
61905
30797
31353
27235
31819
34376
43721
74142
76892
11792
12032
13220
13267
59834
17942
18106
20046
36181
39005
40324
42323
43497
36711
38147
40629
74759
44759
47174
80316
17886
19431
22342
24350
24870
25866
13166
15321
16745
12023
14258
14670
16254
45313
50491
69486
70700
77393
77653
79436
79970
38145
39704
40449
41711
26711
29322
31073
31331
33922
52906
19078
82631
30475
31085
31099
31540
31723
69141
12145
12404
17572
43794
44857
45418
45987
49420
19128
23351
52836
53012
55685
56323
59264
11677
67964
77946
27244
30861
17939
18739
18805
45194
48339
51054
63037
64759
66155
78399
13250
14666
16191
81441
81915
52094
36064
40761
43362
44017
45225
46598
29039
30608
33836
17785
18339
18363
18690
18737
25507
26443
713
11704
14904
59852
68484
77067
77073
78059
27726
30709
31108
38367
42731
43411
49118
43651
50976
11508
12267
12492
12716
13743
52885
55913
18831
19537
26599
39094
42812
26837
27156
33693
26737
29247
714
11826
12012
15640
16101
59931
63280
44332
46802
47386
40541
40658
40977
42054
42906
24871
18195
20349
22999
52429
53598
81057
41354
74352
78907
53302
53422
60399
15377
16992
29175
29615
30842
17881
21862
25893
40765
42079
82962
84596
44703
50769
50941
51596
45366
46702
48053
31260
60365
62580
65796
66187
74648
75245
85128
85423
26236
26541
41455
42457
43567
38803
39173
30905
31090
44947
45412
48129
11812
12516
14150
15435
18446
18567
19448
26119
81334
82916
44113
45433
42367
66238
30630
30982
31506
33574
22094
73035
15456
16154
16909
17473
49829
81869
52896
53231
54585
56208
35894
43169
26940
29367
18501
18549
18748
26356
25467
52000
53092
46391
51388
15645
17290
83884
68613
77897
39601
40411
41159
42782
328
11750
12077
12328
57457
18275
18534
18624
69340
73878
80186
68397
75973
52060
57717
11831
11937
11983
12139
12148
17173
17440
42056
42191
50162
18368
18593
19175
31283
31509
31810
34731
29323
40023
59938
11519
15185
15677
15725
18351
49514
50058
50515
51300
51427
81439
34080
34802
69838
70274
72881
73875
75246
77699
78395
38742
39709
43919
44763
11529
11555
13373
15582
18017
19083
21962
22122
22473
69781
82401
34551
11852
12136
14316
15689
16913
36464
39485
43518
46857
44996
45603
50466
50921
18233
19632
53572
55054
56557
59874
77338
78933
38825
30304
34823
329
12224
12826
12948
11916
12305
13055
14246
14391
62871
24584
82922
85187
47594
50006
50841
51146
56297
56806
70032
71242
36048
36370
42813
43016
47575
48253
18193
18625
25892
14973
17465
85549
78434
28498
30306
56461
58239
12086
12263
45060
46540
39501
42356
42479
20715
23409
25848
27488
29709
30481
72130
79193
77010
36529
669
14470
15315
17568
57566
46788
31064
33766
80265
17863
17900
25127
25308
26498
17750
17849
18254
18999
21016
51956
57048
38043
38736
43425
43609
63229
85422
46051
51012
26775
30698
30910
31244
33713
30969
34053
41002
41034
41912
54426
55946
77041
18056
18205
18856
19432
25377
25929
26512
11760
13816
14967
48404
63812
82243
81895
17804
26533
36029
37565
39935
41794
42771
70626
78611
62317
65989
67857
11366
11934
12041
13561
15201
17614
46902
47015
39212
39309
40497
43312
80762
28111
30308
31606
31802
55984
19767
12034
16293
68388
60847
64292
65917
67553
59652
65337
51941
58662
43655
45924
47605
50714
37186
43515
43586
29716
31624
34095
34566
77958
18818
24533
25861
12365
16283
14991
15290
15299
17502
42264
52746
56619
57866
85455
59812
47522
49098
50139
17932
18136
18817
22404
26555
30299
30552
30567
30915
31832
33705
73998
79483
78858
11904
16215
40533
40854
47523
48092
17978
19597
21687
25273
11659
12016
69626
51695
58953
62372
45541
51027
34837
35799
36341
36495
41308
69789
18000
19319
21734
26155
11525
11724
12840
13141
84570
46970
47814
46928
51203
51496
77012
79571
59030
43164
18037
18095
18913
19810
22784
26538
66403
26820
30890
31472
33830
31575
35043
38982
43059
43219
11524
11783
13812
16298
16456
46771
54886
59773
61782
85838
17834
18352
19551
17837
18925
26488
46602
50238
38926
40368
79918
29704
31514
33806
34072
14896
15080
15588
82413
66801
59832
38813
41529
17761
17922
18369
18460
18531
23492
46821
49238
80780
715
17540
11663
11702
14951
30528
69101
54215
56159
49889
51601
43669
43847
46154
46394
30808
18028
37142
61108
67903
67922
11932
13157
52502
55898
56293
83077
77093
71967
77726
63006
21191
44375
28804
29705
36524
40354
40839
12010
14614
11775
11998
12234
12427
12782
26815
23763
79428
44243
53188
53446
54621
59050
51816
79868
33890
12252
12704
12964
60534
22828
43746
84824
41613
35984
31304
33908
53553
68412
11645
15398
18592
47345
48039
73434
76372
61391
53707
56017
17907
19754
22743
85833
43861
38314
39855
40404
42384
42953
73932
17858
18430
18680
51822
14416
15424
330
11658
14745
36401
39667
40202
40212
40794
42997
85443
30963
31039
31180
59734
59992
65207
43819
44059
18393
21509
26264
18063
18520
18701
19818
21902
60272
64108
12460
27012
27463
31817
33763
33913
34033
51447
47211
11676
11709
19147
19331
19541
84319
26947
77490
52135
55346
55866
18719
12820
51046
42111
63614
63876
83559
31149
34656
31831
33516
38154
40098
40201
11834
18461
26183
46363
47296
49971
50416
68055
79779
80057
18616
18872
23382
39164
27423
44737
83330
82163
82539
35557
39032
40881
17924
18025
19743
26606
53522
58790
72259
11860
12471
17233
46809
48964
27672
33841
63096
65737
77635
78766
17901
18891
84187
55068
11716
14576
14947
15902
49385
40407
40831
41472
18807
15705
17307
27534
31093
31220
52056
52492
38437
39281
41373
42026
65658
68568
30301
18576
24436
11640
15722
16146
331
1998
1999
2016
2017
11853
12740
14228
15233
17574
17622
62906
40168
42186
84314
52332
52421
56723
45881
49684
49893
18224
19957
22307
72110
30530
31168
32600
33904
27773
28428
31570
34320
57187
37758
42849
43432
716
717
11493
12025
15327
15889
63561
81317
85425
68682
75320
77884
78471
43641
46126
18696
21281
18265
18313
19716
21471
21499
22294
61075
40454
41586
31089
31110
52656
54310
13590
48027
80713
83058
55462
39423
41721
64729
30862
46072
46279
51425
12260
12285
14699
79790
63959
65168
19573
81245
38937
38968
12061
13893
29242
44694
45784
47048
44585
45858
81402
85341
68575
69754
77449
25873
40094
42482
11416
12128
12167
12311
15358
11749
78790
43802
44102
83578
84980
42663
43128
27791
29229
30875
19379
25644
18216
18736
26458
49645
11605
53181
53197
55949
62204
37479
39366
39370
39740
43592
37838
12262
14939
16145
25057
44391
46651
78992
60230
64508
33795
30444
30768
31275
34263
34806
11503
14618
40061
21994
62548
67671
71425
79402
40906
42462
42978
53431
57914
43727
44169
47245
63234
65296
17872
18562
25286
18711
25166
30615
31755
12226
13624
81363
84714
85439
31522
33725
52945
53858
54563
38944
38948
41833
72416
77008
77832
12994
15084
60207
60200
63462
39517
53484
54022
22480
11683
12323
12888
15022
68440
53221
59530
85580
39135
39383
40312
43346
11669
12289
15064
18213
18865
26583
84885
75326
77141
79584
31496
33847
34653
57420
59108
11639
14606
35071
40879
41873
44486
48080
50730
30574
83971
84432
21155
23212
37635
42543
43240
57628
12615
15068
64840
57561
18199
37720
43485
36549
11563
15913
27415
31194
45486
78335
18832
24432
25087
52250
55214
58392
44014
49244
670
12199
15727
85426
43524
33862
21865
64182
72667
74829
36007
42469
332
671
672
673
674
13498
16503
55730
47226
49874
31235
22483
18632
18670
26507
55171
16203
35282
85570
46232
46507
46671
39569
40688
73211
79080
17766
17964
11804
12203
16529
83507
31489
26784
30980
18289
18653
23495
41018
43683
46630
48998
50950
77411
78270
62495
64298
16482
11791
12149
12952
16445
43838
44047
18936
28988
30510
30830
31101
33669
33801
39923
39930
40036
43005
60305
64386
85444
71403
72823
74053
44456
2083
2084
11808
12179
12287
18342
23112
81237
39153
39660
40164
40962
38797
39328
11445
13022
15275
15729
55540
84488
18896
17894
18810
11523
13814
15862
35053
36695
37832
42874
26788
33768
33770
64399
37596
12497
72557
72910
75228
18144
19371
26095
28341
29622
33798
33832
52926
81314
80869
79062
15782
39489
41045
41296
42932
49715
18406
18921
19050
21301
24963
25698
34555
30944
35633
39678
40047
42928
74603
77360
85811
12713
15204
16056
16314
17992
23342
23461
25246
52967
56096
57293
43751
45670
36883
39675
41107
61870
63736
30705
57023
59235
12001
12577
12868
17195
18185
18403
18211
18310
25707
64455
36785
39182
40244
84192
46985
48806
50902
11845
12458
15106
16064
31663
31527
34439
41009
61059
78932
11923
12158
15981
48788
44167
45519
28387
30495
30740
18076
18215
19194
35432
37226
41765
43218
11929
11957
12072
15259
17343
56636
55724
44221
59729
82303
84207
34127
34788
11876
12212
13311
15108
74621
79220
82503
47626
48613
18456
18473
24528
60805
61610
63335
16077
17268
26755
27308
39638
41627
41132
18283
21708
22951
83502
84406
53327
33868
62898
64356
11862
12007
12662
13204
16004
15297
16228
83660
84338
36345
38679
40304
40969
42477
42493
50623
63820
52827
57741
39672
41652
12398
12462
14604
72665
80209
17890
83822
47603
28820
32613
17725
18127
26261
11662
11886
12159
15570
38488
39177
41237
42784
46005
48874
50381
84045
80395
18389
22324
72296
77721
59637
61731
63958
64368
18727
11900
15996
16345
83546
47467
38957
38964
42841
40381
42364
14557
15697
65076
30845
31176
33664
34626
18350
23525
47909
79419
34090
14132
55069
58585
39644
40136
60428
43624
46849
47739
48994
18114
82870
39582
12257
13230
67986
78137
30852
31841
51970
56013
18178
18923
43664
46639
29334
30770
15804
16099
39311
41205
43127
72182
79074
79246
19346
21520
25733
37153
39149
40033
40602
41681
46199
12542
12857
52708
47434
47741
49494
20399
22707
83349
30065
30917
33958
39920
16982
63747
78225
17913
18425
49303
63737
66254
12094
11878
13841
17610
17631
18931
29703
82500
39259
39391
41726
38129
31146
15556
18271
19106
43791
43826
46725
48996
50424
11809
11848
11925
16272
40522
55565
28418
28470
31160
19486
84034
12083
12170
45051
45648
78265
39821
41109
42009
68351
11770
12731
12898
16119
52910
59265
85121
47496
26557
30779
31561
33732
34096
33802
11742
12974
15058
35555
40107
41827
42845
72912
53022
17989
46123
46957
50971
47415
11739
14953
15691
31202
40494
18603
18679
55431
31537
44056
84813
70445
74594
14696
16179
18415
25740
26572
35305
40630
42030
85904
17908
18366
18542
66243
11851
13796
15144
15216
36735
44818
48643
30554
80728
85905
18373
20960
20091
26592
48169
35550
39217
42490
43557
11505
12341
15602
15899
73560
78200
61746
62035
63837
29243
30685
31525
13807
16321
17861
22718
36693
40664
60225
60711
83933
71518
78702
19019
21420
31815
45953
333
39648
42202
39723
43622
17998
18122
24291
25382
27373
28983
30853
11748
12045
83028
83447
84416
82043
18128
53273
55827
56583
44272
50643
33889
31579
80793
84182
42911
23501
50147
14543
16265
16462
61261
38109
42697
43003
43090
71540
17303
17895
18287
43637
49125
50880
39722
62696
52677
53304
57061
32658
85039
85150
85399
17933
24530
76973
12266
13602
11715
12901
29436
43707
41428
43451
51879
54151
72793
77301
78966
18899
19536
21417
25774
39874
40032
40649
42068
334
15335
43772
44069
45108
47685
51654
55926
12251
12550
21538
62941
37739
42214
48859
80764
71358
64157
12196
12242
12794
14567
57772
33796
21992
84982
38920
49771
29668
30626
11521
11622
11841
60492
39295
41048
42361
17720
19380
23388
80906
82212
83821
14491
14768
27100
31036
33804
51010
52334
55824
17757
18604
60430
42535
38282
39116
45643
48791
12518
72191
77183
29340
31118
56773
51838
44163
38358
38889
41694
335
1950
1951
2054
2055
31228
18311
26035
39655
57762
73758
29659
31296
11443
11840
12579
17664
55531
56313
57912
41693
31081
31487
74404
12762
12800
21251
48067
50846
50977
62616
37236
42101
41959
17887
18421
53995
30668
31043
51313
44149
48896
18157
18724
41530
83477
85415
14001
29328
53505
44057
41314
41385
31143
31612
32611
33724
12247
12291
14965
15104
11623
15094
17668
83619
74126
79757
18300
18346
19289
30536
32739
34287
61835
59988
77388
45860
48296
11741
14989
15311
16231
52187
59617
34393
22566
18071
19082
26666
11730
12085
13576
69731
64562
51551
29692
34151
39992
41906
42770
60151
16731
28193
30621
30891
59758
63411
80411
12506
12798
51058
64828
29138
29330
30780
31323
36712
43190
18631
18927
77800
80004
11914
14985
17982
19496
19617
29552
44027
60810
40849
42207
42473
79443
53005
85343
32640
33767
11518
12315
14630
17649
18752
48079
38728
39218
41111
42775
34898
41099
34784
65407
12584
54758
77524
79996
37567
28643
54534
51449
12674
15131
15734
17955
18010
18384
19735
83752
83812
84221
50878
31567
34498
30945
31333
18115
12907
35426
37542
40052
43568
43619
47530
50972
18375
25083
63276
65689
29324
39814
58205
53465
18910
24384
24843
73904
39944
40729
83646
27165
30848
30986
31258
31014
19095
12092
12271
13712
37190
39120
40370
40722
39377
39473
40179
40420
21459
51514
53907
55065
55187
70873
77730
84380
80880
61578
63710
30865
30934
79746
11535
11603
11865
12464
84978
41079
29663
27982
31076
31534
83376
930
11551
64786
47099
18191
23101
23365
38022
39394
41676
72434
54631
45521
48719
49559
13716
15930
29016
31063
61375
66517
79036
19424
18083
26780
34063
43631
11894
12433
78765
79523
80136
39074
41897
39631
40593
45421
48099
54166
55882
56056
82595
31693
70133
62675
83191
51103
18399
19620
41707
55109
56035
31698
34885
11710
11805
15716
44400
44871
46317
47995
49044
12283
13085
18286
19407
25194
29593
56227
51969
11948
38985
40952
41961
42045
64377
83609
44099
44115
44437
29656
30952
34448
34709
68461
72463
78653
84707
38749
57197
11585
15319
15839
16834
17446
29726
30546
47896
17868
18358
21754
18848
18920
39068
83070
45203
47535
11985
11992
12015
27448
29344
38599
39983
40565
43224
18703
22900
26381
52244
53604
62841
66012
11587
11887
12117
336
12051
74322
63079
60008
12504
38512
42655
18908
18938
46110
41058
56222
30919
11909
13692
14226
17909
18230
27150
37000
37283
43024
60084
55081
56837
11889
15764
16193
72486
30800
30907
34225
17902
18619
18885
50924
12350
84555
55403
18021
18273
19968
24454
30232
30993
34795
37088
81315
51397
13091
13628
11703
12047
30724
31423
32683
33839
52581
52680
65156
71940
17869
18204
18659
46628
40596
42745
37096
38434
41363
59131
11751
12788
16296
28250
18745
19048
19440
85137
85043
11618
12237
57700
44853
51524
30956
34068
31830
11825
39285
41227
42411
43171
61629
65017
67912
67915
18801
19861
21090
32607
34346
69119
82272
83500
85828
26724
31312
31955
18090
1284
53156
58596
18371
18439
83100
40993
72062
31132
31694
1251
16058
43803
50863
67945
72372
79466
80351
55273
56225
35192
39003
43405
36603
37055
37983
38200
43396
57636
77129
77348
50707
17892
12862
29713
31124
28210
33849
43865
40215
42212
11657
11788
12522
22556
22636
67908
67918
31811
57536
17917
37833
39808
41202
42847
12022
11896
12919
15446
30633
34133
74680
44696
82132
35828
39251
41435
19593
22739
17833
18160
47413
29337
33686
72527
39437
40680
40646
40949
30967
31091
31649
17918
25466
13614
44043
45244
47314
74238
56960
83735
85362
12126
30829
41844
18743
48033
74309
76969
78629
12116
12643
13539
33843
19079
19990
22139
22355
18554
35553
35554
43527
28977
34675
44560
44591
18452
723
60916
62807
82095
67988
78501
79092
31025
32674
36220
40029
42422
40192
40782
84191
85857
11510
18918
22961
64198
30803
31019
34515
52240
77826
68109
71392
77376
78729
18085
18145
51073
40887
11611
11685
64284
33376
29230
30923
32672
17954
17971
18909
24223
81881
59085
55890
58533
21276
29653
31054
34554
38913
40938
42685
45430
50774
81808
81813
36027
39515
18344
21431
21470
21480
26575
56196
79287
30556
12211
12176
18386
18589
26441
37062
39210
65311
17935
18074
12883
84189
58274
36951
43208
46159
17938
18227
18914
23486
26527
11816
13759
14561
40450
30896
17945
18147
46553
46587
48132
36081
39195
41133
12074
12892
17616
25908
29331
32403
39587
40827
56039
60717
11869
12090
16221
43853
49863
26773
31849
33728
34228
22535
81403
79019
43731
41397
42318
15496
13188
17543
18377
63856
58303
43784
44132
46915
47298
81889
83542
32405
32407
32409
22770
71851
72461
34933
38994
41582
41785
39846
44365
47302
47429
12729
63332
67739
84981
55379
18813
18372
18647
18774
32650
33734
36241
40681
41337
42305
1960
1961
2026
2027
2064
2065
12060
15604
17509
68508
79376
40826
42218
22204
67497
31850
11666
85053
18064
25186
11719
11856
12536
12660
15004
12882
37851
41151
42325
44549
51368
67531
62498
47297
11691
73674
36238
38243
39508
41869
22097
30881
34843
33896
75263
47247
49243
13081
14931
17699
11655
11960
12764
31775
34508
71971
18438
18484
40143
41741
42792
29184
17488
74029
75462
35579
36982
12177
53207
56415
18197
18698
19213
24674
50083
29691
29712
31299
59144
39455
40745
15006
46288
46694
49132
78892
84481
61151
65479
17915
17921
18143
19808
35748
35900
39038
40560
42085
41239
70222
73874
77071
78896
1263
11692
15998
47983
49223
17877
18757
21912
23091
24549
18340
24957
16401
73669
63796
63964
38988
39545
40714
82266
43667
45601
55582
56137
55345
37691
41223
18448
1287
15253
44764
34462
80721
82886
25654
74444
59962
27210
30974
11877
11955
12552
15230
12355
70478
34888
18543
18583
18713
19650
29649
34276
27389
29146
11673
11706
12103
17592
52733
58101
18053
18285
21815
60603
67484
26952
83060
41131
17993
17994
18781
21535
25690
11764
11807
12156
13046
73838
73929
42512
51964
44296
47682
11789
12931
39141
47464
84465
29639
30230
31069
17715
17919
18569
18641
52968
34937
36062
65979
71793
72639
52810
31255
31840
17979
18367
25250
12602
17555
11779
12132
13763
15474
77643
49274
30650
30942
34405
31079
73430
11891
12021
38424
38494
38910
18013
18687
17926
23688
29378
30929
84025
38621
47069
34264
11688
13110
18277
20229
21215
81944
82748
84198
45588
56089
58591
30847
33781
21721
17891
18068
21917
55835
56882
84828
11978
44414
50642
40771
37847
40220
12275
18628
18838
84452
44735
51284
60929
33356
21729
22043
36717
39236
39404
40292
40303
40568
12255
82053
83858
51417
47802
38294
38349
40473
41279
41644
42492
33879
55072
18453
20239
12055
14005
14229
12193
13208
16435
17151
39908
41126
47513
18772
61658
83129
40336
41580
12227
29580
30866
18464
23562
82726
85895
47356
50207
724
73534
83849
30628
31128
67206
17702
55971
17956
17965
18390
18883
39127
40825
18158
15472
45877
47361
60325
27779
27835
68840
73725
74344
35404
35977
18454
18321
18678
25858
39189
45920
59964
61941
63805
19244
12871
74863
55101
31550
34313
73311
25898
34983
37507
43085
11936
12093
15191
44491
45216
40709
42260
42621
11737
13872
84250
79474
18620
18677
18839
39010
42107
34935
35558
79145
79191
18742
18886
55986
38351
49214
12488
14487
52009
32623
45756
74055
18930
19434
18664
19480
52296
40661
27042
29162
33739
33782
33882
44049
18418
11561
12181
12496
15895
16137
33729
41719
42327
43267
43467
41949
18097
18526
46032
29697
29728
33368
79245
12807
337
338
15488
18397
18768
18967
20909
22016
22671
22887
22974
24354
37631
39111
40000
40004
40834
56551
59191
62485
84173
68300
72159
47391
28799
33285
28756
29627
30403
31516
32735
37667
14937
14987
18746
51444
1299
12122
15352
18042
18120
26530
17916
18002
44447
44805
38640
32632
32927
11827
12905
74180
79879
13546
41024
60411
60502
18401
25648
58772
30593
34816
30725
33912
17920
17961
18682
18847
38965
11642
12338
15350
54857
83862
18055
44723
50784
16502
1231
12831
17808
19974
84781
35604
39927
26804
30955
44218
78750
78962
17028
18314
18862
48086
53700
30841
34130
34564
33872
11695
12913
13103
39353
41433
41272
42768
1279
52096
17857
18079
18575
45017
47644
44448
29336
29731
30754
80818
18057
23370
25316
18427
24132
25324
25860
32732
33718
50523
73589
11681
12232
57418
55280
55321
44219
44377
40315
21508
77173
77772
77983
79241
39696
43366
82037
15731
11962
16213
28452
30664
34220
55091
83551
84759
85268
18146
19311
40483
35790
40939
41598
43028
34142
11747
12017
17904
18435
22011
23086
18374
23009
29630
37025
38671
39652
39844
40401
41026
50691
65770
11638
12649
12824
85818
80711
81766
18907
37555
11772
12736
15790
62218
46325
34485
83119
339
12163
13000
56037
41955
43344
31022
19718
58133
82059
85091
725
11947
12409
931
932
933
33658
68674
29585
30815
718
13454
15088
34962
40928
42567
44851
18906
19785
40079
72141
72915
73316
77679
14747
47333
45836
60248
15134
82633
85061
49105
31428
41419
11743
11907
60959
34108
18578
77516
45255
14347
39597
42362
42725
77190
32708
83357
12447
13664
48955
33171
33856
78143
42585
66108
22938
12123
15518
15946
83566
59835
61457
66117
48730
49523
42797
1247
12195
18776
18040
71496
31280
61232
61992
12886
16910
43009
53322
23123
23124
47619
72487
39244
39725
40012
61887
340
11980
12844
50998
24329
63860
78088
47340
50741
50936
56929
16342
18649
18579
32742
45263
45912
47536
40769
41595
29699
83035
83561
83629
73177
19611
31179
55437
40248
40389
83029
66530
12297
37265
38782
42443
26240
43701
45448
51075
39805
31067
31281
18755
21730
18870
18890
38792
78391
11995
55908
38821
40861
20520
23795
31770
65358
11522
11721
17390
73945
18067
18559
17819
1428
11701
38795
41104
44245
36944
19410
54105
65321
71593
30902
31009
83522
84540
15893
44360
24600
25073
18657
18827
26435
46390
46974
53964
11653
11656
17553
79861
53111
39564
51074
11815
33827
29720
30718
40701
67613
62756
57468
11474
15626
1258
11971
73910
18093
18103
19528
19651
36967
50505
12256
17672
84401
38000
40753
40876
41055
41761
18881
25244
719
46994
50476
40250
83975
14833
15442
66618
29684
34176
34244
47769
67098
17941
23235
54193
38557
40961
82187
70409
12197
15574
36234
61624
82333
34664
20119
18868
21464
60197
13818
44395
37130
29707
51768
55231
50922
22192
341
12608
39444
41839
42346
18007
47344
27103
29651
30715
37632
41340
51343
1250
1694
12629
12809
85102
84469
29702
12494
40441
50526
44483
50670
18506
27240
33773
34291
18341
26046
35606
39156
42407
42762
726
1690
11859
16237
12687
31347
18928
56963
778
15016
16268
17914
25625
51569
63151
38087
47809
18140
18898
720
11857
12190
66585
60651
18504
25196
40435
41449
72740
727
1691
53153
26991
32647
32738
35295
35365
38816
50373
51112
62185
66237
56446
11367
12265
16025
36721
38887
41135
25199
721
722
15269
17121
43742
34726
56720
44967
11565
11921
15669
37484
40719
41646
42332
29581
29721
1693
11832
12225
84724
40711
39419
41786
43688
48935
51275
53417
32643
33855
80767
80773
70585
66536
52078
40395
1692
12084
18236
18638
46107
48211
82304
18652
39504
11601
16393
16474
16780
45438
46979
49540
81893
18008
18024
22931
11632
12268
12565
15364
17369
28035
29700
33740
33911
28032
29673
44253
47805
16427
72573
79235
39386
42987
84977
19964
11699
15370
47402
47038
41981
29640
31790
11842
11890
84748
85117
18117
18001
18308
18919
19093
43960
46229
11652
15492
16485
18404
53261
72590
18656
18723
73805
78198
1242
53224
47939
50695
47796
12166
12655
12786
17962
41036
59440
21239
25647
68858
26818
31396
32714
32728
32626
22894
342
771
12052
11954
30888
31407
63855
46571
40060
39458
26785
12336
12357
52026
11607
12078
18671
61901
79045
72716
12239
12502
46360
49982
18496
55183
31006
19477
11591
64670
32606
37393
43228
54039
11714
12068
18168
18201
18574
24973
77766
28826
11950
15331
78738
81406
83602
84599
934
14297
38308
38767
40818
44172
18026
21396
56829
33870
34852
50570
728
2000
2001
2018
2019
2056
2057
66105
42726
54941
18009
26053
18668
24445
81072
13565
14795
38907
42860
83083
18522
19208
57936
80443
31298
38142
25090
11967
12588
48580
23119
31402
47123
69004
40808
19087
11731
29332
33842
48819
44501
45382
17848
18299
42576
64328
30760
32724
77435
78536
15834
41004
41724
18231
19953
45763
34375
34290
56361
935
11847
12572
83294
44013
47857
69387
11758
12142
12480
33755
18096
85809
11514
14999
43092
43516
936
1232
33995
34694
18412
19483
17810
25838
15458
38284
41360
79290
30826
32726
29644
34055
40286
11725
79542
66545
44615
40130
40280
41291
28901
65274
937
78678
23414
29694
34252
30825
69189
37536
40257
25735
17657
58740
19113
40045
61497
729
12363
72223
72685
40268
18674
12476
41634
40409
43357
34797
44032
66682
67688
15070
12238
40870
18469
18787
53923
37297
39044
41884
11849
12445
85074
72730
35254
85856
60335
730
83301
35640
41021
18225
18419
18704
19985
67684
27264
29582
34774
56895
18180
38819
1264
11873
12033
12131
12500
43855
29687
30873
35549
42603
18392
18613
65782
12104
12860
39160
41278
41859
43150
29642
30883
34288
44640
47499
17987
18214
18376
18694
48656
27469
40276
11803
12150
12388
73926
40359
34715
52043
17817
13555
62820
67197
48030
48632
18148
18349
77374
46340
61675
15580
42174
62969
40426
42033
44191
71668
32699
34238
1259
11512
12091
14204
11961
38329
55454
64270
19531
85679
81586
39731
41013
30990
33892
82941
12442
39699
40999
18915
83873
21498
21656
27145
40057
11567
13153
22217
83142
44905
47506
84768
11757
56175
39782
40640
1271
12620
72654
46176
17948
18237
45965
12264
83651
51715
59277
12042
12153
12891
18182
37293
83628
11817
18611
46823
54978
67203
43834
72422
28459
31278
39381
41391
43283
43934
18751
12626
13395
11641
11780
18050
18405
39759
40438
18208
18828
19460
82375
84806
83599
17988
24309
42929
65985
63215
63523
37045
38390
41486
55282
18187
40763
30736
29724
84984
11784
45975
51522
64517
40024
21950
29685
34427
1229
37995
41753
60345
66395
84825
41992
40400
41394
48934
25631
19080
81639
12206
15206
15624
72496
77774
45510
49056
55207
33886
38156
18245
18684
29686
30746
47614
51630
40048
40918
80765
85115
32654
34507
34562
54986
12141
47160
48165
30774
25173
83913
84879
39241
37026
18038
24874
41899
43626
64803
77135
27358
12137
17625
11626
68034
37325
63097
32610
57191
55579
20584
71502
12014
12046
12087
12598
31641
60310
35163
40153
29669
32617
32621
732
11617
12405
73557
77784
78385
18052
48770
58449
34939
35398
41943
46358
15268
17556
17815
53737
55846
41502
19670
11965
38288
39229
31307
34277
19353
78326
41102
18423
18841
32601
80735
12592
15512
37842
40469
18683
47255
32652
33931
18621
25703
58316
47043
83113
12006
12187
40947
39449
11674
18555
18113
18900
19112
731
12721
40385
28783
34482
35458
12903
67200
18510
79522
55601
52145
67336
40351
40859
72720
50770
67920
56271
1698
39349
43036
18859
19110
80804
38440
77058
68542
18933
44647
12742
1699
12138
23113
32740
60881
56261
82175
83383
18722
72306
1696
1697
12468
32642
34111
57951
59222
39028
11928
11977
12805
18721
18782
66514
83515
69065
58388
44738
29647
19111
1695
11707
14288
72359
56574
17975
33979
43375
78690
11616
84454
45732
41663
40778
41969
31010
31264
33997
18494
62646
49131
18820
20999
21337
38513
54106
58271
1414
11984
733
938
1038
1039
1234
1700
1701
1702
1703
1704
1705
1706
1707
1708
1709
1710
1711
1712
1713
1714
1715
1716
1717
1718
1719
1964
1965
2028
2029
11389
16073
53064
53193
53774
58242
35045
35493
36005
36696
37924
38970
39865
41578
42341
46851
47398
49919
18149
19003
23071
23109
25488
26868
27623
27752
29015
32243
32934
67582
70194
70457
71150
72230
72317
72958
73482
75445
76238
78210
80809
81054
81238
82552
83319
83444
83552
83554
84055
84211
84312
84523
84556
84562
84563
84704
84720
85772
39411
71645
67179
82020
83664
18830
1407
48649
29342
11511
22883
40342
41628
12816
15949
18882
44497
46046
39433
43065
29730
30081
72201
15222
38560
38625
41127
82147
53595
18853
30954
18029
26677
82625
62360
61185
11966
939
1399
16273
65181
35955
18498
49233
33898
17973
343
39710
41063
48554
49334
51316
78349
78102
344
47068
49090
18177
1426
940
33811
78537
18039
18609
37802
39735
345
1235
20129
25405
57174
38551
18239
12407
48058
82463
84205
19108
26445
47457
28825
31000
70120
35836
40702
61797
81960
84747
85111
44274
11583
12636
18279
77625
32629
16123
54114
17953
18317
25475
18101
18808
346
32614
36813
38620
38247
38465
39605
941
1227
1228
1230
1305
1338
1341
1346
1372
1374
1375
1392
1398
1408
1412
1418
1420
1421
1427
1431
1432
1435
1437
1438
1442
1446
15552
17296
18708
25229
48691
37131
26860
29708
34408
39542
12683
59543
72697
78843
38176
40463
41793
82275
18846
34067
18618
25669
37745
63997
65663
23247
27094
29606
30940
12259
12717
15812
11574
18298
59602
58551
11774
35545
35742
40847
40855
39641
82006
82965
785
12417
29710
42748
44257
45690
12249
12587
40639
29326
17878
11833
65454
55884
48930
18243
22049
73653
12829
27467
34026
46320
38148
18062
81555
81859
83846
53283
18152
19484
40063
41748
79452
13299
29544
31752
41986
17928
62076
45695
12988
23402
74587
80748
84269
40915
18188
18623
18770
11959
29320
31052
73020
11664
12080
40756
42879
39948
43305
74871
734
942
33709
32717
18974
943
928
34077
40699
60142
60851
54124
54132
34332
18006
18607
25757
78026
40507
84474
47599
72093
72952
77087
57472
58249
38019
38489
42252
83170
77859
29677
30748
32525
83146
46582
47558
37624
18413
18783
21224
11781
40857
18089
18591
30874
11836
74133
18738
40379
81852
38307
55007
25659
11502
13909
52923
85919
72695
79588
43178
39553
44806
46453
29188
11625
12230
12254
30719
72420
51650
47477
18223
18172
22269
33878
12344
12490
36306
16161
21621
83825
43876
19511
35148
39036
49828
50089
48540
40397
76122
17893
34616
18532
23557
25634
78712
52877
12530
18725
38558
42182
16302
55116
32655
67152
81844
11974
12198
12202
42645
40802
12554
12851
85442
74820
19804
19916
35334
16094
77397
60474
80808
17903
78824
12258
11613
12733
37036
39373
44838
79696
32638
33877
36659
42901
30968
944
12124
81957
77035
18163
46921
29611
83091
84542
82050
786
15957
38057
29025
80786
43808
49018
66235
18434
72689
29667
42324
12842
19640
18511
19269
22824
13668
28969
35889
21928
29009
33833
38554
39739
40184
17535
12696
18135
25661
38422
39498
41501
38675
39197
39252
12009
12133
18450
25222
18078
18588
43104
13365
62658
12119
42412
43111
40693
78675
33352
65216
62700
45903
62697
80853
83488
29680
12303
83290
71835
41631
39213
17999
17952
18561
55672
50688
27379
32635
51883
69353
49473
12130
12175
12100
12667
18359
80805
81928
11785
40457
40511
42277
18466
38517
39563
40546
12392
30850
66808
59469
11771
39939
17969
12706
59851
29643
36874
39684
80788
55350
30592
32677
39342
18901
63393
26380
11754
52101
18864
31491
14831
26041
34722
33874
55983
40283
39150
41804
26781
29595
33894
11813
48638
24367
75122
79216
62630
11745
12248
12299
34519
47592
15001
42581
53607
77530
34192
18644
1962
1963
2066
2067
39388
28881
31360
12031
56117
38830
36546
32492
56288
37078
12570
29834
33779
32490
18615
18015
29646
64843
66991
67194
83154
50219
40424
31482
46835
40868
42716
11997
15265
62444
54222
35220
68256
15468
29543
34145
22416
45994
34256
66113
77221
42471
39979
13366
19492
37420
66539
29634
30947
43717
84188
84260
60330
18320
36279
38270
43308
347
12144
11879
18763
39089
85862
82974
12105
18332
18610
24451
58562
54061
67190
31075
17923
11620
14792
41767
72866
41269
39442
81981
52845
38402
12114
12222
12512
65464
32733
84370
18059
18061
18487
97
1041
1042
83508
64572
40443
56738
51976
19313
11930
14925
66542
19925
82018
735
17937
18426
67250
45888
18863
11885
58320
36315
78767
49555
43810
18692
11755
12699
17609
83089
50583
12028
31024
18186
18535
18536
18612
18917
19327
23531
54853
78061
18587
84822
15028
47010
39693
40459
348
56218
34035
34799
85575
27858
18849
18297
73110
33902
29616
18336
26734
32636
85160
39288
79331
11665
12089
47292
51516
28904
18410
18627
18640
349
15828
66186
59451
40920
36321
42188
31087
52455
18210
736
17871
65133
39339
42125
59160
47770
40601
53529
54306
945
11810
31247
52890
55842
41934
18544
73902
18207
19476
37213
39305
29706
30839
57917
12308
19356
82066
35661
38250
40514
40531
40550
40555
26872
34358
63565
35818
737
18395
19027
58712
76771
738
12796
40544
40561
11941
12184
24424
32615
11999
12113
12672
12348
16385
17985
40413
33926
946
11649
55870
53559
18260
78848
18263
34417
14743
16219
46130
38738
35547
40519
739
29347
29599
32731
77421
46701
34236
63024
11963
12155
18226
18241
18716
12702
16326
55449
55618
84227
19263
38126
30296
18033
18437
17949
84365
23213
26610
11708
33965
66524
44089
61326
40528
40575
27782
70355
72135
34269
72766
39273
34977
18551
33745
31319
350
12005
14838
17905
23060
26605
11577
12818
38160
39952
18084
18681
78587
72604
38397
39084
41161
82154
26782
32608
42599
44369
12772
18200
79465
19733
351
947
18003
18019
12279
76046
38041
53420
82635
35586
44475
59406
18142
18860
84745
63897
54654
12079
46899
50602
47325
27038
65751
35047
18102
78736
49575
32690
973
11762
16038
69717
68371
42802
39385
80750
85050
15072
29338
45893
51911
52841
55398
51620
12996
30599
80984
81992
28642
62818
38412
11686
18380
18585
64065
84799
29586
82437
12647
59054
18855
18398
18417
33854
31011
19315
72161
77940
36295
82651
78644
79651
11569
740
2085
2086
38059
38577
39629
33777
58175
73272
68802
32653
38650
56217
29624
18121
744
12099
18800
32603
54465
41138
36808
38566
18489
22769
18707
52002
52546
72801
949
11989
65001
18161
11539
950
29026
30517
76370
34716
52092
42806
60793
64256
18893
74104
38667
17974
64799
37438
26787
47734
47094
972
975
12281
34787
81257
80745
47747
46097
46946
58138
37873
72598
22167
39018
34172
32657
53718
85803
61210
61811
45614
12678
16438
18082
33362
32477
83531
38125
48583
30288
77798
52933
18354
12096
29623
67925
84103
61757
45238
11768
11769
11939
12727
47443
17735
18288
39204
55756
34529
18472
83293
12746
29714
77778
25956
34654
65718
23083
18897
51325
40360
42625
24540
62196
745
73906
66647
18049
18654
39536
69363
40455
17970
18937
741
44965
48619
12253
84756
24453
39527
77192
41451
18824
17889
38610
77431
72465
29597
742
743
37604
41754
17867
84216
61976
35375
36531
14722
12670
36300
41742
39246
32616
47595
63099
77510
12095
12766
13452
55774
77861
83300
83625
22809
25882
39331
29612
58831
68574
74683
80702
17980
17995
29671
33551
79543
18370
53733
11531
17865
19086
83631
43662
19654
37674
52522
36006
81819
83258
76841
11740
44760
30294
30999
17986
19695
26350
11413
77863
78650
38545
34558
34783
49397
84948
11654
18672
55363
12003
59728
27184
29655
47965
11541
26757
18047
26094
34155
39264
76363
57925
36293
38958
29006
23059
82975
27043
29004
19487
746
12864
83962
18011
18131
18330
11414
11488
14959
12321
38348
37845
46143
11700
73281
76130
54138
58300
34786
44460
47279
56254
16480
45413
79084
84362
60791
41498
82298
34638
58085
18869
34691
28830
33730
29587
84018
33858
36574
40147
82637
749
37673
46659
62863
42752
18798
39357
36817
18196
47177
59417
59447
40076
76374
46627
47736
50468
747
748
35560
38991
84414
80523
44629
18229
12000
78123
18675
32912
39430
36879
18116
951
2020
2021
2058
2059
18030
85100
35768
27269
18789
38293
39361
38496
18769
18365
19401
84069
41701
18441
21482
12610
29617
62010
61995
11734
18715
18754
44410
26385
67469
37686
12681
12874
750
29723
37178
953
80714
29560
60116
18326
38223
41932
49167
33761
18004
18577
18685
22379
61688
60633
18581
18825
41828
40628
82923
29722
11621
18141
19336
81244
32736
32630
46410
33358
32604
32666
38188
83695
18911
18153
33366
59272
40355
38454
22156
12121
15056
37458
77677
12775
39921
59732
65950
38772
751
752
753
34578
43783
18291
39481
85223
37422
18139
18150
32649
47660
1292
13089
51997
18571
18790
55339
32680
73582
42147
34348
24392
52459
56732
71057
77123
40084
81870
84746
70458
12689
12911
81890
62678
83581
32609
33720
77463
39477
12209
18602
77488
76959
22328
36466
37545
43242
81961
83922
16558
32718
38789
33778
41890
22910
37841
40251
21213
954
17847
49304
81853
32488
38380
955
12125
12658
12738
25660
53447
31821
32602
64407
39080
40530
33364
11854
55434
18529
21148
25395
23308
21639
11895
40423
45283
34078
12419
38917
61927
37918
84480
18793
23013
25192
19074
83270
29701
31116
73927
73930
36542
51082
51748
59335
14658
17736
43617
48454
19516
65241
18319
30885
75168
80486
38007
43063
18478
18490
77266
32605
31007
45852
51066
81139
38514
19615
18137
22895
81975
28824
35129
12474
21299
43281
14319
18309
41011
38311
17940
18016
53851
22031
45642
75592
32102
32112
12561
12849
31848
25878
42890
41783
84421
40770
33876
352
11712
11726
78978
17888
17996
41749
29590
29626
33916
83316
18916
34342
32698
77520
29625
19433
18673
55061
40697
60295
62117
65682
64559
64599
49289
12617
39199
29732
48245
956
18165
18903
38149
38181
35856
38203
15925
948
29674
38655
83182
12101
11820
60975
11892
25684
81236
56257
11579
11744
42743
11697
12320
957
12147
38997
39620
39055
82697
38707
40376
33721
56249
31822
38183
17960
11874
14620
84077
79435
83216
59509
18651
28819
65141
15118
33785
53714
59515
28864
1043
1044
1966
1967
2030
2031
2068
2069
63635
65306
41515
38969
61043
47604
46950
18710
12241
82146
17874
18440
40797
959
353
960
53783
43179
11733
32676
12189
40843
18702
33547
38686
56387
52976
37855
73924
41431
18132
354
19419
17983
24860
33865
85961
11822
53825
22286
70201
40157
18778
77309
29619
47243
42570
82019
67936
83257
78620
18643
12313
67892
41017
35944
25069
24428
47707
48785
80822
59512
98
99
11668
47365
31897
31938
33808
64565
19630
18871
23076
24969
46561
32715
12332
69761
62772
19081
34019
79583
12814
46471
12792
18803
19817
11408
70198
79827
29719
19707
63757
18929
12039
78346
18728
12243
11547
77895
83667
46558
82085
72357
11500
18111
46689
29327
12107
1267
32656
59464
38173
38637
46720
77764
85129
53592
12685
18816
85807
12744
63888
18595
18806
47607
38389
40070
66273
41069
41878
38416
62493
46253
18669
30843
46686
18809
55479
55526
32634
37971
32628
24978
35177
32665
32624
45622
76110
33374
46903
21861
27822
38182
21694
66032
961
11753
45298
18749
29664
83237
962
11705
48098
18771
29681
72103
45502
11687
85996
52494
32671
84236
19186
1248
32741
39996
42589
32619
33917
40267
42598
19204
31801
38923
18608
39001
11884
29676
43606
53898
64354
35675
72680
39107
11527
64392
63704
83955
39407
39994
19335
29660
83026
83954
72355
12168
83953
81900
65370
65377
32622
32637
31818
33923
55781
57746
1268
12758
24854
42856
11670
52537
18729
18888
25811
79446
18479
32663
78186
12640
963
12106
18879
40767
68498
32651
11872
39836
39610
355
74063
18878
57305
19099
83240
26899
32662
12205
18837
79478
37141
32705
26793
12154
12261
41918
43335
29695
84966
38700
84051
83165
40419
40436
18759
19279
32661
56054
29693
55129
18444
83601
36802
40470
40668
26842
33370
73603
72645
36231
18334
32678
19917
18048
56733
47887
11576
38201
18451
32691
15362
11628
33909
29637
11412
17977
19396
82048
40813
83952
83956
29574
55053
11910
70884
964
85864
76377
39168
33900
18360
29602
12383
83022
52879
12436
39492
31123
67228
44874
81826
68135
68138
60438
27844
32700
37049
965
19417
19428
26984
44743
18750
23008
83612
18171
64618
25674
85920
19601
25766
48989
25264
38457
33880
18126
1308
49281
11906
85962
37413
39857
83143
84751
32645
83655
26152
46621
11644
966
83973
40066
33813
19144
19542
17873
45885
356
1286
19276
1316
35035
21666
79304
72650
36518
29618
62594
53375
49720
18343
12394
32667
36226
63074
11899
1315
74027
967
968
16132
43399
61427
18414
34748
55328
32641
12812
12692
67900
29631
79708
58892
69776
18887
54209
37599
17997
25979
974
977
18712
40357
19237
47678
80683
40178
19830
39415
51297
18645
30669
85771
19606
34674
29683
46746
61832
32737
30067
34572
11919
39299
47089
36223
38631
38067
21247
18065
58611
78208
77189
59157
34790
72408
38215
1296
35504
40366
19604
40582
40586
64527
70053
34494
34854
59501
70050
29554
32379
32383
32385
32387
32390
32392
32394
32396
32399
32401
32415
32417
32419
32421
32424
32428
32430
32432
32435
32437
32439
32441
32443
32445
41362
19408
79212
39969
84175
17739
34700
27609
19107
11761
11624
49524
39651
30773
33829
59487
11667
35556
18695
45472
19281
19612
969
970
971
989
18428
11520
11926
29652
33354
32679
1295
12595
19609
29717
33378
32723
49012
12053
12790
38712
12752
75425
51226
60257
25236
18474
19982
30286
52479
35783
85060
12231
38317
22144
18845
63767
39041
41206
27486
12040
29567
34044
37279
51636
39255
37242
25396
32689
42561
80731
83279
29600
61847
37014
53274
35264
40810
36801
19599
58154
25511
18797
53430
83575
77204
1246
39131
22881
18905
2087
2088
36217
22880
29548
84753
29727
31042
73381
45469
45594
990
11543
12102
32999
63725
18202
33676
85963
61512
25221
46578
30225
1289
79368
11423
35232
22194
75561
45310
33050
35528
32005
32007
32009
32011
32019
32022
32025
32028
32075
32077
32079
32081
32141
32143
32145
32147
32192
32194
32198
32202
32204
32208
32360
32362
32364
32366
32368
32370
32372
32374
81909
1252
357
952
13883
28836
83222
60263
64097
52600
24880
50091
60626
1245
32670
19596
85810
22788
18617
38428
44019
59798
72853
11572
84944
18599
82972
46868
41374
1249
34821
33685
1243
1238
29666
33845
64857
64861
53671
59506
40932
49276
46782
1253
40617
84504
18833
22958
80763
34820
50559
59710
47086
40210
1254
1241
50013
35648
38363
31968
31970
31972
31974
31976
31994
31996
31998
32047
32053
32065
32067
32083
32086
32090
32092
32100
32114
32118
32121
32123
32125
32127
32129
32149
32151
32158
32160
32178
32180
32183
32186
32237
32239
32241
32244
32246
32249
32251
32253
32255
32257
32259
32262
32264
32298
32304
32306
32308
32310
32313
32323
32325
32328
32332
32334
32354
80841
61919
26282
12108
31890
44949
24877
18697
34223
1239
12652
64475
38227
45114
27560
18468
35813
34212
29678
40339
24459
48983
29729
59006
80936
32682
12708
25834
81884
38241
39128
69708
33884
72622
1436
754
49378
1240
83989
29576
33994
35791
48974
47228
31885
31887
26405
35123
17659
45508
82021
976
29654
32734
72772
47680
22991
29588
33237
83454
83949
84095
84104
84566
84783
35339
35717
42867
61289
63135
18518
23000
23055
2034
2035
11352
11398
1430
29558
29635
85805
83979
32722
1429
84021
18796
358
12342
38112
1416
11698
72600
40607
20287
25078
1257
77039
33787
41658
29645
755
62472
991
18192
18785
12780
62845
51352
11823
61236
18036
18540
38579
32612
1255
2060
2061
29657
44513
1434
61453
56898
57496
35891
1433
1244
38146
29551
46719
41458
359
18834
11679
32627
56064
1378
1400
18829
1339
59531
32031
32034
1352
1358
19574
1233
1411
39130
31893
31895
31899
31903
31906
31909
31911
31913
31916
31919
31921
31924
31926
31928
31930
31932
31934
31936
31941
31988
31990
31992
32001
32003
32013
32015
32017
32061
32063
32070
32073
32133
32135
32137
32139
32196
32201
32206
32210
32294
32296
32300
32302
1330
1333
1335
1336
1337
1345
1357
1362
1370
1373
1385
1386
1404
1415
1417
1419
1439
1440
1443
1444
1447
1448
1449
1528
13597
59178
756
757
758
17565
11557
19391
11938
12073
68113
57855
11456
31943
12353
18699
81958
36555
25061
65708
19283
12008
59503
80701
29589
85852
56273
38939
38080
39332
73923
19097
39186
38082
38508
22210
38753
83068
19259
61853
72531
83472
84730
29638
84176
22384
39817
50655
18788
958
47057
39815
11387
19989
61857
51972
48906
47459
36513
38702
38239
81979
47180
992
34905
67889
39012
29550
33719
60442
46953
12837
73598
12822
83988
24850
17968
40671
11858
979
993
42383
994
32694
38088
46975
79721
38320
29620
82997
13319
33807
46615
35868
81255
44652
360
82917
26778
995
43489
52955
68132
34791
82626
27832
39158
41843
39694
84410
81260
38743
18650
13316
17838
78518
361
17931
72409
38409
38783
39022
81839
84086
28786
18296
29661
38132
996
77202
41247
55113
42002
80686
68133
29603
28831
28832
38117
83848
39673
28792
23131
1968
1969
2032
2033
2070
2071
18894
67187
30997
34597
19522
19109
22804
32719
34125
19514
18482
19585
55028
997
53629
67829
44794
72684
29235
56719
18088
11619
52644
29578
28979
69359
362
46914
22890
26404
33764
30827
12770
47039
72172
38252
34794
18005
84016
52867
81996
22054
38717
39966
48920
39226
38340
38451
67182
83917
81851
1045
61535
17976
84576
40110
12390
83024
77500
39689
29613
32687
18840
82714
46690
44801
28754
53486
22874
45750
759
24852
18189
18012
18108
47694
49050
57239
41995
32964
83925
12833
72353
74302
32685
76915
59455
18098
32721
29596
29628
760
761
762
763
74757
49111
26598
19450
35476
38264
58744
38953
26499
83709
22884
29629
988
70021
79959
47409
17958
29555
39503
56780
43744
19296
81879
73575
17972
34603
12778
23064
69427
81934
73940
67896
56245
40091
48327
34767
363
41977
77198
25053
38659
41468
41471
41500
41508
41537
41541
41547
41550
41554
41559
41573
41577
41584
41587
41590
41593
41599
41603
41611
41617
41620
41623
41632
38089
17966
82735
41166
29594
54995
29650
45342
18443
33852
77382
38520
81848
41504
12044
33817
35484
83243
998
37003
34704
50463
51803
81250
29547
11913
52484
38285
38246
38433
35480
22879
67174
35495
36214
39232
32713
29641
22786
55361
43920
12895
37403
29735
50359
85376
73278
35489
24272
42996
2089
2090
46893
30245
42303
51675
42251
84092
84567
66967
49078
39081
52405
18636
40921
40554
84484
52948
33670
33792
37950
40790
999
19375
25808
364
32709
1001
764
72455
41185
41188
41355
41437
41440
41464
38377
1002
83200
41359
26607
18077
38839
83362
1003
35473
1004
38403
18302
18568
61372
37961
32720
83889
36816
39469
21788
38574
73744
29621
60863
29658
36026
28555
41169
41172
41191
41342
41383
41453
41457
41476
41480
41485
41495
41512
41516
41527
61404
40618
38018
71802
26045
72762
35468
32485
18794
25739
65652
37868
29604
73936
38212
38733
38499
33696
19499
56241
31843
61826
83617
772
41210
41246
51598
29601
61368
28763
82035
74050
1441
36358
18573
33201
50471
18018
35910
83198
38976
779
83892
13401
86002
21037
32693
41407
18780
49388
1005
69491
29553
1006
37713
23134
80312
39049
35660
83183
51671
26658
28880
86012
83136
36515
11418
18714
77108
788
83033
39098
42127
22787
36968
38848
34093
27357
41333
82032
19076
38214
41200
41203
41213
41216
41219
41224
41229
41232
41236
41240
41243
41249
41252
41255
41258
41261
41266
41270
41274
41277
41280
41283
41286
41289
41294
41297
41300
41303
41306
41309
41312
41315
41318
41321
41324
41330
41336
41339
41446
365
33752
19337
72294
38405
38540
84568
41380
40660
84526
22485
1007
33638
978
34258
75562
18129
84264
32688
32482
787
44247
59730
34267
38135
40911
86026
32706
74001
38266
25662
1008
23001
49054
32716
69358
73027
18357
37050
29609
38110
82628
84842
18709
50937
32479
11549
18626
81882
56237
47658
30072
23077
36773
38255
18758
45841
38814
11903
18744
84722
767
768
769
770
77026
15633
84283
23017
53031
12152
12318
46961
29381
79333
57441
29592
66892
37803
74730
36215
61771
11496
18639
23757
40391
29190
12880
72524
81867
35540
18706
73631
22939
38193
39838
29679
54962
72473
83713
42804
46087
46731
23482
773
774
775
776
777
54036
18658
19101
21460
1009
29569
84744
38231
780
781
783
784
32692
790
791
792
793
794
795
796
797
366
19075
38996
52503
18292
83678
38799
37797
38238
34270
41534
71013
38503
41908
78363
85370
83228
19240
29584
36510
37224
85829
65
78
19253
12120
85823
34813
29736
40301
52337
36706
36635
36638
84489
25432
40543
35708
36333
37926
38165
38211
38660
34361
35992
38384
38493
40576
83663
84429
35022
35466
35788
35832
35942
36193
38572
39912
39987
41327
34374
34378
34475
34667
21099
23100
2036
2037
2075
2076
70486
34967
35058
35325
35416
35474
35612
35615
35636
35779
35785
35867
35888
35893
36033
36134
36294
36374
36471
36554
36677
36760
36990
37235
37263
37387
37571
37621
37784
37967
38095
38338
38501
39406
40065
40365
40551
81246
34153
34364
34401
34516
34677
34687
34789
34804
34847
84378
29239
61576
1010
1011
1013
23754
51753
11597
28579
63464
1014
80719
84217
50067
12559
39743
29792
32702
1015
33702
40740
1016
24215
38420
85966
25637
28582
84719
81849
28790
39065
29734
82056
82582
42519
32475
18505
75639
85995
55003
1017
18688
24426
367
85877
46198
46728
22986
18512
28987
45776
38258
39754
51244
39765
64495
25067
368
54784
72180
39748
79071
39988
11411
12846
81678
45627
38137
67170
29557
48534
84201
73566
39758
1018
32620
83442
1019
68106
34792
52833
21898
799
39556
84558
38698
75747
72820
22810
29583
38394
38206
70476
83164
39427
32704
32696
29632
39737
18629
64577
41600
68765
18747
37949
369
19102
85871
38268
76088
38563
11410
85472
25786
800
85854
39733
47122
28109
67932
41666
19077
11409
1020
39459
40501
52044
72491
19100
42505
41705
20767
67026
29572
54990
85448
49102
32426
29675
25056
1971
1972
2073
2074
81263
39222
28445
802
29549
19465
81183
370
29605
23903
46095
58427
38128
19320
19418
46475
38589
85816
81905
38162
1021
86011
1022
22482
1023
84528
43720
13933
981
19001
87
92
1025
34362
49580
39905
70993
85936
20879
19368
22949
46429
59059
38613
85982
46484
1026
371
83375
41602
19314
43659
37909
1445
41792
39507
1049
39060
1027
72284
78054
11893
19330
84057
37839
40690
29565
19656
32376
38606
83672
32710
29164
38838
32131
34592
11406
81831
83123
42719
85916
85918
22629
82624
83587
11489
58324
67760
19004
40904
83104
38593
75858
75856
76077
19243
35149
39804
2091
2092
38178
25678
83130
86035
32712
38170
59497
82981
61911
47560
83593
25616
72494
32472
19569
83589
30515
72341
38236
1000
83588
80760
84315
1280
1282
18523
19118
1028
74340
1273
59492
1276
83591
86021
1277
19303
83605
21461
33644
81872
19688
372
51315
24299
85965
39749
72433
38234
20005
19246
1303
16454
83586
1297
1029
21911
37919
12836
82632
38106
85867
83584
64556
1265
48257
86038
19133
52047
803
1269
19137
23072
373
1285
1256
1294
1274
26941
1288
980
1293
85821
72351
1278
45094
1236
1281
1050
46090
86003
1261
1237
1272
1266
1270
1262
1260
57368
1275
1397
1401
1403
1410
1413
1422
1529
2128
2129
36764
38345
49059
85987
72319
38900
39006
36795
23991
35850
60630
68128
84179
86024
28973
67371
51185
11455
93
19500
26338
65881
79880
24142
59482
45913
86013
43195
38366
25905
80706
49026
38947
71127
83976
33541
22597
68124
85964
374
1030
23095
39336
57821
58015
29147
14417
42781
85985
19302
35676
33495
84706
35784
41990
46938
38026
82866
38275
81265
85970
68118
41356
60859
17
25945
86036
22921
38065
66334
19595
47439
35689
19594
33681
85967
31266
24460
16045
38724
19245
35682
84278
2038
2039
2077
2078
70539
72411
49610
84743
35679
84785
11405
1012
86025
26370
23836
35685
38332
29153
17402
85815
95
32668
38759
37068
22563
35673
19340
81842
84758
82075
27605
19056
22962
35669
72427
38103
40472
84261
18481
19132
22877
83471
81922
46480
11711
80854
37980
74080
83545
11453
24983
84
19009
67658
28339
53597
81247
85934
375
983
1024
67424
19680
46083
66793
81249
19503
21675
22876
23205
38003
39100
72837
66138
68108
35781
85853
376
34752
67116
55024
37061
75553
80716
1450
81248
73859
2095
2096
11360
38630
32648
72749
38337
65011
41097
41233
11395
82622
73571
22995
48910
19117
85813
16648
22875
377
72179
982
88
1031
72371
84035
29241
37968
43599
19287
378
11400
30131
39826
81242
21806
59478
379
11397
38475
52977
11396
59422
41375
57567
46624
11399
37051
1032
85865
804
24960
83733
81929
61769
84339
381
26895
70424
83002
41071
11394
67938
1051
86000
72614
80298
83440
11393
33723
84174
81830
382
84809
38931
985
22899
36814
33531
28876
38924
86014
22873
41907
83382
85149
19350
984
11372
23216
19248
39315
31267
22775
28560
86020
987
2093
2094
26226
83445
19859
37217
81977
38150
62275
64188
65129
23108
11424
23107
84170
66696
19400
38355
37074
83480
81983
19878
81835
66291
84550
85969
81972
68100
19868
74069
19863
86009
28868
28828
19873
28844
38262
23127
81982
19301
38371
37916
84750
28380
61969
64190
83859
19261
19367
85902
66719
83712
81970
52999
28789
26733
39152
74963
43905
25767
83607
40666
19855
49261
40229
73980
19851
47507
81866
15644
84320
28874
1
85449
36281
71945
85955
85956
85958
85959
85960
49220
35502
74391
35906
805
81810
60118
85841
61623
26432
11355
41171
986
28752
31358
85851
19306
61065
63267
83358
74946
86027
46798
81846
39924
72534
19242
25115
806
39894
38492
22872
85845
38100
65579
80398
84210
28974
39465
85842
86017
84846
28910
83174
73975
84013
85849
38186
72457
44834
19135
22814
53498
36924
82634
24856
72424
38586
52852
38210
2040
2041
2079
2080
85840
24455
23243
84101
28858
20
384
72868
85839
54836
30624
72325
64459
19277
29001
21124
385
19044
72568
27288
18792
41966
386
19255
34923
28821
96
39203
24855
33639
28905
18480
72485
387
1473
11353
46729
81862
81899
84177
13577
37418
388
83320
38008
85975
28569
81964
31587
33556
1033
38327
29237
1034
83533
49650
19280
22823
77216
389
28750
40816
40916
33697
34583
68676
64661
94
38470
23241
24389
29240
64467
63007
85804
11420
2097
2098
63087
86043
81172
1035
23884
62816
38013
59913
390
19355
67000
391
67601
72391
84151
38272
84008
49036
84316
392
19141
24407
38400
32316
23078
82695
38303
1053
83985
393
19455
394
21794
22332
24979
34987
69349
1453
81892
24277
1452
1451
28911
22818
19149
19184
23431
25064
38085
1307
1324
83677
19260
1462
1463
85989
28024
1319
1461
1290
1460
1464
40158
14961
1456
1458
807
1459
1455
1457
1298
1306
65341
86023
1301
1304
73947
72337
1283
1302
1314
1465
1471
1466
1320
1467
1291
1475
1470
1472
1483
1300
1310
1313
1312
1474
1481
1492
1423
1484
1485
1499
1502
1521
1530
2130
2131
37473
17413
84212
62990
62770
60730
19316
80715
85945
85946
85947
85948
85949
85950
85951
85952
85953
85954
85957
85968
85979
85990
85991
85992
85993
85994
61708
83481
57804
38159
25629
85922
45464
76369
85860
72330
38249
86022
73965
85971
11376
395
11362
18973
66813
808
13531
19134
56964
29598
19325
4
38462
81243
24405
809
37366
24751
38198
44203
76308
35395
72514
60523
27141
85997
22838
22973
47321
38062
26396
22472
1054
66281
37203
23088
53892
42865
59146
26125
81858
58243
59723
81850
52866
35494
28997
84709
86015
1454
1055
37112
23081
57085
86029
396
81806
38048
80710
28787
38484
84019
25623
27385
81821
79997
29201
6
810
85868
23004
55620
43336
66325
83484
83483
83847
64782
2104
2105
47232
11422
23135
2081
2082
22942
57995
64793
28984
28764
19282
25632
39400
83965
73987
37994
398
28762
27640
53901
22557
1036
41123
20937
37945
85802
83399
24849
37986
83443
28888
38447
81822
64490
400
24341
811
68944
83950
83381
84654
54219
19268
19123
85913
38634
82629
47161
83966
33426
38279
11351
22491
27343
27627
2099
2101
42095
85998
84181
74982
74009
75880
401
53000
19365
42
402
59615
84311
18590
38167
38530
37489
72406
11429
35457
11383
33042
81845
83986
72836
35601
81834
83530
24376
85903
404
70044
83356
24977
40428
405
83167
77587
60036
41228
38016
29178
49027
28958
37964
86005
406
84579
14717
34463
81380
84565
25527
84213
37977
22705
38038
15
72470
85986
38124
85973
18877
38220
81894
43
53
38055
29180
25066
25065
38032
25555
19130
86034
33907
84247
28848
48155
47524
28461
33338
37998
34815
86004
86033
84099
81863
22976
23118
52316
46419
19052
1468
2106
2107
70979
59742
22333
81865
1469
23393
13312
25060
74162
73581
85873
20958
47
51
64
66
75
83
89
74618
28816
72443
26295
27332
85972
66953
21737
22382
22065
1323
408
1321
65005
1476
1322
1332
43349
1317
1318
1331
72403
1480
1311
1334
1327
1328
1329
22987
53902
67387
11428
22871
85988
73999
83476
1068
23012
22658
62590
28027
65308
47191
45264
2102
2103
409
11404
86040
24857
410
18822
19206
42796
66387
54119
41434
55133
35132
21851
28990
86039
21100
32808
48
57
58
59
60
63
69
70
71
72
73
79
81
82
85
90
34383
29174
61365
19176
80704
83498
23016
74110
31963
54218
50821
81253
81817
83360
37903
72430
85974
62592
81811
85977
32646
85976
85978
61513
24351
85980
84255
81812
85981
1037
84277
36691
84554
46711
27753
62949
23259
62694
86008
35817
72570
24401
28573
38096
64327
19058
82967
81383
28981
86042
66331
83497
66154
49704
80931
31957
41574
53172
84573
84561
28761
13830
72398
28891
24847
2108
2109
71954
814
82440
415
16052
1478
815
1080
13
9
22834
33068
416
68097
75876
46274
84093
60304
24203
33641
11
28879
29002
18258
81837
37368
53301
83921
417
81829
75873
38
39
49
50
52
56
61
62
67
68
74
77
83487
1479
52960
46554
39292
26637
53068
27764
85999
84256
25055
43353
84313
25600
38141
76
41973
66030
37957
28991
49145
51158
84787
28908
29028
76647
55370
56942
27041
29849
73934
50580
22943
81814
36724
37581
62312
422
423
424
16493
84780
73955
82772
56529
54352
19061
53614
1477
27816
68159
21554
18073
34853
19043
427
11377
48085
428
429
7
430
36037
47427
34381
83553
84252
22897
434
81827
1109
14182
24962
73974
435
8
86
44
65650
437
2
438
439
28903
14
54
85909
28672
440
25626
42525
37938
